date,tsmom_multihorizon
2021-01-01,0.0
2021-01-03,0.0
2021-01-04,0.0039908387223554186
2021-01-05,0.035662836274709814
2021-01-06,0.1506024098780021
2021-01-07,0.056820520317924623
2021-01-08,0.012138656168561362
2021-01-10,-0.011337637073399133
2021-01-11,0.003229413074320177
2021-01-12,0.010674781983975982
2021-01-13,-0.024128983772217696
2021-01-14,0.03688242676976333
2021-01-15,-0.05773491737687561
2021-01-17,0.009207555181464835
2021-01-18,0.0036062898182473643
2021-01-19,0.028493896029141114
2021-01-20,0.005553701772053539
2021-01-21,0.040737973146553925
2021-01-22,-0.032790234349455646
2021-01-24,0.014051569067186463
2021-01-25,-0.035627329104789135
2021-01-26,0.02287571107303963
2021-01-27,-0.07406343293614039
2021-01-28,0.04355741655083293
2021-01-29,-0.041496462181041915
2021-01-31,-0.007203917417895076
2021-02-01,0.02608407664497011
2021-02-02,0.058518396731790316
2021-02-03,0.014751811136625137
2021-02-04,0.026574986926491045
2021-02-05,0.07409781989606895
2021-02-07,0.0095613036926602
2021-02-08,-0.008887387102319268
2021-02-09,0.003985746858019898
2021-02-10,-0.01725428697121868
2021-02-11,0.039685860291433034
2021-02-12,0.08273149980119263
2021-02-14,0.03203895651501454
2021-02-15,0.021372147346893494
2021-02-16,0.08442547788807367
2021-02-17,-0.026427879586826096
2021-02-18,0.00033849998996524685
2021-02-19,0.024762322150659568
2021-02-21,0.030184248986259734
2021-02-22,-0.022787320925910903
2021-02-23,0.013309267802741262
2021-02-24,0.08346793998049533
2021-02-25,0.0940903215328511
2021-02-26,-0.10543900833655163
2021-02-28,0.06034011539358206
2021-03-01,0.009983177456681359
2021-03-02,-0.029008026141050122
2021-03-03,0.06312243902374529
2021-03-04,0.08742346165687082
2021-03-05,0.06463029083353487
2021-03-07,0.024239654717387985
2021-03-08,0.015148876311674463
2021-03-09,-0.07540240201704186
2021-03-10,0.02429078539068676
2021-03-11,0.06581391427124031
2021-03-12,0.03220991308873789
2021-03-14,0.004973470816764688
2021-03-15,-0.022880429443394593
2021-03-16,-0.026799055990719155
2021-03-17,0.02623148438623954
2021-03-18,-0.020778859032523626
2021-03-19,0.007858537341552023
2021-03-21,-0.021608172062940762
2021-03-22,-0.011339971965753586
2021-03-23,-0.06749753093498419
2021-03-24,0.056249225396278836
2021-03-25,0.031058637964255828
2021-03-26,0.07631248076509925
2021-03-28,-0.0003972071601994441
2021-03-29,0.04528950487691675
2021-03-30,0.003624605661431104
2021-03-31,0.04486845231291142
2021-04-01,-0.06870444232125235
2021-04-02,0.059038215633425546
2021-04-04,-0.005314834822505306
2021-04-05,-0.01940317080624863
2021-04-06,-0.07325477554738966
2021-04-07,0.0021756171586463664
2021-04-08,-0.05171103527170671
2021-04-09,0.03164984761838899
2021-04-11,0.0067947378831818145
2021-04-12,0.010879152256228389
2021-04-13,-0.047343106548729565
2021-04-14,0.014802774148737128
2021-04-15,-0.02509915342035395
2021-04-16,0.026464109138482312
2021-04-18,-0.008289545604847771
2021-04-19,-0.01922100515359916
2021-04-20,-0.05641612537757416
2021-04-21,0.00758079987067844
2021-04-22,-0.02600553963168511
2021-04-23,0.0059609586107775975
2021-04-25,0.003845800253948412
2021-04-26,0.022681933526619538
2021-04-27,0.03929321027114016
2021-04-28,0.0007643918420268962
2021-04-29,0.03342600976951237
2021-04-30,-0.005062550392432769
2021-05-02,0.010970212968038117
2021-05-03,-0.04090296675449197
2021-05-04,0.0011115508797338233
2021-05-05,-0.023297973695471534
2021-05-06,-0.011160744587941526
2021-05-07,-0.002862548771749858
2021-05-09,0.010626623394062158
2021-05-10,-0.002696101295464626
2021-05-11,-0.01166620067206733
2021-05-12,0.013376106088275434
2021-05-13,-0.0168749838572034
2021-05-14,0.04643268241343447
2021-05-16,0.0029241458325336856
2021-05-17,0.020025372855808656
2021-05-18,-0.0568124098061845
2021-05-19,-0.006450265476416724
2021-05-20,-0.058570795273677
2021-05-21,0.027677390893653613
2021-05-23,-0.008177948789298155
2021-05-24,0.024492476586105382
2021-05-25,-0.03612748661511828
2021-05-26,0.01437463734147863
2021-05-27,0.08184281113771427
2021-05-28,-0.015803148555730343
2021-05-30,0.05105153173824124
2021-05-31,-0.008656956804226765
2021-06-01,-0.009863861303779272
2021-06-02,0.012407682984977856
2021-06-03,0.023539896640850835
2021-06-04,-0.0484951067194215
2021-06-06,0.01312859060119447
2021-06-07,-0.009759027128079283
2021-06-08,-0.012131438471247601
2021-06-09,-0.03636215229224201
2021-06-10,0.006365308037613287
2021-06-11,0.0018261619629718513
2021-06-13,0.007317459679605015
2021-06-14,0.018414640494820157
2021-06-15,0.01085294483726738
2021-06-16,0.011810400201905767
2021-06-17,-0.04123213556417506
2021-06-18,-0.039756534605709416
2021-06-20,-0.019106590177955296
2021-06-21,0.0132906034509966
2021-06-22,0.011431105529590448
2021-06-23,0.016883030658808397
2021-06-24,0.014331254535142968
2021-06-25,-0.002250077757818332
2021-06-27,0.01051567829810406
2021-06-28,-0.004507944342776799
2021-06-29,0.03187098049217746
2021-06-30,0.02341933998850096
2021-07-01,0.04768603392735277
2021-07-02,-0.005966548638520879
2021-07-04,0.004340121571792308
2021-07-05,0.010328337518500255
2021-07-06,-0.007273934740058191
2021-07-07,0.0028540798951305854
2021-07-08,-0.06156327382850708
2021-07-09,0.019116450506990297
2021-07-11,0.00338486446962737
2021-07-12,0.004598938520564014
2021-07-13,0.03555976293133369
2021-07-14,-0.04926556589227678
2021-07-15,-0.01728986762423878
2021-07-16,0.00241719896219293
2021-07-18,0.0006601387267174382
2021-07-19,-0.03457068194242664
2021-07-20,0.06479768971012632
2021-07-21,0.004502027684668632
2021-07-22,0.039843871188514346
2021-07-23,0.027408584706891382
2021-07-25,0.0036053383479827433
2021-07-26,-0.02513450595944919
2021-07-27,-0.025638449995869006
2021-07-28,-0.0007984896528608603
2021-07-29,-0.0717403119074086
2021-07-30,0.058142824636908626
2021-08-01,-0.0033590450886727664
2021-08-02,0.016276477267096984
2021-08-03,-0.00034480414580002157
2021-08-04,-0.001650989235870759
2021-08-05,-0.001985176296982267
2021-08-06,-0.003476861068880066
2021-08-08,0.004137391188490856
2021-08-09,0.0035009891844429717
2021-08-10,0.0027875863088317903
2021-08-11,-0.01386689672526354
2021-08-12,0.012502554068494508
2021-08-13,-0.016816472310295632
2021-08-15,-0.003903442774623534
2021-08-16,0.013998357769268248
2021-08-17,0.015218317402146863
2021-08-18,-0.030213440469438635
2021-08-19,0.060709664721656606
2021-08-20,0.03696674843589776
2021-08-22,0.000491110059555288
2021-08-23,-0.030896161053916363
2021-08-24,-0.030814355875278907
2021-08-25,-0.03622683602880452
2021-08-26,0.011880416294112267
2021-08-27,-0.0013675611573649906
2021-08-29,0.0051534103953578825
2021-08-30,0.04382092983555179
2021-08-31,-0.03432853220806655
2021-09-01,-0.0414375583267112
2021-09-02,-0.034079122412297255
2021-09-03,-0.02840766623298823
2021-09-05,-0.006136447630746719
2021-09-06,0.020836297736430687
2021-09-07,0.0004983851812763421
2021-09-08,-0.00015902203694690694
2021-09-09,-0.017561692518159748
2021-09-10,-0.04358226942192779
2021-09-12,0.011918285542155219
2021-09-13,0.009419109805858576
2021-09-14,0.008749895003419916
2021-09-15,0.01561262550558577
2021-09-16,0.010200929608231483
2021-09-17,0.02943321091253715
2021-09-19,-0.0590135202932612
2021-09-20,-0.04500834807319419
2021-09-21,-0.02597635283678066
2021-09-22,0.1096524024159619
2021-09-23,-0.038452107774564745
2021-09-24,0.012141006872121005
2021-09-26,0.0026269038420393786
2021-09-27,-0.02452192634109133
2021-09-28,-0.05546758908938683
2021-09-29,0.09727186137350319
2021-09-30,-0.018519585361770653
2021-10-01,-0.0003092842807444836
2021-10-03,-0.012955781777477117
2021-10-04,0.019757439172807922
2021-10-05,-0.030307296923963733
2021-10-06,0.01615226806300066
2021-10-07,-0.03320596320626858
2021-10-08,-0.011419163150958853
2021-10-10,0.006637459387562886
2021-10-11,0.028003052607715937
2021-10-12,0.04397073034663526
2021-10-13,-0.02664159959306245
2021-10-14,-0.0087233814111364
2021-10-15,-0.007377235534361268
2021-10-17,0.01030907073774131
2021-10-18,-0.03065138505369183
2021-10-19,-0.06155237166794603
2021-10-20,-0.0031782616363701176
2021-10-21,0.0019453307496277252
2021-10-22,0.06714874066371854
2021-10-24,0.0029395604395262907
2021-10-25,-0.002085036656305915
2021-10-26,0.02596046975901216
2021-10-27,-0.01152902745248123
2021-10-28,-0.032405560637793464
2021-10-29,0.0754607104732183
2021-10-31,-0.00217422543627076
2021-11-01,-0.0001498843838968417
2021-11-02,-0.011523887037270756
2021-11-03,-0.05399826160257711
2021-11-04,0.04448579035130425
2021-11-05,0.03958807203352852
2021-11-07,-0.003384600265777594
2021-11-08,0.031241739889142046
2021-11-09,0.025835264811788536
2021-11-10,0.063363763343254
2021-11-11,0.04766406209649501
2021-11-12,-0.01208256821450527
2021-11-14,0.004727529002504112
2021-11-15,-0.027174370962907944
2021-11-16,0.07472098790303106
2021-11-17,-0.045416311687611385
2021-11-18,-0.011238504521275923
2021-11-19,0.03444764979122031
2021-11-21,0.006562613905755641
2021-11-22,-0.02649300832539981
2021-11-23,-0.03873568951365892
2021-11-24,0.06885004695127646
2021-11-25,0.00038014407594029985
2021-11-26,-0.16006316027112816
2021-11-28,-0.043375736566168756
2021-11-29,0.016747574884541396
2021-11-30,0.03946635619316017
2021-12-01,0.036497892373482096
2021-12-02,-0.027558473086364756
2021-12-03,0.0805918304742738
2021-12-05,-0.03560049068538188
2021-12-06,-0.08537917907847097
2021-12-07,-0.056131813486286916
2021-12-08,-0.0950241387408704
2021-12-09,0.049669047526404275
2021-12-10,-0.038836877221230026
2021-12-12,0.0003416419132282085
2021-12-13,0.05776913491247768
2021-12-14,-0.004826372464827183
2021-12-15,-0.03240601250015236
2021-12-16,-0.04501527025011579
2021-12-17,0.09281724585226277
2021-12-19,0.039942607527768584
2021-12-20,-0.05345902629598338
2021-12-21,-0.08201187787167953
2021-12-22,-0.05262213883831075
2021-12-23,-0.049117620649908794
2021-12-24,0.0131737394097235
2021-12-26,-0.007147991244053132
2021-12-27,0.020664845303345086
2021-12-28,0.01537031924205105
2021-12-29,-0.011479513683295918
2021-12-30,-0.021060433357351506
2021-12-31,0.05989602068088096
2022-01-02,0.0030404752422113776
2022-01-03,-0.10630190138103404
2022-01-04,-0.027654281473358217
2022-01-05,-0.012041330579060426
2022-01-06,-0.04372488933146346
2022-01-07,-0.02703713601540028
2022-01-09,-0.007348253066432323
2022-01-10,0.019149672522083987
2022-01-11,0.05068844997973566
2022-01-12,-0.03194604590396439
2022-01-13,0.003852671717814962
2022-01-14,-0.03819694549567157
2022-01-16,0.0010428656989404247
2022-01-17,0.006936942936302636
2022-01-18,0.00706204580721925
2022-01-19,0.07305710888540314
2022-01-20,0.06554156253694991
2022-01-21,0.053528834753861915
2022-01-23,-0.019114590333591582
2022-01-24,0.011096427852067908
2022-01-25,0.07707686664723774
2022-01-26,-0.08850758456859334
2022-01-27,-0.06906289801628895
2022-01-28,-0.03072350585104509
2022-01-30,0.006939361070504759
2022-01-31,-0.0688040145218434
2022-02-01,-0.007331137110615733
2022-02-02,0.03820151090569218
2022-02-03,-0.000732615263460773
2022-02-04,-0.02663607286624424
2022-02-06,-0.009202212618786893
2022-02-07,0.025889273368115546
2022-02-08,-0.0313642150530358
2022-02-09,-0.024404194135021876
2022-02-10,0.07478401542950727
2022-02-11,0.1528716910493116
2022-02-13,0.007343620704456088
2022-02-14,0.03301773992518973
2022-02-15,-0.12020685692254043
2022-02-16,-0.004905327942643693
2022-02-17,0.14647939647996966
2022-02-18,0.027246955509223268
2022-02-20,0.03514203873758819
2022-02-21,0.05962401436397405
2022-02-22,-0.0748370853993286
2022-02-23,0.10095105482647757
2022-02-24,-0.07806749858919874
2022-02-25,-0.11536001325028303
2022-02-27,0.14018138127706922
2022-02-28,-0.07397314482030234
2022-03-01,0.20159451595128447
2022-03-02,-0.001321865869587371
2022-03-03,0.003959110190185619
2022-03-04,0.17202699973473767
2022-03-06,0.14312605088845662
2022-03-07,0.039623714285072165
2022-03-08,0.061635186588590685
2022-03-09,-0.2524167783649607
2022-03-10,-0.03058559564773504
2022-03-11,0.06231576924973249
2022-03-13,-0.056744980466745705
2022-03-14,-0.03556317748458713
2022-03-15,-0.1426743239381914
2022-03-16,-0.08411359039133405
2022-03-17,0.0557605950720078
2022-03-18,-0.035805646589291674
2022-03-20,-0.03974523262131236
2022-03-21,0.05040024677130559
2022-03-22,-0.11763711171966858
2022-03-23,0.11572778724603412
2022-03-24,0.006629798427171613
2022-03-25,-0.03637067921196174
2022-03-27,-0.0052345066971600206
2022-03-28,-0.08365845181644564
2022-03-29,-0.03191633430457618
2022-03-30,-0.013073967376934219
2022-03-31,-0.014488446847894201
2022-04-01,-0.019412574659746825
2022-04-03,0.005261241756940712
2022-04-04,-0.0004340553520897348
2022-04-05,0.015626555671974053
2022-04-06,0.0008714256510307305
2022-04-07,0.023757433189578524
2022-04-08,0.05910314917786311
2022-04-10,-0.003549929614570668
2022-04-11,0.05825969520420636
2022-04-12,0.007709295506639532
2022-04-13,0.04621559927477078
2022-04-14,0.036682996641866396
2022-04-15,-0.03754090247390111
2022-04-17,0.09217455133785113
2022-04-18,0.007165195212870891
2022-04-19,0.0037850351252475545
2022-04-20,-0.022907003436802825
2022-04-21,-0.02166376529010014
2022-04-22,-0.10372900864672012
2022-04-24,-0.0038404887149237617
2022-04-25,-0.1205402402937739
2022-04-26,0.04811658444922221
2022-04-27,-0.025953917510048812
2022-04-28,0.07634118808161985
2022-04-29,0.03414089236257385
2022-05-01,0.0054027036552108405
2022-05-02,-0.07000362906873026
2022-05-03,-0.019675445667697706
2022-05-04,0.04708557439334519
2022-05-05,0.04956384732558203
2022-05-06,0.063616456610081
2022-05-08,0.0035194317316509954
2022-05-09,-0.07795610343430444
2022-05-10,-0.08549043055385656
2022-05-11,0.12243245979410032
2022-05-12,-0.035335622650069246
2022-05-13,-0.008786233522381908
2022-05-15,0.004639662524941839
2022-05-16,0.060179008950351234
2022-05-17,-0.06055791909920833
2022-05-18,0.047568977550383355
2022-05-19,0.01488811331579228
2022-05-20,-0.02961935550591777
2022-05-22,-0.028041927612374208
2022-05-23,-0.003433777487400102
2022-05-24,0.052685330602561684
2022-05-25,-0.046075303907249725
2022-05-26,0.004028633085727313
2022-05-27,-0.07907898148750132
2022-05-29,-0.03125151276298754
2022-05-30,-0.010429663869793484
2022-05-31,-0.01844272705961657
2022-06-01,0.0023975481069138872
2022-06-02,0.005381005357748399
2022-06-03,0.037830517532534275
2022-06-05,0.0013946125749954659
2022-06-06,-0.009639283889265788
2022-06-07,-0.03414567873765373
2022-06-08,0.0549587259260111
2022-06-09,-0.007044759321040256
2022-06-10,0.03159169808166581
2022-06-12,0.0061103135413313105
2022-06-13,0.05184915598380059
2022-06-14,0.008396044751002458
2022-06-15,-0.062312678389580795
2022-06-16,0.022043874876399746
2022-06-17,-0.04462076524486905
2022-06-19,-0.04163865925956814
2022-06-20,0.009263510483747649
2022-06-21,-0.007769941824205082
2022-06-22,-0.05393529791665108
2022-06-23,-0.05282098160088487
2022-06-24,-0.012319729977761235
2022-06-26,0.0032751531720142052
2022-06-27,0.02946440251752098
2022-06-28,0.05086504187796609
2022-06-29,-0.021680904084519878
2022-06-30,0.02983804191990257
2022-07-01,0.002268784076246191
2022-07-03,-0.000966450168647356
2022-07-04,-0.027263305204662414
2022-07-05,0.03399778395105766
2022-07-06,-0.07819038936181094
2022-07-07,-0.037128696839537054
2022-07-08,-0.05102517509264687
2022-07-10,-0.004267055254615286
2022-07-11,0.08350181663462984
2022-07-12,-0.0019448227055785085
2022-07-13,-0.006058027087119397
2022-07-14,0.02735931599103038
2022-07-15,-0.010666939864791725
2022-07-17,-0.02379107530474593
2022-07-18,-0.011533918693175977
2022-07-19,-0.09949054643375926
2022-07-20,0.024484589626088443
2022-07-21,0.0640226527239655
2022-07-22,0.07522382991504267
2022-07-24,-0.02168471997089532
2022-07-25,0.0015203877932732767
2022-07-26,0.012724294573833042
2022-07-27,-0.0263866057201692
2022-07-28,0.026460629054173592
2022-07-29,-0.017588027997489066
2022-07-31,-0.02695036858932581
2022-08-01,0.03158473678829576
2022-08-02,-0.09920314752564217
2022-08-03,-0.014249151191912222
2022-08-04,-0.004201165197069558
2022-08-05,-0.07733162803637084
2022-08-07,5.137519643846303e-05
2022-08-08,0.013272457006553311
2022-08-09,-0.04364826594303842
2022-08-10,-0.02978474416509006
2022-08-11,-0.04680655877216355
2022-08-12,0.024124947002909517
2022-08-14,0.001776640582647196
2022-08-15,0.09098998992453441
2022-08-16,-0.042072759367148514
2022-08-17,-0.031239462333813715
2022-08-18,0.026838811629144064
2022-08-19,-0.003431505148794211
2022-08-21,-0.004585796444647558
2022-08-22,0.00218505285601659
2022-08-23,-0.04879635382590621
2022-08-24,-0.03509783026870367
2022-08-25,0.034544070280026325
2022-08-26,-0.01626003018828144
2022-08-28,0.009637548084086997
2022-08-29,-0.07246258559951016
2022-08-30,0.02269812611432643
2022-08-31,-0.012356870311045808
2022-09-01,0.03572736657467221
2022-09-02,0.04744802271809005
2022-09-04,0.027822470193091402
2022-09-05,-0.06584779257320768
2022-09-06,0.03379980609702825
2022-09-07,-0.02496249051500584
2022-09-08,-0.037120436843721176
2022-09-09,-0.060394601597478996
2022-09-11,-0.01584488827800336
2022-09-12,-0.03151283292693852
2022-09-13,0.00516366201388125
2022-09-14,-0.036189150593507864
2022-09-15,0.045149260722856986
2022-09-16,-0.0033399828740310502
2022-09-18,-0.0012058482982872875
2022-09-19,0.01531328797712024
2022-09-20,-0.011105957148784857
2022-09-21,0.03703548894200696
2022-09-22,-0.0135156876489275
2022-09-23,0.18814016769732778
2022-09-25,0.00886479402970091
2022-09-26,0.05726484758827464
2022-09-27,0.014863543244645883
2022-09-28,-0.14670707841603964
2022-09-29,-0.013808635307346826
2022-09-30,0.013338539015084949
2022-10-02,-0.011527349525220389
2022-10-03,-0.05340906816639765
2022-10-04,-0.02666120100971496
2022-10-05,-0.024819934826061745
2022-10-06,-0.02485700695473703
2022-10-07,-0.019884999998979854
2022-10-09,-0.002244802734190849
2022-10-10,0.019457904626121885
2022-10-11,-0.013114605600237349
2022-10-12,0.02900542557529137
2022-10-13,0.05412492434609483
2022-10-14,0.025211953478473943
2022-10-16,-0.016595322371757808
2022-10-17,-0.02075942810961864
2022-10-18,0.011170074630954343
2022-10-19,0.03906019408415175
2022-10-20,0.04531235610134837
2022-10-21,-0.03745441923879933
2022-10-23,0.0022482894892140175
2022-10-24,0.02441176892855384
2022-10-25,-0.03874156841766982
2022-10-26,-0.017474636293460986
2022-10-27,-0.07897879471013411
2022-10-28,0.09193242727757689
2022-10-30,-0.0065575217329522
2022-10-31,0.002179822209472236
2022-11-01,-0.03792989096569846
2022-11-02,0.0016230692418177006
2022-11-03,-0.05018829612116553
2022-11-04,0.09049315240321414
2022-11-06,-0.013197419565603276
2022-11-07,0.07229364178511513
2022-11-08,-0.06980333554187447
2022-11-09,-0.07513817676409366
2022-11-10,-0.06997826067381284
2022-11-11,0.08256043607962965
2022-11-13,0.01448145619171077
2022-11-14,-6.836813232685007e-05
2022-11-15,0.01836114264581023
2022-11-16,0.000829228397581195
2022-11-17,0.0028571214887049574
2022-11-18,0.019789485476026145
2022-11-20,0.0012351277226704586
2022-11-21,-0.059568935256485475
2022-11-22,0.01403404063954607
2022-11-23,0.09013961871126006
2022-11-24,-0.006022733793023321
2022-11-25,0.010796689200710474
2022-11-27,-0.01593076665348373
2022-11-28,-0.01565715936393738
2022-11-29,-0.02556526215248577
2022-11-30,0.017646904740366072
2022-12-01,0.0641392103018213
2022-12-02,0.03363298113145102
2022-12-04,-0.017492589310452254
2022-12-05,-0.0032456230756155724
2022-12-06,0.03181422094059943
2022-12-07,0.06783467973370941
2022-12-08,0.004620928950496308
2022-12-09,0.00129753965707145
2022-12-11,-0.012469101046751176
2022-12-12,-0.03233394172874087
2022-12-13,0.042918534067131156
2022-12-14,0.0005436291537597388
2022-12-15,-0.03709812935030574
2022-12-16,0.02062916252669515
2022-12-18,-0.009153561838358224
2022-12-19,-0.011125463525015797
2022-12-20,0.05241130107227921
2022-12-21,-0.06501772601918489
2022-12-22,0.007415567285620291
2022-12-23,-0.01851355290082469
2022-12-26,-0.030384301253390186
2022-12-27,0.015467505763824965
2022-12-28,0.007696934154962481
2022-12-29,0.01413206656433659
2022-12-30,0.00898915214197197
2023-01-02,-0.008817824069442596
2023-01-03,0.0017906298786139379
2023-01-04,0.04724888012778332
2023-01-05,-0.05361725128542582
2023-01-06,0.06805379683985575
2023-01-08,-0.008081667659111835
2023-01-09,0.002392717176727868
2023-01-10,-0.026669097036095844
2023-01-11,-0.05830868842509936
2023-01-12,0.07001338329522314
2023-01-13,-0.043462987565823494
2023-01-15,0.005015278915972742
2023-01-16,0.013149632779014549
2023-01-17,-0.025251857118583396
2023-01-18,0.07073452468321305
2023-01-19,-0.001524415685705265
2023-01-20,-0.06948293816076306
2023-01-22,0.0070792676681889245
2023-01-23,-0.03937683733608032
2023-01-24,0.04120705730192728
2023-01-25,0.017324254903914295
2023-01-26,-0.05716409559990466
2023-01-27,-0.0011600458460163583
2023-01-29,-0.016142160869947842
2023-01-30,0.03183783394055485
2023-01-31,-0.010982153937519001
2023-02-01,0.10544885231981517
2023-02-02,-0.026535174621305137
2023-02-03,-0.07052087696075626
2023-02-05,-0.017176276716611868
2023-02-06,-0.053545349613195244
2023-02-07,-0.04277963183869643
2023-02-08,-0.018192450338593777
2023-02-09,-0.0060519602419211675
2023-02-10,-0.06304732728685097
2023-02-12,0.0067466601104593646
2023-02-13,0.011743144883557535
2023-02-14,0.006717512423331972
2023-02-15,-0.02764702542351385
2023-02-16,-0.014395278260378237
2023-02-17,0.038116894772027406
2023-02-19,-0.01213454070325876
2023-02-20,-0.009352059960869649
2023-02-21,0.0006061118737235149
2023-02-22,0.023691989730244015
2023-02-23,-0.020038163177823445
2023-02-24,-0.06868088632129916
2023-02-26,0.0004828787376480839
2023-02-27,0.03670725422057072
2023-02-28,-0.03573968979598751
2023-03-01,0.0027320582726035954
2023-03-02,-0.042985631631493666
2023-03-03,0.016476402537518236
2023-03-05,-0.0023701662671897343
2023-03-06,0.005223438452058335
2023-03-07,-0.021081065854687386
2023-03-08,0.020966486727365168
2023-03-09,-0.058310602428064184
2023-03-10,-0.052271032452502614
2023-03-12,0.006805459337246921
2023-03-13,0.09314612036977986
2023-03-14,0.05197189716613499
2023-03-15,0.10174647911515627
2023-03-16,0.011133227411843678
2023-03-17,0.08757517903336726
2023-03-19,-0.03566706752537789
2023-03-20,-0.011930744832019904
2023-03-21,-0.08984496161885906
2023-03-22,0.05444400076449332
2023-03-23,0.049040226145170396
2023-03-24,0.015349521397199058
2023-03-26,-0.019593662360730443
2023-03-27,-0.13476200326968807
2023-03-28,-0.04882165514087684
2023-03-29,0.01959979539858528
2023-03-30,-0.027055808824729802
2023-03-31,0.0230986300506556
2023-04-02,-0.10923806201431288
2023-04-03,0.046469998024600084
2023-04-04,0.04079458017902426
2023-04-05,0.010320865153443286
2023-04-06,-0.00041908924703680213
2023-04-07,-0.03628667516648893
2023-04-09,0.003655307687091089
2023-04-10,0.008391318048403169
2023-04-11,-0.04097109836227684
2023-04-12,-0.033222254826581456
2023-04-13,0.038819790642204276
2023-04-14,-0.03270409596560565
2023-04-16,-0.002935821084558239
2023-04-17,0.006640383116536317
2023-04-18,0.004987065663154909
2023-04-19,0.0016193237988512508
2023-04-20,0.0314495759274119
2023-04-21,-0.019706903983796382
2023-04-23,0.00600149176771393
2023-04-24,0.01876701769525799
2023-04-25,-0.0029682565970627303
2023-04-26,0.015099453538360376
2023-04-27,0.02465342377071419
2023-04-28,0.04352757067737405
2023-04-30,-0.006070230296932142
2023-05-01,-0.015625684484938066
2023-05-02,0.023207911122145857
2023-05-03,0.0389681557263281
2023-05-04,-0.019437080930818657
2023-05-05,-0.001685941210720649
2023-05-07,-0.004952486700964013
2023-05-08,-0.027601294398389188
2023-05-09,-0.005879730632735409
2023-05-10,0.043398873077120315
2023-05-11,-0.03509508480534183
2023-05-12,-0.01624746325260567
2023-05-14,-0.00023706109288845214
2023-05-15,-0.005933161635201259
2023-05-16,-0.009891276270637373
2023-05-17,-0.023764930646901754
2023-05-18,0.0225734377528562
2023-05-19,0.004001331420238768
2023-05-21,0.004475342595418171
2023-05-22,-0.00019506354316696723
2023-05-23,-0.07113123356175897
2023-05-24,-0.0049185482605268605
2023-05-25,-0.00031001022203943056
2023-05-26,0.04569531787872395
2023-05-28,0.006947331901177403
2023-05-29,-0.011746850029012209
2023-05-30,0.050821466771117714
2023-05-31,-0.016988233033224838
2023-06-01,0.03300334287323072
2023-06-02,0.016397577919038845
2023-06-04,-0.021931791235548323
2023-06-05,0.012218494598731715
2023-06-06,-0.006558420098549777
2023-06-07,-0.04397377603361581
2023-06-08,0.05392497076993665
2023-06-09,0.023271834522186917
2023-06-11,0.008814836470036566
2023-06-12,0.06723119161776363
2023-06-13,0.00264041621875067
2023-06-14,-0.00934787073810648
2023-06-15,0.03016999351323642
2023-06-16,0.05022902315126848
2023-06-18,-0.001064055482023895
2023-06-19,-0.008964832388657352
2023-06-20,-0.03834642971311685
2023-06-21,-0.0420427684769167
2023-06-22,0.08133102916196643
2023-06-23,-0.04503018804553897
2023-06-25,0.0013456117166240592
2023-06-26,-0.02793021227587769
2023-06-27,0.07211361719503723
2023-06-28,-0.012618625373698518
2023-06-29,-0.004850339640266112
2023-06-30,0.05456562989681942
2023-07-02,0.008844330094397269
2023-07-03,0.0009367967278708701
2023-07-04,-0.015480475354099929
2023-07-05,0.006446622477840401
2023-07-06,-0.006168155908860012
2023-07-07,-0.024921682274929448
2023-07-09,-0.002423531093794022
2023-07-10,-0.03060310351196351
2023-07-11,0.019855168748193812
2023-07-12,-0.010669923640080773
2023-07-13,0.038712861314584804
2023-07-14,0.04608259909449092
2023-07-16,-0.008637838658136781
2023-07-17,0.021460195744169838
2023-07-18,0.009929834626173278
2023-07-19,-0.027633260513916826
2023-07-20,-0.005132721223646469
2023-07-21,0.016371810555774552
2023-07-23,0.0020997132581237993
2023-07-24,0.0217270725951227
2023-07-25,0.01825143960901425
2023-07-26,-0.0005209266455118433
2023-07-27,-0.023794211765745626
2023-07-28,0.06457615518369698
2023-07-30,0.005889239020967479
2023-07-31,0.008678435283911802
2023-08-01,-0.012686153319931438
2023-08-02,-0.0041176356494258045
2023-08-03,0.031056135929478115
2023-08-04,-0.0815727770884568
2023-08-06,0.016381173321846396
2023-08-07,0.040243616526448825
2023-08-08,-0.055001872480552744
2023-08-09,-0.0041227895436055095
2023-08-10,0.03620722501907357
2023-08-11,0.02456652582271
2023-08-13,0.010385812637856992
2023-08-14,0.0338256685152413
2023-08-15,-0.059885824022238264
2023-08-16,-0.029516704890727136
2023-08-17,-0.02902340231271169
2023-08-18,0.009857278068781644
2023-08-20,-0.00601193661211635
2023-08-21,0.07321597607969349
2023-08-22,-0.027568356355475943
2023-08-23,-0.07952756492958969
2023-08-24,-0.04256178005272398
2023-08-25,0.02823468293810289
2023-08-27,0.01784466130501252
2023-08-28,-0.020712516920339735
2023-08-29,0.018736926236408196
2023-08-30,-0.005447712499452741
2023-08-31,-0.02890796528499534
2023-09-01,0.07622988915520607
2023-09-03,-0.0055044821025521835
2023-09-04,0.01827463361743676
2023-09-05,0.06404312003468327
2023-09-06,0.01820667650910843
2023-09-07,-0.03989605431039438
2023-09-08,0.04156912472398962
2023-09-10,-0.012715626541977219
2023-09-11,0.009932193842947674
2023-09-12,0.015583563313972208
2023-09-13,0.008836340598409355
2023-09-14,0.08820138678986056
2023-09-15,0.02240206132222501
2023-09-17,-0.004041377904741757
2023-09-18,-0.008312910159349964
2023-09-19,-0.0062255054962363655
2023-09-20,-0.025804533249876825
2023-09-21,0.007842975071242595
2023-09-22,0.007408885962727854
2023-09-24,0.00942406183074671
2023-09-25,0.044772189150120975
2023-09-26,0.004908844638978727
2023-09-27,0.11398835936872166
2023-09-28,-0.06149669134445846
2023-09-29,-0.030019159664212924
2023-10-01,0.0325382332544205
2023-10-02,0.015969424502627012
2023-10-03,0.0367522226124595
2023-10-04,-0.15142478219323519
2023-10-05,-0.04944445453783328
2023-10-06,0.05125181078489572
2023-10-08,0.0134016830455716
2023-10-09,-0.031878016875162
2023-10-10,0.008194876192929985
2023-10-11,-0.1071290710447223
2023-10-12,0.11035915517699604
2023-10-13,-0.024926559169751897
2023-10-15,0.007236942377907504
2023-10-16,0.014496144321285296
2023-10-17,0.03750749762237497
2023-10-18,0.03154508393954096
2023-10-19,0.004894177220590852
2023-10-20,-0.062434489192457636
2023-10-22,0.005679196590543833
2023-10-23,-0.09499761914189996
2023-10-24,-0.0398810789173725
2023-10-25,0.08557231744621246
2023-10-26,-0.07343285814346126
2023-10-27,0.03121849251816183
2023-10-29,-0.001435343170565307
2023-10-30,-0.06553689530148324
2023-10-31,0.017417955396426515
2023-11-01,-0.07139196406332306
2023-11-02,-0.01783976983369162
2023-11-03,-0.11039916713295579
2023-11-05,0.0034033082768751954
2023-11-06,0.003102560191186491
2023-11-07,-0.07384896128752774
2023-11-08,-0.09020606306770154
2023-11-09,0.01995853788449909
2023-11-10,0.02352023240765488
2023-11-12,-0.0073647117804033525
2023-11-13,0.023148701450361554
2023-11-14,-0.10800178445748594
2023-11-15,0.02962026462686853
2023-11-16,-0.04257919938445879
2023-11-17,-0.03147036302705389
2023-11-19,0.011483199815217756
2023-11-20,-0.01062079625562471
2023-11-21,-0.025956675998703476
2023-11-22,-0.05149855993524717
2023-11-23,-0.001387317441183939
2023-11-24,-0.0024400671481165483
2023-11-26,-0.001071400422843657
2023-11-27,-0.030922639250233655
2023-11-28,-0.02371083982456057
2023-11-29,-0.0003886704955933062
2023-11-30,0.05738943581932546
2023-12-01,-0.012697914246592324
2023-12-03,-0.010010339291530876
2023-12-04,-0.039442281843824166
2023-12-05,0.0354707503721202
2023-12-06,0.02641641819245279
2023-12-07,-0.03780215698664307
2023-12-08,-0.025001550383620258
2023-12-10,-0.0035036562933993967
2023-12-11,0.04091898202856794
2023-12-12,0.043672372008086414
2023-12-13,0.041267852861479215
2023-12-14,-0.029783386919928764
2023-12-15,0.017410488473903658
2023-12-17,0.019080219704557817
2023-12-18,-0.014065356205865886
2023-12-19,-0.03243041206231356
2023-12-20,0.03716944860461493
2023-12-21,-0.03086468787250315
2023-12-22,0.002177609506122358
2023-12-25,-0.013912549529668656
2023-12-26,-0.03370826628794052
2023-12-27,0.0248706624096613
2023-12-28,0.015233564909573543
2023-12-29,-0.011868271554484456
2024-01-01,-0.004313075210197154
2024-01-02,-0.004360266865822926
2024-01-03,-0.03814191346019299
2024-01-04,-0.04617794080754371
2024-01-05,-0.04605603420306252
2024-01-07,-0.005995348146146354
2024-01-08,0.08154660684787993
2024-01-09,0.004118545272393763
2024-01-10,0.004923078024842793
2024-01-11,-0.0023997843706269235
2024-01-12,0.013394953622212661
2024-01-14,-0.009243314831223837
2024-01-15,-0.008810933402731529
2024-01-16,0.0267182124246989
2024-01-17,-0.0624787023479295
2024-01-18,-0.031187369238087084
2024-01-19,0.022675686084195065
2024-01-21,0.0044392844568077105
2024-01-22,-0.00011388027070511741
2024-01-23,0.022839627510028635
2024-01-24,-0.04667018769998346
2024-01-25,0.03466855659418076
2024-01-26,-0.03235951139043704
2024-01-28,-0.0138177672250087
2024-01-29,0.06406670636681296
2024-01-30,-0.03962293806285094
2024-01-31,-0.009572842400725425
2024-02-01,0.0498899751331958
2024-02-02,0.09923554854716876
2024-02-04,0.004080198481928557
2024-02-05,0.010534204399352112
2024-02-06,-0.06667667363376462
2024-02-07,0.04113489837220919
2024-02-08,-0.029344634028543894
2024-02-09,0.02142293069459265
2024-02-11,-0.006243551391167505
2024-02-12,0.0010204613035545694
2024-02-13,0.005388236074924741
2024-02-14,0.05305274291055419
2024-02-15,-0.006757667985817226
2024-02-16,-0.026541121651787278
2024-02-18,-0.034582909451915445
2024-02-19,0.0014000702696395301
2024-02-20,-0.038222935081006895
2024-02-21,-0.02943416159728241
2024-02-22,0.11328247919679708
2024-02-23,0.01624241382619368
2024-02-25,0.008260833823354338
2024-02-26,-0.018101095390883934
2024-02-27,0.01831403038963647
2024-02-28,-0.035592831954879924
2024-02-29,0.00550104226806968
2024-03-01,-0.02055149578681083
2024-03-03,0.0031502742555968555
2024-03-04,-0.010703325095758599
2024-03-05,-0.06163653179939833
2024-03-06,-0.0335482723702004
2024-03-07,-0.02375181769953605
2024-03-08,-0.04469945039960865
2024-03-10,-0.008977021517084967
2024-03-11,0.010327148330179852
2024-03-12,0.04928771743348152
2024-03-13,-6.625492401607196e-05
2024-03-14,0.041360729446203386
2024-03-15,2.7913836247075996e-05
2024-03-17,0.021670149160673672
2024-03-18,0.020098350934661675
2024-03-19,0.04344630671226182
2024-03-20,0.04947558877911854
2024-03-21,0.03574928534509178
2024-03-22,-0.02778890375534808
2024-03-24,0.0022757579789098163
2024-03-25,-0.00751463790798804
2024-03-26,-0.007279273514365775
2024-03-27,0.03163797759891161
2024-03-28,0.028141321493134232
2024-03-29,0.0019125316057433828
2024-03-31,0.014478722709659263
2024-04-01,0.028969696853860468
2024-04-02,-0.07783612816802041
2024-04-03,-0.006902234141244468
2024-04-04,-0.011384628800649046
2024-04-05,-0.023883919259554208
2024-04-07,-0.016225073943378975
2024-04-08,0.0229157800456503
2024-04-09,-0.009523223292189426
2024-04-10,0.1265492945861229
2024-04-11,0.022328623120060582
2024-04-12,0.008668801024739888
2024-04-14,0.020550466958768436
2024-04-15,0.06511198408902578
2024-04-16,0.0029766623446225524
2024-04-17,-0.12257562468432977
2024-04-18,0.03591841452595968
2024-04-19,0.00045545595536284006
2024-04-21,-0.012239351485182067
2024-04-22,-0.05471352974281458
2024-04-23,-0.05309617234649254
2024-04-24,0.013701662076750266
2024-04-25,0.023693840570376757
2024-04-26,0.09054673134810716
2024-04-28,-0.021103719880112802
2024-04-29,-0.07240668509811987
2024-04-30,0.010592522451231413
2024-05-01,-0.04732484053850032
2024-05-02,-0.09085796809582812
2024-05-03,-0.06989491627611466
2024-05-05,-0.002983691954283868
2024-05-06,0.032271248160474476
2024-05-07,0.006720092656099564
2024-05-08,0.025956469529556037
2024-05-09,0.037642172888796864
2024-05-10,0.014417742700691667
2024-05-12,-0.004054597148251228
2024-05-13,-0.035471895218024074
2024-05-14,-0.019451618577832737
2024-05-15,-0.0722213581046753
2024-05-16,0.02698479019391261
2024-05-17,0.052104181547820344
2024-05-19,0.006336280983148838
2024-05-20,0.01843073803283028
2024-05-21,-0.013044684198684119
2024-05-22,-0.05215880237846557
2024-05-23,-0.05645503305015166
2024-05-24,-0.024326006062296776
2024-05-26,0.0003134736134804126
2024-05-27,0.012987265196231093
2024-05-28,0.02188887831697133
2024-05-29,-0.01356188713742506
2024-05-30,-0.02602912672024943
2024-05-31,-0.009691648054974236
2024-06-02,0.004819883544223724
2024-06-03,0.05554374730950518
2024-06-04,-0.011315717889040601
2024-06-05,0.021780358485095547
2024-06-06,-0.006122364579301626
2024-06-07,-0.05370590320389375
2024-06-09,0.007935668590643964
2024-06-10,-0.0465427801678359
2024-06-11,0.04144069806811354
2024-06-12,0.03239361727852867
2024-06-13,0.037056683217400604
2024-06-14,0.00842535643766474
2024-06-16,-0.002431796897402104
2024-06-17,-0.026494090438221825
2024-06-18,-0.01949265838401397
2024-06-19,-0.003453567707781671
2024-06-20,0.028379762821886586
2024-06-21,0.01787055102588117
2024-06-23,0.04198691137342639
2024-06-24,-0.05983529845726991
2024-06-25,0.029740432870028463
2024-06-26,0.018632507834554314
2024-06-27,0.011721272130435629
2024-06-28,-0.07504970810252548
2024-06-30,-0.024618614505308875
2024-07-01,-0.01917218505526305
2024-07-02,0.0346407851763203
2024-07-03,0.024093301761445852
2024-07-04,-0.028885144098133583
2024-07-05,0.04124892950531403
2024-07-07,-0.003641605555232939
2024-07-08,0.031211014977457936
2024-07-09,0.01780005040157504
2024-07-10,0.04218813984463555
2024-07-11,-0.16092014385793652
2024-07-12,-0.01575819812835184
2024-07-14,-0.005788120286875788
2024-07-15,0.025617628023866804
2024-07-16,0.03356770850588558
2024-07-17,-0.19276945696293663
2024-07-18,0.020916167246402516
2024-07-19,-0.015441965562175995
2024-07-21,0.0022246127064907716
2024-07-22,0.001303277300128555
2024-07-23,-0.009279477538461004
2024-07-24,-0.04683667634792418
2024-07-25,-0.015382558902825133
2024-07-26,0.08812890330409558
2024-07-28,-0.02558748147700442
2024-07-29,0.04643278825600454
2024-07-30,0.045272317551150264
2024-07-31,-0.08647072421007215
2024-08-01,0.16522375446142276
2024-08-02,0.21799080531652235
2024-08-04,0.055665352456381136
2024-08-05,-0.02914044005690987
2024-08-06,0.051228570401856216
2024-08-07,-0.07110318885434809
2024-08-08,-0.23806750535163446
2024-08-09,6.475279237267567e-05
2024-08-11,-0.017376280346445692
2024-08-12,-0.010141108966749154
2024-08-13,-0.03318697341309938
2024-08-14,0.012845063877984408
2024-08-15,-0.18950893632070787
2024-08-16,0.06272365830132352
2024-08-18,0.0027927103263042786
2024-08-19,0.016100281781691345
2024-08-20,0.11116155512462426
2024-08-21,0.003344101407663507
2024-08-22,-0.044528697731727226
2024-08-23,0.01094832894168225
2024-08-25,0.009013856430663984
2024-08-26,-0.03814571639691461
2024-08-27,0.032949185750270796
2024-08-28,0.036580690217753904
2024-08-29,-0.08490090425235737
2024-08-30,-0.0015628858132695732
2024-09-01,0.008200631745342732
2024-09-02,-0.025739862332241337
2024-09-03,0.20567378016622753
2024-09-04,0.11287009517657552
2024-09-05,0.024010554137692795
2024-09-06,0.12964575571919912
2024-09-08,-0.031344353547549386
2024-09-09,-0.06660077260586955
2024-09-10,0.08068029544105827
2024-09-11,-0.1108994830568486
2024-09-12,-0.02175107735934089
2024-09-13,-0.003002552337633576
2024-09-15,0.009709534342620809
2024-09-16,0.009356949954574506
2024-09-17,-0.054602123508853066
2024-09-18,-0.053659313765837026
2024-09-19,-0.02830746817403325
2024-09-20,-0.026650726669569115
2024-09-22,-0.03954832812251824
2024-09-23,0.018384540394834555
2024-09-24,0.021712549569027552
2024-09-25,-0.049929907542538246
2024-09-26,0.03627184068269878
2024-09-27,0.02506654297103013
2024-09-29,-0.007409548747094692
2024-09-30,-0.04591679414528307
2024-10-01,-0.01358784152667472
2024-10-02,-0.07672298526653458
2024-10-03,-0.10678783822925626
2024-10-04,-0.14849139287113122
2024-10-06,0.0005094411194637512
2024-10-07,-0.04239702616151584
2024-10-08,0.01092963755684999
2024-10-09,-0.04968373732336054
2024-10-10,-0.014431011709437993
2024-10-11,0.027922308850473303
2024-10-13,0.004410290462845602
2024-10-14,0.009048123006374104
2024-10-15,0.03161220573631713
2024-10-16,0.016466085498762446
2024-10-17,0.04511122557748277
2024-10-18,0.05121470769615611
2024-10-20,0.014449352665384338
2024-10-21,0.011433665438936542
2024-10-22,0.01880941793690261
2024-10-23,-0.030234436787651583
2024-10-24,0.0006538188477846884
2024-10-25,0.013652694159057243
2024-10-27,0.019302812103811826
2024-10-28,0.007333698283484886
2024-10-29,0.043168972466990384
2024-10-30,-0.009843546248748567
2024-10-31,-0.080214922613285
2024-11-01,0.05018584954063936
2024-11-03,-0.06332858658127095
2024-11-04,-0.023520435804566357
2024-11-05,-0.035153954464107816
2024-11-06,0.038844292387744034
2024-11-07,-0.014412488186976729
2024-11-08,-0.006663926792630595
2024-11-10,0.014523331975889257
2024-11-11,-0.004255261391244083
2024-11-12,0.0679893380168131
2024-11-13,0.047115795284329916
2024-11-14,-0.0032482757924948685
2024-11-15,0.02118349415131664
2024-11-17,0.00664952510491673
2024-11-18,-0.02633830460702108
2024-11-19,-0.02245326267937089
2024-11-20,0.020262460767505135
2024-11-21,0.04975556757119996
2024-11-22,0.013464524729356078
2024-11-24,-0.05843015519165686
2024-11-25,-0.03181833280293792
2024-11-26,0.007457663385848079
2024-11-27,-0.08077000846790061
2024-11-28,-0.007769972301318944
2024-11-29,-0.0067238433343632525
2024-12-01,0.02212626480662053
2024-12-02,0.04674802706594051
2024-12-03,0.005632506339215379
2024-12-04,0.0067432341064834495
2024-12-05,-0.05735772853989625
2024-12-06,0.03370846290332188
2024-12-08,-0.0003402141889489753
2024-12-09,-0.03963306181527554
2024-12-10,-0.0077492955688247735
2024-12-11,0.006901287241679074
2024-12-12,0.05023159015631986
2024-12-13,-0.01253515488372618
2024-12-15,-0.0052494114165670515
2024-12-16,0.020513103562321215
2024-12-17,-0.0227812231927294
2024-12-18,0.07418072190923557
2024-12-19,0.021378862158559265
2024-12-20,-0.07697790460938377
2024-12-22,0.0009174383750447267
2024-12-23,0.03446506744539712
2024-12-24,-0.001635386128033303
2024-12-25,0.005537265826659387
2024-12-26,-0.05532155289775383
2024-12-27,-0.016282941708665843
2024-12-29,-0.002040313337319915
2024-12-30,-0.056218613990031044
2024-12-31,0.03911181791756581
2025-01-01,-0.06985036974293896
2025-01-02,0.025530132415861818
2025-01-03,0.04857649662940913
2025-01-05,0.013354192577400949
2025-01-06,-0.0620375584110247
2025-01-07,0.08246123720535048
2025-01-08,0.006441701627787486
2025-01-09,0.00945343557997743
2025-01-10,0.09478159090073619
2025-01-12,0.031171659697818536
2025-01-13,-0.004426066449376851
2025-01-14,-0.07241476732253584
2025-01-15,-0.027198094964160202
2025-01-16,-0.017641411436108582
2025-01-17,0.05268115467540299
2025-01-19,0.0014350572309324403
2025-01-20,-0.09406132859091096
2025-01-21,-0.0007862464252524111
2025-01-22,0.00030522003479480867
2025-01-23,-0.0008482651817940876
2025-01-24,-0.06877690327188288
2025-01-26,-0.013728649172793454
2025-01-27,-0.037841830866426174
2025-01-28,0.021637778362427668
2025-01-29,-0.011038376483599314
2025-01-30,0.0220375138526053
2025-01-31,0.01553058788390123
2025-02-02,0.09681975758709115
2025-02-03,-0.09606377170935723
2025-02-04,-0.013267645255797746
2025-02-05,-0.06372596014345788
2025-02-06,0.037964631803513726
2025-02-07,0.05236868573628066
2025-02-09,0.011101669533762442
2025-02-10,0.061066432932035106
2025-02-11,-0.039375655840730626
2025-02-12,0.00484672434859763
2025-02-13,-0.04833179918784815
2025-02-14,-0.0908271298713653
2025-02-16,0.010906227811583557
2025-02-17,0.009886441383448623
2025-02-18,0.06170863711362465
2025-02-19,0.019014527463144235
2025-02-20,-0.027668609890314767
2025-02-21,0.02538917027226194
2025-02-23,-0.007894353648299771
2025-02-24,-0.008219005480983246
2025-02-25,-0.06260073570900698
2025-02-26,-0.016653596239947645
2025-02-27,-0.027190649704448445
2025-02-28,-0.04645557515130373
2025-03-02,-0.021069219040560007
2025-03-03,0.03835708484786092
2025-03-04,-0.020971763155626138
2025-03-05,-0.02176700046800701
2025-03-06,0.01855177399229379
2025-03-07,-0.0038880077581070504
2025-03-09,0.02710193844128527
2025-03-10,0.008287339114424435
2025-03-11,0.028112144747521318
2025-03-12,0.09604884828370215
2025-03-13,0.03819087124329177
2025-03-14,-0.027390911754486193
2025-03-16,0.00019969697193920357
2025-03-17,0.007605470398841243
2025-03-18,-0.02552184707254669
2025-03-19,0.06378384204016478
2025-03-20,-0.08947369931027621
2025-03-21,0.03349548824442835
2025-03-23,-0.008970369161819286
2025-03-24,-0.051401609010855304
2025-03-25,0.03659876557637966
2025-03-26,0.017691922506151102
2025-03-27,-0.07889124031367038
2025-03-28,-0.0029275204354689832
2025-03-30,0.024885949813003922
2025-03-31,-0.008070191472417124
2025-04-01,0.10645680255474117
2025-04-02,0.309643026735152
2025-04-03,0.13937349235106664
2025-04-04,0.24239197617489824
2025-04-06,0.08870651470187738
2025-04-07,-0.1903223092258018
2025-04-08,-0.1822279906614347
2025-04-09,0.11240065436062562
2025-04-10,-0.37819771433908034
2025-04-11,0.21283389196355
2025-04-13,-0.0006164446183406784
2025-04-14,0.013035062277527522
2025-04-15,0.021926368095674043
2025-04-16,0.0789370354714973
2025-04-17,-0.009610862907441616
2025-04-18,0.03771913803818388
2025-04-20,0.003531451037450061
2025-04-21,0.019702965955894783
2025-04-22,-0.05026668424394036
2025-04-23,0.034297488099115356
2025-04-24,-0.10459762451813252
2025-04-25,0.00829747487072911
2025-04-27,-0.01094647194341527
2025-04-28,0.05400768130603556
2025-04-29,-0.014745597778352649
2025-04-30,-0.0185441542774959
2025-05-01,-0.1139653302277635
2025-05-02,-0.04400822143708722
2025-05-04,0.04074048582910135
2025-05-05,0.00879176769154626
2025-05-06,0.007926093907921351
2025-05-07,-0.040123636350495824
2025-05-08,-0.10075688872490351
2025-05-09,0.0061871164535988905
2025-05-11,-0.04270621347626852
2025-05-12,-0.10959156409102301
2025-05-13,0.03459646377983392
2025-05-14,-0.048942532217920096
2025-05-15,0.018247018475900805
2025-05-16,-0.05280854703464677
2025-05-18,0.017518408067412818
2025-05-19,-0.006629116758907418
2025-05-20,0.04326074734378873
2025-05-21,0.07653770057656174
2025-05-22,-0.04448972433448384
2025-05-23,0.08136251296732626
2025-05-25,0.007603407820365117
2025-05-26,0.0031665159682663494
2025-05-27,-0.0802242183416157
2025-05-28,-0.07209848859134955
2025-05-29,0.09987618020294556
2025-05-30,-0.03542510693728257
2025-06-01,0.0010368256065679585
2025-06-02,0.07422522138857526
2025-06-03,-0.06629531930390983
2025-06-04,0.001338734163818217
2025-06-05,-0.006847105820980432
2025-06-06,-0.0366342266504048
2025-06-08,0.00783677928679834
2025-06-09,0.007032818074104946
2025-06-10,-0.017486451497560177
2025-06-11,0.013947851572226274
2025-06-12,0.0010154593719228274
2025-06-13,-0.02550821659416274
2025-06-15,0.005290588736271906
2025-06-16,0.031876920629893744
2025-06-17,-0.11253400683372491
2025-06-18,-0.018807411117712704
2025-06-19,0.013393564861821524
2025-06-20,-0.008448857202695797
2025-06-22,0.013742106768979525
2025-06-23,-0.09378857867238152
2025-06-24,-0.011818598835067218
2025-06-25,0.029063113719291826
2025-06-26,0.009729683815435935
2025-06-27,0.005388558963395603
2025-06-29,0.012140433264534236
2025-06-30,-0.008461280445938
2025-07-01,-0.06813079790060515
2025-07-02,0.006979933298569748
2025-07-03,0.026082357837402738
2025-07-04,0.005253750162523231
2025-07-06,-0.009075077776399045
2025-07-07,0.030954230772116394
2025-07-08,0.0383531943274921
2025-07-09,-0.002573962449790269
2025-07-10,-0.05220305104781429
2025-07-11,0.016121135872783243
2025-07-13,-0.0014094522566894326
2025-07-14,-0.03454556059687285
2025-07-15,0.007350446472235442
2025-07-16,0.00020886981106893595
2025-07-17,0.043836850641264975
2025-07-18,-0.03422042928056937
2025-07-20,0.001984416762140362
2025-07-21,0.001419743512688091
2025-07-22,-0.008188398738954487
2025-07-23,0.0008000841823600554
2025-07-24,-0.025147142463158818
2025-07-25,-0.03100880743450042
2025-07-27,0.004018062256059617
2025-07-28,0.020084209426822337
2025-07-29,0.007628525694590391
2025-07-30,0.02184025682687574
2025-07-31,-0.003919278460947023
2025-08-01,-0.0738441382716725
2025-08-03,-0.0011146628039924934
2025-08-04,-0.0035355848600421053
2025-08-05,0.0012110846379991987
2025-08-06,-0.007070201073757686
2025-08-07,-0.053126853832809046
2025-08-08,-0.021865719987433543
2025-08-10,0.0014208511432856458
2025-08-11,-0.00644055537160184
2025-08-12,-0.016939298443697362
2025-08-13,0.017392271519177434
2025-08-14,0.017857329958373115
2025-08-15,-0.0025973974012864286
2025-08-17,0.0003617190975439393
2025-08-18,-0.005253196819451844
2025-08-19,-0.00020308073794620286
2025-08-20,0.01172196249342102
2025-08-21,-0.034265149947147674
2025-08-22,0.008354400376255896
2025-08-24,-0.0017173004597064064
2025-08-25,-0.008874886265697731
2025-08-26,0.0031073571574270634
2025-08-27,0.053194560559509683
2025-08-28,0.0008920075760028102
2025-08-29,-0.013900902751198764
2025-08-31,-0.006801243041333254
2025-09-01,0.006100638609181579
2025-09-02,-0.012591074588302047
2025-09-03,0.04026392715846655
2025-09-04,0.06750251647145415
2025-09-05,0.068460100872424
2025-09-07,-0.01547204230075187
2025-09-08,0.03452283350520261
2025-09-09,-0.036873316536077234
2025-09-10,0.03305611398804398
2025-09-11,0.02043928548221787
2025-09-12,-0.0018736219622402855
2025-09-14,-0.006875295689676048
2025-09-15,0.02278271211462683
2025-09-16,-0.035006549339174874
2025-09-17,-0.017234662221810124
2025-09-18,-0.03669101934668186
2025-09-19,0.03805251302628945
2025-09-21,-0.003679864105883727
2025-09-22,0.028367804117664076
2025-09-23,-0.011311386057643216
2025-09-24,-0.02112751958960695
2025-09-25,-0.013478608834125895
2025-09-26,-0.008956268581252879
2025-09-28,0.006337080801203928
2025-09-29,0.0710079996425457
2025-09-30,0.02425590267278636
2025-10-01,0.026290796965104956
2025-10-02,0.013537770384877839
2025-10-03,0.0013655342676902674
2025-10-05,-0.004555007972028907
2025-10-06,0.03447988366988952
2025-10-07,0.011864538180074163
2025-10-08,0.010485682890235935
2025-10-09,0.008946453282388949
2025-10-10,0.09218603513093514
2025-10-12,-0.02253822690458239
2025-10-13,0.06505576528183257
2025-10-14,0.07651665889343709
2025-10-15,0.04232622490325396
2025-10-16,0.14122079880682062
2025-10-17,-0.06228034366781869
2025-10-19,0.0005035772599621463
2025-10-20,0.0504084059740524
2025-10-21,-0.1207961032971622
2025-10-22,-0.06649035121307881
2025-10-23,-0.001127038030945833
2025-10-24,0.002528678176203525
2025-10-26,-0.009450707479376083
2025-10-27,0.021029597755461378
2025-10-28,0.002577950126276249
2025-10-29,-0.0022445025807901462
2025-10-30,-0.011235655025478637
2025-10-31,0.02624303221435007
