date,ES_FRONT_CALENDAR_2D,NQ_FRONT_CALENDAR_2D,RTY_FRONT_CALENDAR_2D,ZT_FRONT_VOLUME,ZF_FRONT_VOLUME,ZN_FRONT_VOLUME,UB_FRONT_VOLUME,SR3_FRONT_CALENDAR,CL_FRONT_VOLUME,GC_FRONT_VOLUME,6E_FRONT_CALENDAR,6B_FRONT_CALENDAR,6J_FRONT_CALENDAR
2024-01-01,0.0,0.0,0.0,-0.0,-0.0,-0.0,-0.0,,0.0,0.0,-0.0,-0.0,-0.0
2024-01-02,-0.0,-0.0,-0.0,-0.0,-0.0,-0.0,-0.0,,-0.0,-0.0,-0.0,-0.0,-0.0
2024-01-03,-0.0,-0.0,-0.0,0.0,0.0,0.0,0.0,,0.0,-0.0,-0.0,0.0,-0.0
2024-01-04,-0.0,-0.0,-0.0,-0.0,-0.0,-0.0,-0.0,,-0.0,0.0,0.0,0.0,-0.0
2024-01-05,0.0,0.0,-0.0,-0.0,-0.0,-0.0,-0.0,,0.0,0.0,-0.0,0.0,-0.0
2024-01-07,5.9257142029815364e-05,-9.214351489312323e-06,,-0.0005575368790914505,-0.0006916376147978522,-0.00040681304960025685,-0.00019880981411457872,,0.0003712846684295416,0.00010297740351252435,0.0001312040849900788,0.00010318485951288046,0.00028828001807402586
2024-01-08,0.0009854797830656345,-0.00015686420754319985,,0.0008181877225878524,0.001597589709974621,0.0011199895475702355,0.0005405401537809893,,0.006654741739377356,0.0009893060392553168,-0.0005249602501126975,-0.0005333733653600141,-0.0008489248593364231
2024-01-09,-8.774157988937477e-05,-2.6733735187139912e-05,0.00045215364804890117,0.00022295536926139793,0.0005313752417827274,0.00040601771616970665,0.0001699161393622231,,-0.003264880237441501,-0.0,0.0008084270022263723,0.0006522222269407073,0.00030451180015963716
2024-01-10,0.000489381512963237,-6.243803212778012e-05,-0.00028362180325524207,-3.715074920764038e-05,-0.00026549573325526914,-0.0003548690552803926,-0.0005938487380260051,,0.002058862744984239,0.00040820653306917576,-0.0014007262036113126,-0.00044759183570879167,0.00220210826741571
2024-01-11,-0.0001704522395554208,4.535504572609336e-06,5.347060797509454e-05,0.002006216753733156,0.002815271409587874,0.0016745892306833962,0.0006821277051567134,,-0.004873599805596605,-0.0006036804348079379,-0.00032733720228184527,-0.0005669373102585357,-0.0011114800232396767
2024-01-12,4.166229119096685e-06,-1.7647437719848474e-06,-0.00031242462103963904,0.0017425728962237263,0.0015345554017113553,0.0006566610015881993,-0.00016954879724022075,-0.0,0.001408251385433125,-0.0009742051156787728,-0.0005669966966831355,-0.00027416813682260233,-0.001021146936062989
2024-01-14,-2.020487277582189e-05,-1.0213296035046332e-05,,-0.0006514756410593759,-0.001007225027400439,-0.0006640873212853416,-0.00031735479701146903,,0.0004209769137839248,0.00016546302532727004,0.001073578660401832,,3.4487653558621945e-05
2024-01-15,-3.536587802100005e-05,-1.021932326744706e-05,,-0.0001448711591811169,-0.0003185057095988115,-0.000255879692725708,-0.00039784194546944434,,-0.0002665762733353721,-0.00046813720403784937,-0.00024833662036409564,,0.0010520253066827663
2024-01-16,-0.00016678553118003168,4.524720745902572e-05,-1.8483449141148975e-05,-0.0007244656591449537,-0.0017525376762444846,-0.0014851342777667024,-0.0015439093157436753,,0.0017077072637318009,0.0019025307786535357,0.0031645595655532834,0.00159291981845236,0.002442486595905413
2024-01-17,-0.0006176607825343911,-0.0001282487716978291,9.249265372912747e-06,-0.002356300295716237,-0.0028213809288602024,-0.0015425675652807316,-0.0002699827871595761,,-0.0021967152568627586,0.0014546044354208625,-0.0002916016941001435,-0.0007943013967404605,0.001522633694458316
2024-01-18,0.0009171300878312067,0.00030362047517720455,-0.00023113733585349025,-0.0001453616313806303,-0.0009618817085714794,-0.000929434273031122,-0.0011367192563069414,,-0.0024767824616668986,-0.0010577295045805031,0.0003538603129876162,-0.0004615886418996433,-3.522760100260022e-05
2024-01-19,0.0011104601854432074,0.0003165647338043628,-0.0001984903924304611,-0.000545189074017286,-0.00010701520917907096,0.000362361330637738,0.0007657302850943436,,0.0012849916342441191,-0.0004448808248256558,-0.000958251842655468,4.934696644611804e-05,5.28336106597035e-05
2024-01-21,0.00013076141206487042,7.141491224763028e-05,,-0.0003541832345265087,-0.000353433626760259,-0.000197824897053028,-0.00013700082915935128,,0.0005510986875598861,0.00019193321659428922,0.0002592976761887943,,5.951756672824782e-05
2024-01-22,0.00018563777588901517,-6.545403474133218e-05,,0.00021259086913709307,0.001010323142188136,0.0007917443884311447,0.0002972757559657426,,-0.0032294111984801583,0.0005611354337310589,0.0006386516488518427,,-5.953073530262795e-05
2024-01-23,0.0006385347900578975,0.00037552078869737245,0.00025866347921184616,0.00042508460937912995,-0.0002522148590194589,-0.0004937301132288668,-0.0006610275929581665,,0.00041204520681837936,-0.0006557357528284055,0.0007994875827359116,0.00023491695064593033,0.0003571054003696064
2024-01-24,-0.0001366683414056477,0.00013522949028595713,9.105615465705725e-05,-0.000920596050090923,-0.0016147599437752905,-0.0010877313912671675,-0.0007117055824452774,,-0.002108967700669199,0.0010908786435976903,-0.0011013182350322812,-0.0005207469834194182,-0.001132336647918272
2024-01-25,0.00038990226741643976,-0.00024735077520942825,0.0006521142484042547,0.0017366878595145255,0.002680662185132851,0.0016862482774170227,0.0007866373850170356,,-0.003627129594300037,-0.00031719022543331076,0.0016777683297998195,0.00020108836115267456,-5.934690390192231e-05
2024-01-26,-2.728221339797746e-05,-0.00012628974311921975,-0.00012946544525142286,-0.001167426995424214,-0.0014611527057978148,-0.0008391058851738596,-4.588229969696486e-05,,-0.002351095205438228,0.0001698542468516489,-0.0003007607543556973,0.00013418545769390715,0.0011471204527635707
2024-01-28,-0.0003514897166267876,-0.00015749502288855307,,6.457647265883586e-05,4.49376461136477e-05,-4.3418801453075336e-05,-6.72176105652553e-05,,-0.0013025283263928022,-0.0003032020521377307,0.0004245569271698767,,-2.193226439162942e-05
2024-01-29,0.002009034987297936,0.001528309478596313,,0.00032285778052916465,0.0010334909265370816,0.0011290474787096867,0.0007064866607844866,,0.003696521126757238,-0.0008101465456574393,0.0003612059289975372,,-0.0011842548524556445
2024-01-30,-0.0009434085145386938,-0.0017034293799174636,0.0005414904449901998,-0.00022591444597176746,0.0001345787525773984,0.00038940135668983635,0.0006658925405812386,,-0.0015875895763237447,-0.00041655227459021975,-0.0003402250080080575,0.00017709613948808258,0.00013106144553280428
2024-01-31,-0.0021840839938544973,-0.001045993198895847,-7.43242726006575e-05,0.0015818224756360291,0.0028703901131149952,0.0019877687116967115,0.0008737102217144964,,0.0038687332147424734,-0.0019276320768593933,0.0012111580359690686,0.0002304062465745754,-0.000961541445511911
2024-02-01,0.0032180023554482452,0.0019828096659225175,-0.0001995448989227953,0.0003866639278166036,0.0011160772441205656,0.0010304680614996427,0.0007323736952009813,-1.2011684815405567e-05,0.0033468391666479106,-0.001277302497357598,-0.002492607729471856,-0.001064503008685398,-0.001132701193586151
2024-02-02,0.0007688889720835156,0.0005860600305303748,0.001360268341278937,-0.002673206759759339,-0.004411721419708836,-0.002995542542024139,-0.0011914533376888227,-0.0,0.0039053857196413026,0.0012769883264169733,0.00366583632920534,0.0019070870343238292,0.0037974968485489044
2024-02-04,0.00020508080378662012,0.00016951133470589525,,-0.0004024313019148896,-0.0007652684621263705,-0.0005375641273529631,-0.00018812107191420828,,-0.0008152840129891423,9.59141853946348e-05,0.0004843938787117371,0.0005159341132286838,0.0004892351740895672
2024-02-05,-0.0009605436219319845,-9.085200014139471e-05,,-0.0008340525248373418,-0.0017746424049229852,-0.001500437577947267,-0.0009000265038477466,,0.00026307219260072534,0.0014298164265133962,0.001777840144887731,0.0017445901450804902,0.00034999749182197594
2024-02-06,0.0007841966214805354,-0.0003656999936731503,-0.0026850049717101073,0.0007485986937973337,0.0012138565316798685,0.0008510512382101081,0.00033898701826252795,-0.0,-0.0016688755361594163,-0.0009762792547677838,-0.0007183181761606615,-0.0013439943021375308,-0.0017986530351857737
2024-02-07,0.002076234377152321,0.0015783160347696858,0.0012918001003460681,-0.0003739283720570735,-0.00044411147582572254,-0.0003085169401846574,-0.00023448671713622267,,-0.0011952370831756075,-9.61853803803368e-06,-0.0007404217479958199,-0.0006039778034250623,0.0008129259930899109
2024-02-08,7.627640740672352e-05,0.00020081833042137842,-0.0010270110874036887,-0.00046044771386093077,-0.00113136896177548,-0.0007335519486111549,-0.0002648368970660325,,-0.0053277898267721875,0.0002212155907104421,-0.0,0.00010761398005297911,0.0026546696314335167
2024-02-09,0.0013598557608315658,0.0013997080311667705,-4.4829305463206935e-05,-0.0004607288603823826,-0.0005668375103312017,-0.0004258255807709515,-0.00017734399191772583,,-0.0003339681524066067,0.00100140195015612,-0.0005544919026483529,-0.0002368445559406579,-0.000117422835922431
2024-02-11,3.121637898955196e-05,-4.178086481207869e-05,,0.00010460559547996809,0.00018197642832729776,0.00013467187365174318,5.2169021803240706e-05,,0.0003255980061169421,-9.86394607921718e-05,-0.0006022259511656296,-9.074019771254594e-05,-0.00025384293619125657
2024-02-12,-0.0004525926131025932,-0.0010029631635762135,,-0.00015688443042253711,-0.0001455281192270565,-0.0001345958522723278,-0.00010423461060166572,,-0.0011011934135452324,0.0007778123749160114,0.0013601046553873624,0.00018142294219337837,0.00048194226893777154
2024-02-13,-0.003922907372978899,-0.0025969767611290816,0.0012977342133790681,-0.0025107260378171257,-0.003930404441873699,-0.002390425757318309,-0.0008746990875063512,,-0.0016402031280474563,0.003133111197722998,0.00351334233678432,0.0008396127183880669,0.003022759184368478
2024-02-14,0.0029120471440425397,0.002002245389223243,-0.0005086613202025768,0.001049985179926454,0.0017607021334467325,0.0011563033487682266,0.00037173062833884674,,0.0025248599722318956,-0.00016724573246601116,-0.001160853094819178,0.0008875980551023554,-0.0002562886942515438
2024-02-15,0.0018660720296063583,0.0007745615781814621,0.002196200907183325,0.0,0.00021931462464334372,0.00013537916383268877,0.00017137746047863058,,-0.003279326710308322,-0.0010695721098552763,-0.002185301279259356,-0.001118652546172061,-0.0010499932864116242
2024-02-16,-0.0021044968738697218,-0.002424369881144273,0.0017503975998672684,-0.0006814456055792694,-0.0011326282122035552,-0.0007103372958303333,-0.00021024076669717205,,-0.0021544720893626754,-0.0011531830207802101,0.001468739553877868,0.000909634474052839,0.0009446417682653901
2024-02-18,0.0007340462046467847,0.0006843913685190377,,-0.00016098228008709368,-0.00018958814565872852,-8.3728825179695e-05,-2.073895728894262e-05,,0.0017810672591084917,-2.4001699796581786e-05,-0.003037224632007577,-0.0013467271227788889,-0.0022543412656159884
2024-02-19,-0.0006593267437321294,-0.0003534202226783347,,9.201454878541918e-05,-0.00012644772334944072,-0.00022337221669770495,-0.00022824308128556076,,0.00010218237500239602,-0.0002159939706969027,0.0005181351214836795,0.0006072761464893223,0.00038728042857424016
2024-02-20,-0.001981529592591486,-0.0022163022490081317,0.0024889264756611353,0.00046000223739711763,0.000727287799651398,0.00047520712161736554,0.00012518769724273525,,0.0014657392253431146,-0.0009471319339308393,-0.0019590324797576562,-0.0009633536333155894,-0.0005261453931731334
2024-02-21,0.002434977746329327,0.0016823671915646233,-0.005861368046222974,-0.0005515800343766917,-0.000883902189201905,-0.0005298302285988977,-0.00020801596978707403,,-0.0014648257089711707,-4.7769915434627485e-05,-0.0005169380622436316,-0.00035385165551127457,0.0009678393975198919
2024-02-22,0.005680927784986053,0.004169156923943309,0.003627796149646138,-0.0005520872927144479,-0.00047449220468287327,-0.00016776797815044788,0.0002090684158775731,-8.123227805028317e-06,-0.0002727305905215533,0.00016716185311183894,-0.00025825423691313594,-0.0005806838950649399,0.000332700618576024
2024-02-23,-0.0003067997145734258,-0.0009750823050482272,0.003156031053084513,0.00016117368309756606,0.0006333535941021195,0.0007276169100410233,0.0006240479093612083,-0.0,0.002857815770544975,-0.0013621118007555585,0.00017209798241842828,-0.00022681145478334615,0.00013874997682027627
2024-02-25,0.0003697477250895664,0.0002987878756167928,,-4.177176785288334e-05,-0.00013631174631715057,-8.794419803146609e-05,-1.7786123453784812e-05,-0.0,0.00022138630856097737,0.00030090372930914936,0.00018907722608935945,5.061215785967644e-05,-3.323669319847217e-05
2024-02-26,-0.0016213496055472961,-0.0002641245936408233,,-0.0002715373144587945,-0.0003272682543547084,-0.00024198413329078427,-0.00016905200718106238,5.381965097883709e-06,-0.002047041377432143,0.0003536323854929142,-0.001954339296177854,-0.0004049611721600097,0.00029910780513920575
2024-02-27,0.0006386995537001591,0.000573455526794451,0.00038779151713060506,-8.359161370503593e-05,-0.0001637783829464276,-0.00017626422596930583,-0.00018773182373781072,-0.0,-0.0012932165445860803,0.0002622964776901688,0.000628632372388656,0.00015166892328087844,-0.00013302659074347636
2024-02-28,-0.001337168569091607,-0.0018534135130482696,-0.0015214395299979727,0.0005434288850355452,0.0007100192937589618,0.00041910514938278107,0.00017074633950061043,-0.0,0.0004490124301805885,-0.000551362943156466,0.0002831453026941711,0.0004552220557522914,0.0006316866815118088
2024-02-29,0.0021876011259496495,0.002619940840610831,-0.001135310164531877,0.002714436342413347,0.00032707619552006117,0.0008139466301599264,0.00019676952488294772,-0.0,-0.00018356307821439945,-0.0012445666154836414,0.0020772604627251694,0.0008864122119333515,-0.0016314122231624896
2024-03-01,0.003387525657413074,0.003572680240884538,-0.0005177111574674009,0.0009557301456684846,0.002723237746341485,0.000831569130580427,0.0008094693286101724,-5.382107259789183e-06,-0.0025995986678360485,-0.005098665257077798,-0.002178309721184473,-0.000685698949437158,0.00016586003084591769
2024-03-03,0.00026577884239995436,0.0003224544400009331,,-0.00014472444183020542,-0.00017935762395756479,-9.321022952499926e-05,-5.6123323954994264e-05,2.4788949785056447e-06,-0.00019037332719501715,-6.820069188430231e-05,-6.933005582066341e-05,-0.00017549132849452596,8.330283444979542e-05
2024-03-04,-0.0009739538283127297,-0.001749413180981782,,-0.0007031346986638036,-0.0005159534910495671,-0.00018657799746618883,-0.0001311452718537041,-0.0,0.0019642376769106015,-0.003488601321863908,-0.0008665458060123913,-0.000701577242804899,0.00129138734229455
2024-03-05,-0.0037932538373342322,-0.0038459494472927493,-1.9078749738159284e-05,0.0005383884219928128,0.0007639931109608799,0.00045166019655623824,0.00042297672069173474,-2.4789604572717095e-06,0.0007240609628018029,-0.0014894923163543013,-3.4621936024702936e-05,-0.00037501566398160123,-0.0014196563975064406
2024-03-06,0.001856639727291067,0.000833437324185925,0.0003720725044040526,-6.206020620516374e-05,0.0002913925346231086,0.00027919849276585376,0.0003626029460780617,-0.0,-0.0013431713373432891,-0.002070080320899555,-0.0029427290773397863,-0.0007990888670058533,-0.0026654910999533493
2024-03-07,0.004544772683815918,0.003692290900194148,0.00103788842223262,0.0005172275012639836,0.0004702663050247557,0.00017019086197276876,-5.526545609420005e-05,-0.0,-0.00022418082438355687,-0.001566742198397382,-0.003551995340600384,-0.001917976790695482,-0.005139758191911992
2024-03-08,-0.002448448470179012,-0.0030872421612993793,0.0023771802019473195,0.00031004116720258657,0.00040247116778625316,0.0001544808030145446,-1.844825517551954e-05,2.4788949785056447e-06,0.002173907496009419,-0.001885319928461466,0.0007894351344436053,-0.0011141600068502436,-0.00316240146001468
2024-03-10,-0.00023008413436305706,-0.00019220885630815053,,-0.00012861332806878104,-0.00011358112952894455,-2.915675298037432e-05,-9.118023277796104e-06,-7.564205154055229e-07,6.404165574983312e-05,-0.00016869068749117273,-0.00023509042705082436,4.402749079292226e-05,-0.0010025819139662941
2024-03-11,0.0006445495617779872,8.905216360284418e-05,,-0.00047168987418489344,-0.00028407634422659706,-7.778395053922446e-05,0.0,-0.0,-0.00043250340028092444,-0.00012037771688176928,0.0010184459791043054,0.0008366524522061514,-0.00014300549465637655
2024-03-12,0.003953980059152599,0.0026101052850817834,0.0013717512648347694,-0.000686669221572596,-0.0006825254781686498,-0.00025308088791773726,-0.000319207198354485,7.564005354652098e-07,0.00014366926902269832,0.0021973933951809346,0.00031374060711810163,0.0005078960369154478,0.004003273429559443
2024-03-13,-0.0005015429888228727,-0.0015439775424982082,0.002076742939944288,-0.0006015687142799851,-0.0005322438288737605,-0.000195388607320832,-0.00017474780745338714,-7.564205154055229e-07,-0.0027648295349466554,-0.0014131065811531973,-0.001961596473615536,-0.00011061064084597874,0.00014385973101793182
2024-03-14,-0.002076769458000102,-0.001861840082653933,0.0004536379760910816,-0.0006882419265885695,-0.0010666610319940617,-0.0004310659656483272,-0.0006744927272754071,-0.0,-0.0021419752800971893,0.0011520759021582147,0.005519077210663172,0.0012162418063366713,0.0032615421498623236
2024-03-15,-0.0032091404776869127,-0.0013538765073559072,-0.0006106163923683239,-0.0004737450106518395,-0.00040163794276539054,-0.00010843859993398427,2.821838011196808e-05,-0.0,0.00013833637347738533,0.0004946902494878097,-0.0003545634965615041,0.0002887158148978924,0.003374395351329651
2024-03-17,0.002993049178889235,0.0010887363974674492,,-1.845976991332536e-05,-5.855010841455588e-06,0.0,9.667396407264822e-06,-0.0,-2.563416171704972e-05,-5.886682552715327e-06,9.704987060087697e-05,-0.0,-0.00012048042101263296
2024-03-18,0.0010303409783832046,0.0006649203142798707,,-1.8461182236750323e-05,-5.269896198313215e-05,-6.3817929710799434e-06,-4.508115606697691e-05,-0.0,-0.0007430237644794954,-0.00011379338699066118,-0.00027180204630796145,-9.272957948809055e-06,0.0003853937472148933
2024-03-19,0.0012052799791561495,0.00044834718668938637,0.0004777458645418696,0.0001846259477592052,0.00014062337919383338,9.297126468887062e-06,1.9387397989161395e-05,-0.0,-0.00016418961245788836,0.00010566180627010801,0.0006596664805592915,0.00012053898667418173,0.002797438921085758
2024-03-20,0.0027023835564461557,0.0018092236887480592,0.0013114840935750933,0.0004704362171189187,0.0002339602456808952,1.1595029517607678e-05,-2.581155843258422e-05,,0.0005161960408829358,-0.0008964473794544454,-0.002778816527562922,-0.0007332547214382346,-0.00034056838359808675
2024-03-21,0.0003012434826527206,5.882293360588152e-05,-5.740186325774526e-06,-0.00021174468888774132,-5.831917525724189e-05,-5.781112114137061e-07,4.849248333962421e-05,,0.0004323645355758816,0.0004264511608125981,0.0029344150296422497,0.0013190920327654594,0.0018225538511559842
2024-03-22,-0.0008402554002769915,-0.00014339145883802645,-0.00026980168503832155,0.00022114504059923704,0.00020426631091052504,1.6189404116791924e-05,0.00012883505928693286,-4.339574337158153e-07,8.976389385861797e-05,0.0003318222345423885,0.0020412343678720343,0.000522403738601925,-0.0006109616693996817
2024-03-24,0.0002560700539660784,0.00024186880529673187,,-3.726989057522959e-05,0.0,-9.969905085726161e-06,1.873527806500523e-05,,-3.982744660705739e-05,-2.6022978491501213e-05,0.00011246241747746817,6.520005999576587e-05,-0.0005786270553275127
2024-03-25,-0.0007283672632170746,-0.0004942788993586623,,-0.00018637078408710828,-2.9143111121736123e-05,0.0001993700056036542,-9.35621786810842e-05,,-0.0006480571194830449,-3.584578154572703e-05,-0.0021370822414842204,-0.0008478026216930219,0.0006744543477788545
2024-03-26,-0.0006507621225146832,-0.0005706200468040436,-0.0013657663690453828,-7.459100537317013e-05,-2.653630071202173e-06,-9.996671822584459e-06,1.5061766232437097e-05,-8.075014931354678e-07,0.0004260338932502995,-4.1146781199076424e-05,0.0004487297638581104,0.0002167143984613777,0.0007716191585351158
2024-03-27,0.002212101158652784,-0.00010606665563522846,0.0013853582675500563,-3.7304047881468966e-05,1.0616070755201163e-05,-0.00011994311357182244,0.00012789949825702532,8.074801650793507e-07,-0.0002602740332926604,-0.00011157575540245207,0.0014217641407898174,0.00013013161574510182,-0.0007725517696951267
2024-03-28,5.8939883007748056e-05,-0.0001703524213371037,-0.00539092321965592,-0.00018654160973675393,-1.1936105538527877e-05,3.991336896385617e-05,3.7306611061803908e-06,-8.075014931354678e-07,-0.0007764274080152753,-0.0005706704878571278,0.0019864688065704796,-6.509674003696983e-05,0.0005787143689011594
2024-03-29,,,-0.000906159015192231,-0.00032352412713059766,-7.166371158180449e-05,,-0.00022751502484603503,,,,,,
2024-03-31,,,,0.0003038526773555036,-4.7076586855635154e-05,,0.0004364397144131059,,,,,,
2024-04-01,-0.001639357772450455,-0.0007223176202089737,,-0.00036902827048153537,4.474882435111725e-05,0.0004405073943837841,-0.0004549764720140499,,-0.0002431104666278089,0.00015799971298828154,0.002303590049977904,0.0011929994594794956,0.0006174017339748809
2024-04-02,-0.0011914703107266547,-0.0007461475714115943,-0.0034434320929088774,8.214748312038483e-06,9.132254119083693e-06,0.0001847953009441709,-0.0002216956125883438,,-0.0005780247127738325,-0.0004962653759594999,-0.0012418875345637302,-0.0003871683278993986,-0.0001075610795359332
2024-04-03,0.0007828873972028033,0.0006259354079223527,0.0015711678588611396,9.857320805235165e-05,-7.0315124489421494e-06,-6.486249299689686e-05,-6.575662284577873e-06,,-3.1306956700641236e-05,-0.00016831930752008665,-0.002896799358326722,-0.0010522678111623085,0.0002957034700948947
2024-04-04,-0.0030039981500384816,-0.0018710647323469014,-0.0021776791930819606,7.389597767487652e-05,-9.836898745957837e-06,-0.00014810954438584605,0.0001578552014034764,-1.4997800013919128e-06,-0.0004934347399753758,9.4636707782049e-05,4.1715403956444734e-05,0.00018531373490689507,-0.0006995175241468531
2024-04-05,0.002149972299109545,0.0011795989683055284,0.0004926441551005327,-0.00041859979370869764,3.930724143243738e-05,0.0003971407810125308,-0.0003922930388926221,1.4997403885957695e-06,9.229074925298352e-05,-0.0004024594385758835,-2.0859626031796218e-05,3.975406526233941e-05,0.0007786983299446816
2024-04-07,0.000156555619051865,4.6391090093864515e-05,,-3.1938201973451796e-05,3.094006482417678e-05,6.172255525845845e-05,-3.514665991675608e-05,,-0.00011222351166991104,-0.0004854884012154816,0.00045434201756774586,0.0003108383687147763,0.0003853166417885766
2024-04-08,-0.00018254402547585862,-0.00010047287586521766,,-0.00011978661128268997,0.00011142521358525842,0.00013895509556746083,2.933311515411827e-05,,0.00010238662040967371,0.0007109863857424494,-0.0019095575402499213,-0.0007898637320698517,0.0005997902048482429
2024-04-09,0.000352283656985853,0.0004099838752759901,0.0006279446292212869,0.00015980731795925307,-0.00017975648772834013,-0.0003864832125872001,0.0002226514694459135,-1.7924097570649574e-06,-0.00018134740263706515,0.0003997034266610561,0.00027200304532638744,-0.0004535844207526031,-0.0001715506189442123
2024-04-10,-0.003427101897899609,-0.0012933428121434712,0.001378176056492389,-0.0008862511565856677,0.0007731603949790631,0.0013247655324338634,-0.0005165389202765729,-0.0,0.0001305866472634128,-0.0005184533506795325,0.007014539296771381,0.0033371917799915897,0.004244589920834546
2024-04-11,0.0025467679994017056,0.002066118918227418,-0.008151019910382666,1.603667296349669e-05,6.866921926573356e-05,0.00021833541315098549,-0.00016025427021636914,,-0.00010603768978574466,0.0010561452106454454,0.001039091266063776,-0.0005302719745490007,0.0014255655889886568
2024-04-12,-0.004079177627161095,-0.0019448772460823045,0.0025469537719382982,0.00019242527134095714,-0.00020617595220770652,-0.00043755464754929147,0.00015538728867646074,,-4.115587596245889e-06,-0.0008548749198726671,0.005387349267406246,0.0027188985485820023,0.0003897733873197937
2024-04-14,0.0005694892341376022,0.00023162149946481401,,1.4562819649093239e-05,-0.0,2.6066339439804583e-05,-2.488613743226149e-05,0.0,5.315830712608468e-05,0.0007269062890384922,9.093016918583609e-05,,-0.0003656702606115018
2024-04-15,-0.0027609709690272805,-0.0013022219375689148,,-7.765941833572363e-05,0.00019674909234873022,0.00043021849377106696,-0.00013223334281484486,,7.349200225665186e-05,0.0005901202403407356,0.000977683102403559,,0.003686836725777677
2024-04-16,0.00013104636662819393,0.0002355324594112246,0.0010684016298837214,-0.00013598758636731653,0.00022625268841612502,0.00035367797684876767,-7.840518359643335e-05,,-0.00013445254408500645,1.3625307533481898e-05,-0.0009113145582638327,0.0006381921099595064,-0.0011724835870529063
2024-04-17,-0.0014055314131292092,-0.0009035136830765715,-0.003918336856810646,0.00012154834074587079,-0.0002501827750826409,-0.0004865710383657383,0.00011728436523266918,,-0.0010879553872120184,-0.0005449214205161334,-0.002114822131438381,-0.0005365928137890614,-0.0007350025760635943
2024-04-18,-0.0009239334677880388,-0.0007176602936422641,0.00013683969546616817,-0.00010200245521692835,0.00015079032753364366,0.00023544458767098833,-4.031066552204125e-05,,-7.59870188851453e-05,0.00040800671195797796,0.00135846225376015,0.00039130701556422555,0.0007004063301389222
2024-04-19,-0.0012913986733795936,-0.0011487210674730058,-0.002306289809444573,-1.9444740833039946e-05,1.1621691662329196e-05,-0.0,2.7828398010086828e-05,,-0.0002030736748799578,0.0004093907911850085,-0.0005449152039724251,0.0012994738607198697,6.681326900084154e-05
2024-04-21,0.0007171277157740978,0.00019015979719772439,,-8.465916782837862e-06,6.173945811263763e-05,0.00010407415849092777,-2.0304583111178307e-06,,-0.0001686113808215447,-0.00043038548493773285,-0.0003180420222404663,-2.9822874086774928e-05,0.00017590594853594715
2024-04-22,0.0009494327265710936,0.00011025815968367977,,4.233284266825574e-05,-0.0001441230762552059,-0.00018746929323288101,6.773441032696302e-07,,0.0001423178503212903,-0.003832813081861787,0.0004623681208053911,0.0007156911397822013,0.0007918207809786201
2024-04-23,0.002737200592280042,0.0007871694469585945,0.001280887630091518,8.040145243736255e-05,-0.00016454061412523002,-0.00018722498051359314,-6.771691241674238e-07,-8.01382177655996e-06,0.001216221161420184,-0.0007795555873132796,-0.0029498084353155795,-0.0029878410165185124,-8.810230019998898e-05
2024-04-24,-0.001585184211653228,-0.0004823097826556984,0.0009324450999460732,-3.805707581180149e-05,0.000133530378805649,0.00031163550624891014,-2.5061731820972243e-05,4.0071225524944764e-06,-0.0006898109538401076,-0.000635338584157471,0.0004892942770051313,-0.00029638442209472003,0.00207008454791287
2024-04-25,0.001723977157989151,0.0006113101035851278,0.0012343165084447438,-0.00015228099968644267,0.000411259790862468,0.0006454468144643137,-1.914871041750409e-05,-4.007016717549082e-06,0.0009608607053871742,0.0010603373905715536,-0.0017282922540732954,-0.0015103475195779544,0.001370344528224767
2024-04-26,0.00047045282881020856,0.00015701533846669666,0.0038064769197342623,8.471786154769232e-06,-0.0001443702487817056,-0.0003346372825873009,1.9289620770116474e-05,0.0,-7.830455573494321e-05,0.0005232473924480631,0.0019532571017023426,0.0004424091799275177,0.01005860582834717
2024-04-28,0.00025191189607120384,1.03720167389132e-05,,4.589795879644071e-06,-8.680518462382108e-05,-0.00018034543306290476,-3.816000463109945e-05,,-0.00041567783612551077,-0.000162769003240638,-0.000298962578190382,-0.0,-0.00039009285945732197
2024-04-29,7.542658857350191e-05,4.677814550371568e-06,,1.0708286482120138e-05,-0.00018435116188476132,-0.00028017110358346316,-5.389128872490521e-05,,-0.000566521671803761,-0.0002295712771274871,-0.000512172226611452,-0.0016027689159812154,-0.005586034074540765
2024-04-30,-0.002186095571633365,-8.347195126477964e-05,-0.0015242546915463142,-4.740963170302735e-05,0.00043321918348523106,0.0006390932543979055,0.00010730813316792768,,-0.0011788341617036506,-0.0031366794343722737,0.001961129012208132,0.0017392895278068134,0.004517902122679803
2024-05-01,0.00023003785979839128,4.8854205339316885e-06,0.002391832872504212,4.899745092597822e-05,-0.00039106026965619905,-0.000541744461884038,-6.686723382034456e-05,-4.3674849563551645e-06,-0.002128168767734276,0.0023711950814397356,-0.0019267639890065827,-0.0010204337814216802,-0.005151227205681029
2024-05-02,0.0010205744294961446,4.762338689221598e-05,0.0003749881339990717,5.352494290262017e-05,-0.0004225143587260817,-0.0004996532532708232,-4.1168157763121885e-05,,0.00010746781443258147,-0.0014825414329619367,-0.0006182396455382842,-9.685849064172781e-05,-0.0071673279832062614
2024-05-03,0.001385969565344887,5.6760562906752324e-05,0.00029932240995955315,4.8871241660204624e-05,-0.0004212924039621768,-0.000637248296966085,-0.00013255710567803476,,-0.0011902605305086488,-0.000255477330696856,-0.0015328661464017455,-0.0003146896590446478,-0.00018869448575918604
2024-05-05,-5.165776887730009e-05,5.722325659624096e-05,,0.0,-1.3338857358536488e-05,4.905832997020943e-05,3.274584832947376e-05,,0.000488850574064158,-0.0008139024373157875,0.00023331562528569442,,0.0010582837562656358
2024-05-06,0.0010623172231355076,-0.0005009242629372592,,-9.998535800656907e-06,-4.0013613364160445e-05,-0.00017175350935238345,-0.0001257189675560173,,0.0006273034651054764,0.003519854662513675,-0.00030345120394953444,,0.0018235113893528333
2024-05-07,0.0001935020334914534,-5.603194050191902e-05,0.001999422294759119,4.286238853715286e-06,-0.00013334913284800392,-0.0003186502294117358,-0.00015758539337202543,,-0.000699741078433344,-0.0012298081638504902,0.0005598795157963475,0.0022447978885383538,0.0013131390392583408
2024-05-08,-8.522937414033837e-05,0.00011884905409033173,0.0019963678993157974,-7.142908380758923e-06,0.00021320101275445257,0.0003914542580597743,0.00016182252136490407,,0.0012043205107564942,-0.0008202143824618478,0.0005838583372918032,0.0003093013932779325,0.001537681449010125
2024-05-09,0.0007562443548779858,-0.00019254804734596698,0.0021023969438986358,8.573136267661101e-06,-0.00021345328432701127,-0.0003187875391917209,-9.783657541703995e-05,,0.000506398223759066,0.004125325342515994,-0.001847138484342326,-0.0008667369026195853,0.00016546806193830021
2024-05-10,-4.519993203188888e-05,-2.2769289904629808e-05,7.198923541651452e-05,-3.142758993231219e-05,0.0002798263292401827,0.00041609903957537706,9.197885821613324e-05,,-0.0018264747610708685,0.001457502904135416,0.0006988760749250571,-9.2657066484515e-05,0.0010760437820097036
2024-05-12,2.017045368906025e-05,-2.2308654154052165e-05,,3.3886099765808713e-06,-2.2315126586356444e-05,-8.366839617550122e-05,-3.6228830716202864e-05,,-0.00012476215570588964,-3.004339333387386e-05,-9.678875895996975e-05,,
2024-05-13,2.419877347093704e-05,-0.00013037336256919183,,4.5176257315674045e-06,-4.462365057572196e-05,-2.090508117597188e-05,-2.714393221108256e-05,,0.001072520982057772,-0.002253540131903775,-0.0008515434224202115,,
2024-05-14,0.0004394853105129205,-0.00045707027831422785,5.806917277980669e-05,1.4680026984569298e-05,-0.00023420486901605173,-0.0003344332618635616,-0.0002441088099178875,,-0.0007194076184365337,0.0017493536153203827,-0.0013326534443379254,-0.0007401366882831435,-0.0002934037749767123
2024-05-15,0.001062950194371042,-0.0010324249551576495,-0.0007328403564002031,5.191877641721192e-05,-0.0007237958429693938,-0.001021853787392758,-0.0005746781096864873,-5.828378199111739e-06,0.0005806640652418372,0.00352326408012814,-0.002791581931112685,-0.002844781499145213,-0.0037263532559112206
2024-05-16,-0.00028125572549639923,0.0002340647353615582,0.0016843072372336174,-3.267367960883935e-05,0.00032138193166074495,0.0003727577052718702,0.00011487261682606635,0.0,0.0004118188584779892,-0.0014242712158334463,0.000784094596652591,0.0004883311955892912,0.0019409505929372584
2024-05-17,0.00012321151967549637,5.789672094153734e-05,-0.00142770319229693,-2.2558652688739135e-05,0.00033317404204750864,0.0004982864769662302,0.00030141102958663535,0.0,0.000645345886670803,0.003751362214877928,-3.832057449358598e-05,-0.0008422093659308598,0.0004575680114308739
2024-05-19,0.00013798698929902398,-0.00014633806059342444,,3.37910411510107e-06,-5.783416017397794e-05,-8.896371470577459e-05,-5.64361041536462e-05,,-0.0005688538791142084,0.0006330102829368887,-0.00012000349575317565,-9.009732130051553e-05,0.0002074998194374016
2024-05-20,-6.889650740247481e-05,-0.000376265010358377,,-1.4641097412493615e-05,0.00018500104648795388,0.00028896661810275256,0.00026780180509730026,,-8.064019833716856e-05,0.0006440648104176422,0.00042844611773100357,-0.00012010140025723443,0.001142133970464743
2024-05-21,0.00027577986766887997,-0.000272106412951379,0.0002922600351483806,6.760805044132128e-06,-0.00016206721596887907,-0.0002895050394923771,-0.00031157521641155504,0.0,-0.00088804929406321,-0.0005808898309244419,0.00025736319148129055,-0.0,-0.00018769514856255298
2024-05-22,-0.00010083558720181477,-0.00027011527094877543,0.0019375057374638172,-2.253082238788056e-05,0.0001965926185505747,0.00022228201392520222,-7.042102466016385e-05,-6.051361787350514e-06,-0.0010264513339918776,-0.005101923050107616,0.0010301633213958621,-0.0003301749158949416,0.0009378184446271065
2024-05-23,-0.0009772771566921089,0.0007639274059542125,0.0013361761244831466,-3.0439997721415154e-05,0.0003821002470716643,0.0004897210329715684,0.00037979628224481287,0.0,-0.00027650058932971355,-0.006412024306006901,0.0004820738436815468,0.0008097286062109778,0.0004391866150942239
2024-05-24,0.0006117355778636518,-0.000752276545722359,-0.0010523153530333387,-7.90005169151322e-06,-0.0,-8.932171758193865e-05,-0.0001557876082058024,0.0,0.0008790032289501608,0.0002445699423469333,-0.0012584612971584593,-0.0012923104608501745,-4.189600547025744e-05
2024-05-26,-0.00011105141625702251,0.0001281679567106853,,2.349060067023154e-06,1.3071697104284554e-05,-4.513404757009707e-05,-4.415760562028564e-05,,1.946845030015769e-05,0.00047705443136853863,4.423634614618178e-05,7.997698766804038e-05,-0.00015792644984248243
2024-05-27,0.0002278695362371043,-0.0002671115729431472,,-9.396601995699512e-06,-3.921799570449955e-05,4.5121085465675644e-05,9.925455764805087e-05,,0.0005254455441412348,0.002041459250497334,-0.0004129296063861286,-0.0010132804873389139,-0.0
2024-05-28,-0.0001608658267785702,-8.309946159045394e-05,0.00029811928906187357,3.7580621006957686e-05,0.0004574416445793234,0.0007672788086905164,0.0006410931105146024,-7.366240666586167e-06,0.00102080630681178,0.0009466096003163687,0.00029456987374889404,0.00034561729940500735,0.0009471142531361124
2024-05-29,-0.0011553690171037369,0.0007703312000319024,0.00011494213641242218,2.820283470652254e-05,0.000393111639201173,0.0006803332257126858,0.0005945275987433278,7.366435236994279e-06,-0.0006230001159245763,-0.003154997572184185,0.001533173677113403,0.0016233949583028759,0.0009497872002286553
2024-05-30,-0.0005329026267597636,0.0006213644955470912,-0.00015538469250567236,-4.702645912455959e-05,-0.00048591991533106113,-0.0007516212592797965,-0.00045487377752162717,0.0,-0.0009366182008362889,0.0009123979811240141,-0.0008739655692198867,-0.000855707793403399,-0.0013228823294589508
2024-05-31,0.0012678550942804775,-4.5660490292179746e-05,-0.0012917762304363962,-0.0002631453771879412,-0.0010215593847368626,-0.0008613824187660539,-0.00031513917104559737,-7.366240666586167e-06,-0.00038302721944105444,0.0005024213530095769,-0.0005318156917972237,-0.00037343115662073046,0.0007642675547232504
2024-06-02,7.862923259232125e-05,-9.65555280973291e-05,,-1.8050793620984993e-06,-7.320307163298334e-05,-7.881003187706006e-05,-6.220675242498657e-05,8.858063007100926e-06,6.648773090037698e-05,-0.00024932675732511507,-7.896703464399856e-05,-0.0,-0.00034164601694089734
2024-06-03,-0.00014407203133772115,-0.0002655078757335363,,-2.436670306276092e-05,-0.0006293142824084156,-0.0010766069802170873,-0.0006418207297236775,-8.857829038175803e-06,0.0004418147180877999,0.0038672003054710065,-0.001434171488340043,-0.0014664352531265506,-0.002730810477944283
2024-06-04,0.0003867761943345584,-0.0003936193374714713,0.0016669125682078456,-1.9833821885348998e-05,-0.0005252023067766542,-0.00075705053721165,-0.00047897743508783436,-8.858063006877533e-06,0.00018420661386191905,-0.0034872791125432293,0.0006807753314375116,0.000830504461827412,-0.002434721327142621
2024-06-05,0.0015231965055381976,-0.0015919353437565404,-0.0001707536163273886,-2.161868302938407e-05,-0.00036376113937380914,-0.0004419606601617686,-0.0002316629821824654,0.0,-0.00025213632445710845,0.004003787794367104,0.000249338822872868,-0.0004727328238328198,0.002205417369291923
2024-06-06,-0.00014226098573690569,7.071946355906742e-05,0.0009523045658411557,-8.99952025704905e-07,-0.0,2.593507636354946e-05,2.0030431206320873e-05,0.0,-0.00021184909337110461,0.003313212196108261,-0.00045970946371957775,2.2474137277197224e-05,-0.0005544443643240125
2024-06-07,-0.0002783406551874885,0.00019795940768868337,-0.0015620859612538876,7.109349228606112e-05,0.0012926203103417546,0.0016860188103266678,0.0007615317095026118,0.0,5.290741317412659e-05,-0.012889550651668457,0.002360422939462001,0.0016632161582130517,0.0028606211841249126
2024-06-09,-7.343817705154912e-06,1.1831850218632115e-05,,-7.5347388812884045e-06,7.6570103004637e-05,0.00013548630867374418,3.019355686527651e-05,9.36574882985626e-06,1.775938761923226e-05,0.0006849521777388222,0.0007568902560584385,-0.0002138103851187194,0.0001380729079268028
2024-06-10,0.00038189635463053203,-0.00021118908631111762,,1.1303841973584268e-05,-0.0,3.874916185651622e-05,5.043664749593957e-05,-9.365501444838537e-06,-0.0023981536123862603,0.0017868140836149707,0.0005003135287497329,4.272848280813917e-05,0.0006905808192526121
2024-06-11,0.0005421513120522699,-0.0006225665117114487,0.0016907211721732785,3.767080565186918e-05,-0.0003283268873043089,-0.0004845032301153573,-0.00012150693258222694,9.36574882985626e-06,-6.0023818031965846e-05,0.0007884971078309761,0.0007757942277020882,-0.0002777787832814484,0.00020749927597017945
2024-06-12,0.0014967456720275715,-0.0012376415597803324,0.001907872662729885,9.598695325190571e-05,-0.0006988853979613891,-0.0009076171566781318,-0.00015385872831485037,-9.365501444838537e-06,-0.00014564152603688908,0.0006325035970004895,-0.0023001851125013413,-0.0011953645223406536,-0.0006227909519852707
2024-06-13,5.7858908145911235e-05,-6.450739653942971e-05,0.0003160241094661879,4.3203822260133706e-05,-0.00032606786758486797,-0.0004603769468199514,-0.00015210600382191663,9.36574882985626e-06,0.0004017817625837531,-0.002864370791561948,0.0024299123125499666,0.0008925998758178191,0.001001969988660788
2024-06-14,-6.50673322484005e-05,-0.00027368069581237234,-0.0018075177484584476,1.876776605029431e-06,-5.422557219475415e-05,-0.0001720561301249436,-0.00011769868396064558,-9.365501444838537e-06,-0.0005676112948516087,0.004781218003886513,0.0011019586817243967,0.0014499207433440763,0.0008311054182908872
2024-06-16,4.398994852281935e-05,-4.87910969246041e-05,,-4.237420357283338e-05,7.212467891372471e-05,7.289309187750384e-05,-7.774036447345208e-05,,0.0002538277400991745,-0.0007155087482843831,0.00010511787319153469,-0.0,0.000595073923765404
2024-06-17,0.0013999603743423917,-0.0007248089841920429,,-0.00012186307664332749,0.00011661978205157274,0.00011353339291402986,-6.940577531408444e-05,,-0.001758648255281122,-0.0012935604554394533,-0.0005257121442626159,0.00025397744448053355,0.0011518359393279127
2024-06-18,0.00030516472903854207,-3.6156425855010405e-05,0.0021022908020913774,0.0001166672171994758,-0.0001501701767896866,-0.00015438631691793933,0.00012629056870735387,8.794190899303007e-06,-0.0011122651809852607,0.001173033945205978,-0.0016383083361653338,-0.0008319202652644296,-0.0024283759262229204
2024-06-19,-2.9007777597734262e-05,-4.4969284631373744e-05,-0.000931121559915149,-2.6492985525221337e-05,3.885622346223521e-05,4.05190251956029e-05,-1.297247070191876e-05,-1.7587917222826235e-05,0.00019060292888138186,-1.5590387133399568e-05,-0.00025113332929655385,-0.0002765213689514963,0.0006735160533262623
2024-06-20,-0.0004497023837871747,0.0005063520600950218,-0.0022273617742073447,-4.2396877431996254e-05,6.664474572590294e-05,8.109528065287482e-05,-0.00011251010379373576,-8.794423199575404e-06,-0.0007415486099399403,0.004895590505300706,0.0019242818563935467,0.0014503679465454119,0.0031737275934148722
2024-06-21,-0.0004364270171245331,0.0001480199987650226,-0.0005529174314448546,1.0602461205236714e-05,-1.1117207419173148e-05,-8.120998402018463e-06,0.0,,0.0007466700235304817,-0.006092405219759229,0.00039911235726911465,0.00039331669992509623,0.0032337580966300392
2024-06-23,0.002243236853612747,-0.0005796965427801912,,7.1050867051477195e-06,-3.2588215946699275e-06,2.2907434687890337e-06,1.1431891885248809e-05,,0.0004051768283533082,-0.0004976082213699504,0.0002711221319924869,2.4540387528782436e-05,-0.0002099786166263579
2024-06-24,-0.0005325200432968471,0.0005367066193609013,,1.4209630187195647e-05,-8.145862461447257e-06,1.6032936860072588e-05,0.0002171528002488456,,-0.0017233135004458213,0.001758825670756133,-0.00221941238216252,-0.0011044047918596527,-0.0007556218793004269
2024-06-25,0.00045026146314826554,-0.0004457414882135526,-0.0004058293213813534,-7.104271932788053e-05,1.30286162760277e-05,-1.1440773462200275e-05,-5.6881040237440685e-05,,0.0011168672300281045,-0.0017060732851442322,0.0011296149455185102,4.891055718868057e-05,0.000293432127764559
2024-06-26,-0.0002663923337300927,0.00010779675028229572,0.002525486779250568,-0.0001847817027603801,6.355166906440891e-05,-8.014201970205393e-05,-0.0007175749196072785,,0.00010705343417978069,-0.0033266838043081973,0.0016488386070590503,0.0015409254655235542,0.0033973209625799364
2024-06-27,0.0008995450270964479,-0.0004009365124906161,-0.001745581856647087,0.00012805310792774746,-3.922059795851197e-05,4.142083353033914e-05,0.00027762680679349795,,-0.001464696281473902,0.004336129159146638,-0.0011109003167664945,-0.0005653679883622181,0.00046435876878683
2024-06-28,-0.0006824499790403982,0.0002897501574825295,-0.0025819545777631503,-0.00015640159418382415,6.688410976879593e-05,-9.181151802626019e-05,-0.0010464487031298698,,0.0004926270959918276,-0.00018997716805319937,-0.0003448873193456531,4.9073012182894155e-05,0.00029576170119246663
2024-06-30,-0.00010276215201093493,1.919771487290105e-05,,4.555653885870337e-05,-6.519379249951936e-06,-3.627601311644218e-05,-0.00019032892974008115,,-0.00035070493218261915,-0.00023556564846380427,-0.0013066322751064563,-0.0001775311968708039,4.2441963773280816e-05
2024-07-01,-1.713631792921989e-05,-6.89015739807965e-05,,-6.376694833271026e-05,-6.84635384610295e-05,-0.00016333516728535687,-0.00044544693609378924,,-0.0021749551115914528,0.0008644065211835691,-0.00015643094289819007,-2.53475654662763e-05,0.0023344953216257016
2024-07-02,0.0011396682004139159,-0.0002033773367079721,0.000418740491739078,6.378403813854511e-05,5.2243282788159976e-05,0.00011826784104708279,0.00020828776265522972,,0.0005074162663788358,-0.0002873234071566508,-0.0005212908846826661,-0.0009631313508522699,4.26335290168219e-05
2024-07-03,0.0009795364418994706,-0.00015291289830148992,0.00027838567524417223,0.00016397215285538213,0.00010762508779579357,0.0002542582032345701,0.0006387729716006775,4.725795377369399e-06,-0.0007775385608656917,0.0036079924113673156,-0.0021353052799231217,-0.0014403705634366917,0.0006395544831261228
2024-07-04,-8.473906534035539e-05,1.12265159894187e-05,-0.00033637091355094947,-4.551646081426055e-05,-1.9520862307764625e-05,-2.713354008366363e-05,-3.161797941755577e-05,0.0,-0.0003922600197735425,-0.00032300034494581095,-0.0010117150039756363,-0.00032703649309015015,-0.0008110830195870984
2024-07-05,0.0009071136306004333,-0.00018431717299235032,-0.0009527431069557479,0.00048256677478832267,0.0001920396085428207,0.0003800315985214478,0.0006801279871904703,0.0,0.0006177338103641435,0.004552653117067808,-0.0015018889265250963,-0.001407337203252608,-0.0017901753561207158
2024-07-07,-8.381742175133722e-05,-9.982595876623417e-07,,-5.582145814361279e-05,-2.980861231528917e-05,-5.50667925361571e-05,-0.00012645930302172234,,0.0002738195020876373,-0.0006011122459673462,0.000807105402899965,0.00017066265070166378,-0.0005287067155577255
2024-07-08,0.0009596283616708151,0.00019666430183601762,,-4.652854043208085e-05,-1.7891699590607008e-05,1.3774485829237809e-05,0.0002534223025454047,,0.001109879521061962,-0.0027328505841465963,-4.89900211389165e-05,-4.878740672664974e-05,0.0007042635881603373
2024-07-09,-0.00017621041134915208,-5.3854312106185165e-05,0.0013422684105235182,2.7922455820938918e-05,0.0,-6.886269039766897e-05,-0.0002681929645816336,,0.0006251595928728369,0.0002936148165176341,0.0004653622211641411,0.0005609675809195028,0.0018069950789094446
2024-07-10,0.0018471282657289132,0.0002429870578193237,-0.0006494742460762553,-1.8612837759600865e-05,5.965207067386776e-06,4.134684702071329e-05,0.00012674270285419162,,-0.0008856703917852831,0.0007494946882864369,-0.0007599419110051845,-0.0015393271931393453,0.0012381234291096146
2024-07-11,-0.0017021483686615374,-0.0006126296959143754,0.0010551402939825449,0.0004839707486602884,0.0003161328772628793,0.00048217519454642676,0.0006166423052882554,,-0.0006465837670480405,0.004657213599366846,-0.0016401053768087936,-0.0015560942701440584,-0.010547853443102398
2024-07-12,0.0011224309252260683,0.0001681547725411172,0.004668786889633577,0.0002693717651352693,0.00015448588293581926,0.0001782114089907916,0.00021923399351694658,,0.0009518644531270256,-0.0005744732612264503,-0.001879087134196148,-0.0017177368158658385,-0.00243503168502173
2024-07-14,0.00021561158080377638,5.85780276806205e-05,,-7.667652874230144e-05,-0.0002696609782695409,-0.0005096041636277735,-0.0008871583542672285,,-8.999405564973651e-05,-0.00030681053436726433,0.0011327224980130978,,
2024-07-15,0.0009694823437805505,0.0002073498214458323,,0.00012782341688964254,0.0001409281275434586,0.00023235641313289418,0.0001794119350371148,,0.0006444868559737166,0.0015248623773604407,-0.0009964585645580479,,
2024-07-16,0.0009779597796694525,-0.0001915095559256237,0.0006016842064308856,0.00010221980301552146,0.0002581428471763955,0.0005104647391927006,0.001014403338710035,-0.0,0.0016422860953614002,0.005006499544181771,-0.0007461102302212753,8.186309961896932e-05,-0.0012186798632549212
2024-07-17,-0.003030303091255761,-0.0014640794155756172,0.00199539444943949,-7.664150996616671e-05,-3.5145089725651317e-05,-2.313132866991058e-05,-7.856944955684277e-05,,-0.00384811549452885,-0.0008563968009135932,-0.0020147665551377087,-0.000927996278642909,-0.010592603975297842
2024-07-18,-0.002271335751310928,-0.0003339819287027172,0.003483997881547577,-0.00019164753838738944,-0.00015232855659076092,-0.00025448031687264066,-0.0005112011299686637,,0.0013475287239504128,-0.0022875565846069276,0.0022556213117730078,0.0015789156846042172,0.006481970412806401
2024-07-19,-0.0023753272767361097,-0.0007275939374685631,-0.0004326130595686432,-0.0003195950576356088,-0.0003987741019268629,-0.0005792583992383342,-0.00047489835684852763,,0.005584437400297361,-0.0044308248714127986,0.0008835495226918485,0.0010937831988001544,0.0009066388498811631
2024-07-21,0.0007044261492292248,0.0001620118921963949,,4.366007505136794e-05,9.585834375029163e-05,0.00022978504655140442,0.00032408842385476036,,-0.0006355369525203893,0.0008023447883433118,-0.0007224311202869217,-0.00019448897633802381,-0.0002997333899101081
2024-07-22,0.0012216493138642833,0.00019209581404194102,,-7.6393481108262e-05,-0.00014370377216840676,-0.00027535374146122786,-0.0006094503052797968,,0.0011612614441321022,-0.001262949936299778,0.0004146368830920408,-0.0002296549757244372,-0.001048409245587275
2024-07-23,-0.0011056007854438128,-0.00022504598918799846,-0.0008342734110752003,0.00010916267335126446,5.992892665229878e-05,0.0,-0.00018076538144721772,,0.001321466209415553,0.0009652642670828472,0.001407642679349382,0.00038825634249870585,-0.0036613992003638888
2024-07-24,-0.003298500571073763,-0.0007274560471923281,0.00027772785550773813,0.00018550581114581207,7.188852117810818e-05,-9.193995006890459e-05,-0.0005980126126113487,,-0.00019524410579682073,-0.0008535255030894224,0.0005795670670604719,8.839039001350952e-05,-0.00578403113522279
2024-07-25,-0.0012226150997374867,-0.000355277726359945,0.0013163939152277782,-6.543024274503038e-05,0.00010778567607418845,0.0002759755706586556,0.0006029722547868182,,-0.0011844926681693002,-0.0027026933714316814,-0.0003264871999441794,0.0010080407058151513,-0.0011356446383607123
2024-07-26,0.001779795955897004,0.00022117247693430848,0.0006722326533554503,0.00021815066646154583,0.00032314528395198963,0.00048214063783337156,0.00038055348075264267,,0.0027161306323851566,0.0017794995411083117,-0.00028997032709670743,-0.0003375037089155049,0.0008771242038034985
2024-07-28,0.0005733966893171371,-4.669341734160917e-05,,-1.7233327757754188e-05,2.1963973527682727e-05,7.88006023657755e-05,7.050803157038243e-05,,-0.001979389378413458,0.0009324808958845528,4.143555980905029e-05,,
2024-07-29,-0.0010168755843702,7.720186078054024e-05,,-0.0001551058547876609,-0.0001098118934965443,7.877846736531908e-05,0.00039924852597404074,,0.0038451141185974987,-0.0016045443937691473,0.001533256799364051,,
2024-07-30,-0.00035107942185779074,5.163956823054979e-05,0.0017080199572205449,0.00029307814843692817,0.0004613774582972647,0.000590672585973659,0.0003274138069351463,,0.0008536840621940283,0.0027245289616668234,0.00041580954450725634,0.0004135740505698417,-0.004080761989397161
2024-07-31,0.004560248106299992,-0.00044185423578950797,0.0015773691569716077,0.0007063781924505571,0.0011845922171536511,0.0015325210044826178,0.0012818407526246414,,-0.007939407541191336,0.007381180606776341,-0.0005826714032198525,-0.0005326082044530538,-0.010633715202272947
2024-08-01,-0.005288078158342578,0.0005307725512133125,0.0003612554376473487,0.0010837192731515052,0.0012455248611802834,0.0016414376310556764,0.000988794462792845,-0.0,0.0040643702862088295,-5.203352561046375e-05,0.0014340132593095535,0.002440916925524194,-0.0024013746046059894
2024-08-02,-0.004405446426225914,0.00029039353236992284,-0.0024200526041658695,0.0022823875990371193,0.0027202126002461246,0.003380336230585715,0.002571633030773688,-1.7024568047949833e-05,0.006414038430422569,-0.00032962507398176874,-0.005045505555432125,-0.0014112292865658424,-0.009275493700799158
2024-08-04,-0.0008032051380266888,0.0006306520930692415,,9.656136152198673e-05,7.914516987795159e-05,6.99503800582627e-05,8.140624827741684e-05,,0.00032656600944524664,-0.00017934547640157634,0.00018782560912651623,0.0002794965981154029,-0.0022406060751042085
2024-08-05,-0.001194670911741278,-5.550829200835109e-05,,-0.0006481694266950627,-0.0009494712252914054,-0.0010839341259108357,-0.00014232785561161618,,-0.00042954487931353514,-0.0022265707309961314,-0.0013827462143518397,0.000368305085777766,-0.0
2024-08-06,-0.0007260325818429347,0.00058309966376653,0.0009461740440351059,-8.28919493129839e-05,-0.0002977285038532773,-0.0005618334539026971,-0.0009979263494980417,,0.0027127504751790175,-0.0013125106013942925,0.0008417848905536289,0.0010332742476998225,-0.0025012514414647145
2024-08-07,-0.0009957560430216468,0.0005485398438801446,-0.003800985473701121,0.0001520030272242503,-0.00013908920581005537,-0.0004574957191611305,-0.0008446813260393703,-0.0,-0.00544146327919283,-3.0652888729552e-05,8.04009741801738e-05,8.90547943640206e-05,0.0036503111945738634
2024-08-08,0.0037834625947744957,-0.0019819355184360577,-0.004049175627779489,-0.0006491976453049734,-0.000934353014958702,-0.0011281634360691482,-0.000644918389131347,4.606926441462877e-06,-0.0012229297830191768,0.0024527369633466503,0.0002948844878874876,-0.0009355175613662363,0.0038902275755530874
2024-08-09,0.00017127967561668506,-1.2527809515202755e-06,-0.0014914914430829802,-0.00019372191572216698,0.00017952316083100732,0.0004957605938006509,0.0008383628553946344,,-0.0017699703892465684,0.00041019581735495127,-4.025203089620718e-05,-0.0001034327782227134,-0.00246236194420402
2024-08-11,8.324581379376856e-05,-0.00012029957874888591,,-6.662941816470871e-05,-0.00018730194866862395,-0.00028932045461219194,-0.00022842469514599369,,0.0004384285788335603,-0.00023400776709007118,8.257748829975949e-05,0.00012284778220041467,0.0009151535536005964
2024-08-12,3.0240203874970093e-05,-0.00013872177032363492,,0.00041649693328909415,0.0009905226934968409,0.0013512836738886738,0.0005721531124238044,,-0.0064770391975458785,0.003009781686203474,-0.0004012192474807267,-0.00012291522804161394,0.00035931399607582224
2024-08-13,0.0012885088432852,-0.0022854736532903824,-0.0010728113224643108,0.0005659001621631278,0.0008810959871014392,0.0011537705510369736,0.0005979040834609462,,0.0018301155420783841,-0.0007257528885518203,-0.0014492129099299446,-0.001965564515206038,-0.000779544726213024
2024-08-14,0.0002529325503618418,4.948043187185653e-05,-0.0009191070489715093,-0.00019947292189070003,-0.00015982119872926773,-9.583035813955814e-05,0.0006515940070728637,,0.0033826228258097752,-0.0010209240905166596,-0.00045693642175843196,0.0001565725210946752,0.0009965566504845256
2024-08-15,0.0014795105016027605,-0.00244878410457921,0.0030381295672672424,-0.0012140106385558128,-0.0019453259759320911,-0.0021567759862425122,-0.0010425437453932833,,-0.001402303714190949,0.00048332064416403654,0.0009941240410229395,6.963648778184555e-05,0.003520795018724869
2024-08-16,8.37589771041354e-05,4.46984210694868e-05,-0.0005192065516551498,0.00038355476462757006,0.0005893406703140016,0.000675174458805907,0.00045478906785780156,,0.0029194913198594243,0.003140783603630113,-0.0012093103991233831,-0.0012016031632765608,-0.0026347340032729176
2024-08-18,2.772627314223642e-05,-0.000235695468763089,,-0.00020485536745311724,-0.00042986496801258097,-0.0005623016731126664,-0.00035393538981824175,,0.0028861191041489606,-5.056208627103918e-05,-9.239521846929421e-05,-0.00020917457608076047,
2024-08-19,0.00022687792916809254,-0.0011409135688647066,,0.00011712230146920764,0.0004303903619630047,0.0007509799385304578,0.0007690422071787557,,0.0033487831218104243,-0.00015175181807810338,-4.9243947527492566e-05,-0.00026464732880488487,
2024-08-20,-4.581431870597426e-05,0.0003722516793256479,-0.0005558327906579044,0.0005415265080481783,0.0010367331581477043,0.001498643377194497,0.0014698648396782113,,0.0013015101697184581,0.0004282194478466842,-0.0012983383411325393,-0.0010987624059039666,-0.001490876213839313
2024-08-21,0.0001337239001192448,-0.0007804910913833512,0.0010530638242589338,0.00023384591134117128,0.0002521194725610674,4.662669136063213e-05,-0.0005229883869814786,,0.002890880143952438,-6.422814318564388e-05,-0.0003169396774501181,-0.0008017984402461106,-0.00013803154235232683
2024-08-22,-0.00021273075610907341,0.0015786674802502519,-0.0004887979881038814,-0.00043819590223587775,-0.0007558172726465702,-0.00107226657145735,-0.0008753174055796677,-6.7972785114698125e-06,-0.0029658621541142037,-0.0012301852741681382,0.00048038342845897704,-5.505154542543585e-05,0.0011138220363795747
2024-08-23,0.00024319840013645375,-0.0007448432026204259,0.0020727527974058113,0.000526432057232787,0.0008331873393387727,0.0010756654318685404,0.000587668929541085,6.797098936328019e-06,-0.00411338211406833,0.0011968631152597818,-0.0009336654110747411,-0.0016785594416942496,-0.0018705738685731433
2024-08-25,7.800284550748574e-06,9.875825411956512e-05,,0.00014438879735943815,0.00026996680499583075,0.00031371102936352387,0.0002429310084103501,-9.348035754162236e-06,-0.0010728478441575004,0.00011681741368879309,1.1315200650347165e-05,4.814622557444034e-05,-0.00016679773121693606
2024-08-26,2.6632766364001723e-05,0.001355358374483356,,-0.0002453682272592844,-0.0005125702840811793,-0.0007313895254701276,-0.0004850658946020253,9.347788791375113e-06,-0.004102953710944343,-2.6930392252658216e-05,7.2160166433164e-05,0.0002769245739624466,0.00023360513978058713
2024-08-27,-6.905517514195379e-06,-0.00011583670295180688,7.670609581140787e-05,0.00021664050617680732,0.0002701407153273476,5.234269891189392e-05,-0.00024333037831615492,-0.0,0.0031255606062201378,0.0004399665422512274,-3.54533502859455e-05,-0.0007719159009264365,-0.00019483567561380855
2024-08-28,0.00011731568449242372,0.0027955806733958363,0.0006046438372626075,-4.330354717156655e-05,-0.00013497374772315592,-0.0002616775053555412,-0.0005570995736774594,-0.0,0.0030440887747231337,-0.000858676161740922,0.00015582043766776668,0.0007561869646344043,0.000209999330031109
2024-08-29,-8.003592292487868e-05,-0.0017152818452808379,-0.0006797531086004397,-0.000230978430707224,-0.0005130837345661245,-0.0006808296311077656,-0.0006291048580084873,-0.0,-0.0028163923163787635,0.0005091848399267716,0.0001266957893875566,0.00033768761456629925,0.00017500491428419139
2024-08-30,-7.665243324693146e-05,-0.0011774979599599392,0.00082192738546839,0.0017478310321323088,0.0014331819480798511,0.0008919112192469644,0.000140397811696905,-0.0,0.00471195941603918,-0.0007446947308113832,9.147274540626112e-05,0.00045926482747417964,0.0004907743884012831
2024-09-01,2.2938627998179483e-05,5.4709096708626724e-05,,1.1526140460882921e-05,-2.3040822932042822e-05,-4.410826656589558e-05,-2.9002294517391433e-05,-0.0,0.001262696628505325,-2.8536806915901436e-05,-9.397496334002423e-06,-2.0694902610338385e-05,-3.0287530508816283e-05
2024-09-02,-8.197439366670731e-06,4.146374313545089e-05,,-9.220565352499454e-05,-0.00023042467647781822,-0.0003088003360928193,-0.00037711917228738383,-0.0,-0.001521539030352518,-0.00019031291951307147,5.9088683518231206e-05,-6.207052568499806e-05,-4.9112180692087506e-05
2024-09-03,0.0007966149577240435,0.004131107058365318,0.0010187596297906362,0.00033434615522224815,0.0009684749646163608,0.001633803473685925,0.001745928478600858,-0.0,0.006659806032467644,-0.00013989390441487208,-5.2270012230725404e-05,0.00018608405428878212,0.00018390521349590525
2024-09-04,6.365459274728562e-05,0.00018677778620449593,7.65654074606256e-06,0.000714029513307985,0.001287437364828334,0.0017133886358606549,0.0014918611737076062,-8.650489346540934e-06,0.0018575491765558606,4.14043230835907e-05,8.055725519967023e-05,-0.00020718571961395583,0.0002711637200320234
2024-09-05,8.893410985241917e-05,0.00012355375170817708,1.3778681595433442e-05,-3.4469451680940424e-05,4.579725179496968e-05,0.00017479831377519852,0.0005952286150302826,8.650260812010774e-06,-8.011682426787904e-05,0.0006748614663409597,8.167821557714297e-05,-0.0002273841600616891,-8.491917814977952e-06
2024-09-06,0.0007148658081461562,0.0036740695627152276,-0.00031525141205981054,0.0006090288587627663,0.0007555474619594468,0.0007861639264051443,0.00011282828125146252,-8.650489346540934e-06,0.002362082920274338,-0.0006439901694709159,-6.810095825137058e-05,0.00030929284178977907,0.0001515042662114446
2024-09-08,-0.0002014262659836857,-0.0004794776742599048,,-6.98119164339851e-05,-0.00025196208987694643,-0.0004399634296627256,-0.0004583434204102399,-0.0,-0.0002844511960508972,-1.845532059006334e-05,6.355603778153989e-06,-0.0,-0.0001071482359683026
2024-09-09,-0.0009901783918182803,-0.0019198568340227284,,-5.985447476111587e-05,0.00018913216647358075,0.00048067841272672547,0.0007578845132660747,7.375033308179056e-06,-0.0007626722788730174,0.00022153398606661198,-0.0003336391123156421,8.701595214201767e-05,-0.00033658203941034113
2024-09-10,-0.00014878441492809785,-0.0008644190054378485,0.00021111890403188317,0.0004290534928590854,0.0009660597570636324,0.0011997372770791903,0.0009681579990198298,-7.375228151988814e-06,0.004388781988349706,0.0002758690491423241,-9.577885680988096e-05,-1.2898329172267051e-05,0.00044608880840149746
2024-09-11,-0.0008415013025493405,-0.0028433815292677957,6.495998992927471e-05,-0.00029885819472053434,-0.0004186629340557295,-0.0004779472853818481,-0.00029340069930312434,-0.0,-0.001828798815540133,-0.00018304641257270202,-7.353038039781439e-05,6.15829509671607e-05,-0.00023377796938550094
2024-09-12,-0.0006820827662552279,-0.0014334635033292017,-5.631142766203635e-06,0.00014959696378685747,0.00012577634242812974,0.0001994685147664783,2.6739777306744777e-05,-0.0,-0.0036752820014284543,0.0010833758623225611,0.00043524241299122696,-0.00013363030442130417,0.0005424619074984933
2024-09-13,-0.0002947324079309605,-0.00033633322639199995,-1.5959216640622336e-05,3.987012892146667e-05,-2.095384185507672e-05,0.0,-0.0002673367372829375,7.375033308179056e-06,0.00010491446711481707,0.0004371609415591982,-1.90840204245249e-05,9.986958026204558e-06,0.00029576868691305814
2024-09-15,-9.402744714065256e-05,-0.00022965886369308929,,9.270214264190872e-05,7.91040636256481e-05,3.8515493036928036e-05,-2.623767203177811e-05,-0.0,0.0006672481543370162,1.493066497934452e-05,8.367460291479534e-05,1.3811728346790108e-05,7.975864923365623e-05
2024-09-16,-3.0055398584047782e-05,0.0006328359698194346,,2.7800240068541447e-05,0.0001581634483114641,0.0003851027837489756,0.0009972596908767294,-7.464607301031183e-06,-0.0026521484454167885,7.089889550369107e-05,0.00025075215020583716,0.00012250441403112823,0.0001593937896135928
2024-09-17,-0.00013895688172759505,-0.000180099206965618,-1.4985503148756835e-05,-0.0002501740869174182,-0.0004149446859965581,-0.0004999567210656284,-0.0004683138747991817,-0.0,-0.0010396638485723625,-0.00019561970479620652,6.595657124864084e-05,-5.83486156175875e-05,-0.0006944611409092803
2024-09-18,-0.0002249661959832454,-0.0003937092579652101,-1.5023927515808522e-05,-0.0001947765378482545,-0.0006728121756769938,-0.001155777797956674,-0.0014890745498169827,-0.00042547137547296464,0.0012520396261867328,-0.00030303197944438204,-6.936873085333661e-06,5.3337561769330857e-05,-0.0005243837600296601
2024-09-19,-0.000762857717136743,-0.0018138277992403944,-0.0001333720286551468,0.00019492979601812077,0.00011901751869459586,0.0,-0.00034408106112633185,-7.453186603486781e-06,-0.0011539207477869683,0.0005213955943143256,0.0002497498623513378,0.0001441881658821639,-0.00012444682155578738
2024-09-20,0.0001148891000160916,-2.3884091416062264e-05,-5.604870605638369e-07,-5.565043938514877e-05,-0.00021810608493871538,-0.0003868311112162526,-0.0007433278251442203,-7.452990001552308e-06,-0.00034901287622836786,0.0006574030157071937,2.420297316344931e-05,5.7992831376017485e-05,-0.0008355359223955747
2024-09-22,-0.0010963053530586807,-0.0017225076908540542,,1.8285630381886466e-05,-1.8869280789234696e-05,-7.469069067485572e-05,-9.426333241134708e-05,,0.000368550621341084,-4.197738038737491e-05,,-1.923604488198987e-05,7.041495639484739e-05
2024-09-23,-9.207695902924465e-05,-4.625601402921301e-05,,3.656852195879359e-05,3.7741235985896036e-05,3.735551979471077e-05,0.0,,0.0006430333591407512,0.00011508151168285976,,0.0002180576281160828,0.00029909179623781816
2024-09-24,-0.00032196231377837337,-0.000758686005198121,4.8054936925201076e-05,0.00020109675068841326,0.0003396229879503489,0.00041085475060603023,9.43512646244231e-05,-4.907780546710569e-06,-0.0015520213820280385,0.0005795072252573736,0.0008441408157735469,0.0005053728372490661,0.00039489349606420854
2024-09-25,5.0009182756257015e-05,-0.0006642520528405406,-5.985749234270578e-05,-0.00023746420613195658,-0.0005653172963631266,-0.0008204802336323278,-0.0008719358248049717,4.907651091381976e-06,0.0031900132136193408,-5.58232417601957e-05,-0.0006350613316678923,-0.0006804652987285437,-0.0014432943615397065
2024-09-26,-0.0002668538598716248,-0.00045087552478636876,-0.0002416525876057738,-0.0003016903061609823,-0.00045321601105785634,-0.0003740647535312101,0.00016639527373477517,-4.907780546710569e-06,0.003675511401704254,0.00027222775981222474,0.00047105377199423794,0.0005705408120184744,-0.00023013724468547769
2024-09-27,0.00032017363425746777,0.001018756474262072,-0.00035260740669414186,0.0002929101180773361,0.0006431506625627016,0.0007866089724199119,0.00042717081233993815,-0.0,-0.002204065114197651,-0.00025277510710082306,-0.0001511731924206754,-0.0002547209999882075,0.0024298533005459554
2024-09-29,-0.0002588096964747367,-0.0005561302675346804,,-5.979214910553638e-05,-7.207507060342003e-05,-6.860467763620412e-05,-1.8920520301670677e-05,,0.0006131714036201546,0.00010243450215064126,7.256417620489107e-05,8.812940990852308e-05,-0.0005941395359434742
2024-09-30,-0.00014946905821390877,0.00018349513154456635,,-0.00037876871162966023,-0.0005226924278255285,-0.0005489869680708383,-0.00015139953613713353,,-3.521794460129518e-05,-0.0006385746443036069,-0.00033669406705444084,-8.805696214609068e-05,-0.0008049560414485788
2024-10-01,0.0010402743415250087,0.0021584870632302285,-0.00016088678948605078,0.00015970887232164116,0.00043346412329343037,0.0006877328552771595,0.0005877720987197275,2.868996231745041e-06,-0.004400954173671836,0.0005511694783790901,-0.0007221074012631301,-0.0007050352792680538,0.0
2024-10-02,-0.00033804349517212927,-0.0008546803427207103,-4.883419775021299e-05,-0.00022944380841708712,-0.0005228777534631468,-0.0008230319333414786,-0.0008658930815905485,,-0.00011887610547797083,-2.0483844052326686e-05,-0.00023524307771500988,-0.00011290785168358391,-0.00248489337517203
2024-10-03,0.000364280547002796,0.0004975407676694074,0.00013210523659218403,-0.0003095172056585039,-0.0006865620373929945,-0.0009289466985338421,-0.0006088708788824373,,-0.005089658796899238,-0.00011156059856403723,-0.00012048016286720328,-0.0011625633123348875,-0.0002970855703957378
2024-10-04,-0.0008453292298391979,-0.0015223389297391854,-0.00024421451306752014,-0.0011495459709913002,-0.0019927973876315143,-0.0022791653538690544,-0.0009585680266495814,-0.0,-0.0009277673653168147,-5.018016906331535e-05,-0.0006135158219766495,-2.4485818011619647e-05,-0.0017401667493359295
2024-10-06,-0.00014453558918626108,-0.0002536069498727519,,-0.0001490124548061066,-0.00016797395500656493,-0.00024772644286408225,-9.115783994856905e-05,,0.0010389186149327425,-0.0001848072750809724,-6.089987068009159e-05,-9.68313870073469e-06,-4.702123905629377e-05
2024-10-07,0.0012827044894790957,0.0021845267830646223,,-0.0001277924538816013,-0.0002521420039667015,-0.000465001818788955,-0.00039558594939916226,,-0.00633699457832982,-0.00038553435576054384,2.8680964594482912e-05,-0.0003679873163039403,0.0008701516459923093
2024-10-08,-0.0011497750691262848,-0.0025951074446182295,0.00015002400774844147,4.261678716537652e-05,3.365521328716407e-05,0.0,1.5310350231178397e-05,,0.006100175260528869,-0.0011031572490569769,1.4335256173966711e-05,9.712006030597845e-05,-0.00015202797968857975
2024-10-09,-0.0009617175742014622,-0.0015470212120719188,1.261047787475006e-05,-0.00034088280834055176,-0.000639357058636852,-0.0008076813934456083,-0.0004438929879479722,,0.0009517582674821797,-0.0007950974866217478,-0.0002723202462690641,-0.00026202386939291856,-0.001287628426955576
2024-10-10,7.173247759626117e-05,-1.960704965549075e-05,-3.4703907364025166e-05,0.0002879677880307349,0.00026994083363705005,0.00015588595383274147,-0.00020038918778507802,,-0.004407919646869817,0.0013172041038411455,-4.314728659014918e-05,-0.00016531893372899846,0.0006254956462367322
2024-10-11,-0.0003919878759725443,0.0003398181390598825,6.218554708249644e-05,1.0654599124972037e-05,-8.425926957717072e-05,-0.00031155488698635114,-0.0004948293248088635,0.0,0.0003530660981053347,0.001221844180229032,-1.4390321178462262e-05,0.0002823820833750178,-0.0001293084074047552
2024-10-13,-5.256167933433529e-05,-0.00012973272406435093,,-3.197694774426159e-05,-4.214507207971053e-05,-4.523007805573118e-05,-1.3684063604642674e-05,,0.0025148496183585475,-0.0007499593852709215,1.3308544042097926e-05,-0.00023361476314681076,0.0002857323752599721
2024-10-14,-0.001336888827215914,-0.0020107759456532,,-3.198057064701012e-05,-4.215418649847834e-05,-2.2621346387651847e-05,6.847080030412767e-05,,0.005116453245920822,8.71469890715392e-05,-2.6598839703501995e-05,4.4569623273668136e-05,-0.0006562081082277306
2024-10-15,0.001150501942844448,0.0027148766704028745,4.418524644310356e-06,0.00011727537935954407,0.00036541530878795507,0.0005656125346811182,0.00020010945123920983,0.0,0.00126271435134807,0.0008711102925164304,-4.528011458574175e-05,6.683395882017877e-05,0.0006870866884156886
2024-10-16,-0.00037315036996626193,0.00037073279911815097,-0.00012754572544538805,4.262788186215491e-05,5.611254648965955e-05,0.00011272944749594905,6.74914603724813e-05,0.0003189137852762913,0.0006680954310596095,0.0010173767541126414,-4.627597749242016e-05,-0.0008684424864910238,-0.0007702168291932209
2024-10-17,-0.0002965449363592177,-0.0008978075193711319,-1.5644694902132416e-05,-0.00020245186507442445,-0.00039267478482741305,-0.0006083162810496242,-0.0002734708327895248,-3.5749082693406323e-06,-0.0002516694327408356,0.0015069727851221985,-5.5307141328855185e-05,0.0002576170894981131,-0.0005871491354139497
2024-10-18,-0.000365527482825793,-0.0007738040254849644,-0.0002162840429002673,0.00012795610912076592,0.00014052408504685942,0.00015830527319478897,0.0,,0.003140538940469179,0.00214312619309533,6.977889854591196e-05,0.00035779017844049185,0.0008475131300261538
2024-10-20,-0.00012838225327677568,-0.00033934308931952696,,-8.405321046465935e-05,-9.316183026023632e-05,-0.00012034912371374884,5.263363285617683e-05,,0.0014351742121388458,0.00029778577761726085,-4.367721479261507e-06,,0.0
2024-10-21,0.0003794121462718831,-2.5844880024440274e-05,,-0.0004564094906417087,-0.0006391462917315257,-0.0008029985208289982,0.00036338903854942373,,-0.003345203335477019,-0.00037869561840511126,0.00045858968236784086,,-0.002075556945847636
2024-10-22,0.0001232781926835689,-0.00015505227361993265,-9.787898555821732e-07,-0.00012028038806018477,-0.00020042663395675091,-0.0002018752238724614,-1.190355890555139e-05,,-0.003957733528683046,0.003357594063633747,0.00016677040740697483,7.348912402544573e-05,-0.0006719174397405047
2024-10-23,0.0010140140950261219,0.0027489333261824104,2.221494126684586e-06,-0.0002887821571690491,-0.00041466491865788856,-0.00040431719458367416,0.00011897621968434246,,0.0006282976991058402,-0.003568938019042015,0.00016266711974041967,-0.0005436100825584452,-0.0029642262023167913
2024-10-24,-0.00016766479111005687,-0.0010539054430648155,-1.5309027228199305e-05,0.00010839173875895902,0.00021450207187915488,0.00030409160623030314,-0.0001972947763261712,,0.0020828206846488957,0.0016257119143562506,-0.00036552747306049934,0.00032415140947395583,0.0019279242076171365
2024-10-25,0.00019444957556587021,-0.0011012397608024744,-1.463097921637895e-06,-0.00021670961323027593,-0.000294598289861445,-0.00032368093206498614,0.00012452134550856,,-0.003462652816390072,0.0019962826636615765,0.00024128909423825926,0.00010296411106130475,-0.0009664123602804261
2024-10-27,-0.00042858315162055293,-0.0011953970302985074,,-0.00011138242916316412,-0.0001082335897178104,-0.00010172012969010323,0.00021596204239558272,,0.007385926033336729,-0.001952275958110897,-9.192236486628746e-05,-0.0001587127570512165,-0.0008824051981359563
2024-10-28,0.00013602793888644547,0.0008869741725110234,,-1.0129896808361889e-05,-3.6109321919707616e-05,-1.852325491438509e-05,-0.00011561308835943796,,0.002095721112499346,0.001256502354389682,-0.000258922145966086,0.0001361864509620742,-0.0009986140070871983
2024-10-29,-0.00033876541601789726,-0.002362771154648637,2.3921375780180085e-05,0.00012156336899181378,0.00011738941610972378,7.411392036818188e-05,-0.00015864966258389245,,0.0012987418134165311,0.0047513370924600305,-5.004221696240866e-05,0.0004535349291912897,-0.00026485376669649075
2024-10-30,0.0007702463778091175,0.003112009928996267,-4.418981979181099e-05,-0.0003949013397600151,-0.0004149858118482349,-0.00024985256015910357,-2.8766187174814895e-05,,-0.003951223376756734,0.0013747504174314983,-0.0006336924866903464,-0.0005199619558793598,0.0002272607783907521
2024-10-31,0.0013212068114474887,0.003457653661924157,4.30299556152914e-05,-3.0421974498996725e-05,-4.525833226392094e-05,-6.50239334583242e-05,-0.00010063141476499109,,-0.004310512106526418,-0.006008136417011134,-0.0003905184711498522,-0.0007940533750055757,0.002175917246646809
2024-11-01,-0.00025181134038816606,-0.0009625143828820554,8.594005587059761e-05,-0.00016226900040369147,-0.00028975888528153605,-0.0002882484880682915,0.0009328054145018005,-1.5600774933261575e-06,0.003214723072854768,-0.0016192505422020567,0.0008705523904145484,0.00023950895821581047,-0.0017255591167008898
2024-11-03,0.00017131715244065346,0.0004251846241814053,,0.0002091754467691011,0.00016181296578177124,-8.576130041661936e-05,-0.0014096064424395161,,-0.003918137441330628,0.00032461851523673765,-0.0010923120159631345,0.0003833794123233876,0.0014322901529550869
2024-11-04,0.00012192646533946722,0.000567905316837461,,-1.0450836400665939e-05,1.383430867232113e-05,-2.3561137348234718e-05,-0.0006963413516302578,,-0.0029848924333724576,-0.000562364890580362,8.556089075646113e-05,0.0,0.00027044385091649887
2024-11-05,-0.0013201619664068847,-0.003094453175370643,1.0964552275034555e-05,-9.406109620406357e-05,2.30521416667245e-05,-2.647628655548975e-05,-0.0008940737862419287,,-0.0019323529010699698,0.0020783910952813004,-0.0014305492422837665,0.0010159412780285455,0.0009089149244666632
2024-11-06,-0.00251343222254232,-0.0065447009606975455,-0.0006220171897694151,-0.0004913757345895023,-0.00032261246458674484,0.00019978872603501805,0.003348597835828484,,0.0010679330210736097,-0.017928368046317363,0.004974062928818153,-0.001811319740000798,-0.005903642599622014
2024-11-07,-0.0008804915196131897,-0.003918869010894147,0.00020834445262028986,0.0002723106266722671,0.00020382406334459304,-0.0001245957706110573,-0.0009725514469639167,,-0.0014201404684621862,0.009565607053373986,-0.0016235131904440321,0.001142634201486269,0.002894408176431326
2024-11-08,-0.0002809446925431302,5.730677651695108e-06,-0.00017777942045788222,-0.00020926284487418446,-4.617492834978541e-05,-1.1795601301087447e-05,-0.0013444060772614854,5.907975381456252e-06,0.0054883372634736876,-0.00494785925661536,0.001872345249739631,-0.0009808971564033225,0.0008161073749008013
2024-11-10,-0.00013922685814871544,-0.0005844657778561436,,-4.185047051331054e-05,2.5698073595713107e-06,8.0045583566261e-05,0.0003560578717257601,,0.0004384488395935431,0.0001478930553098493,0.00012298123937636948,9.084751595405892e-05,
2024-11-11,9.673672352047582e-05,0.00065910335209708,,-3.588137950436498e-05,3.2141367528731277e-06,3.562124373986864e-05,-0.0003335668828284899,,0.004766567306939973,-0.010250491135114389,0.0013982312592325686,-0.00019656186328898825,
2024-11-12,0.0001962708349615837,0.0004192888605058122,0.0006174113757611939,-0.00019739261981085386,1.5760785238684674e-05,0.00038314581959056164,0.0016145311433082656,,0.0003098912885731607,-0.004288281961200462,0.0007650995471917639,-0.0006824679672131646,-0.0014193796890107615
2024-11-13,-0.0001221377925351736,-4.3358972576656506e-05,0.0017031237668961416,0.00014373866661056934,-2.2596362500475227e-06,8.965095196342203e-06,0.0009419381963877335,,4.7766660385247134e-05,-0.005043484209406958,0.0012980604499726186,-0.0001737025934445421,-0.0012794790622443991
2024-11-14,0.0005273576434664999,0.001630231421450743,7.589114197968523e-06,-0.00017352563659871596,4.839591830209273e-06,4.4831879621211933e-05,-0.0005122603780319667,,-0.0014095307446264588,-0.0005496733369261933,0.0008057735333770328,-0.0002356384015455763,-0.0014914053815429983
2024-11-15,0.0006750904389907441,0.0034045562008070272,0.00012771817408354969,0.00011381478099183183,-5.167916562302268e-06,-6.280949539493238e-05,0.0003639440822248432,-6.519496251747438e-06,0.003955385069581857,-0.0007567412545902323,-0.00015942067575350715,-0.00025705955931187705,0.0031515367076419792
2024-11-17,-3.756890080228817e-05,-0.0006112508790646659,,-6.515896062536809e-06,-1.2108189005934754e-05,-4.926438633341971e-05,0.00016081993169172923,,0.000604888915778386,0.001978339775279898,2.0295010458860477e-05,,
2024-11-18,-0.00011041722923088965,-0.0005108907118399674,,7.16775846651205e-05,-9.079810013421371e-05,-0.00029550191299812327,-0.0004024612386224095,,-0.007446712723120687,0.009441497968248882,-0.0011771664759273937,,
2024-11-19,-0.0002490157420969407,-0.0014958989344586527,0.0002737983506769367,-1.3026834243474923e-05,-3.6279337570705556e-05,-0.00012291520563947328,-0.0004014342898122779,,-0.00169603127427467,0.004887107927924091,-0.002206187810387508,8.443201856279513e-06,0.0013164870697985032
2024-11-20,4.386414975189556e-05,0.0002806410604815422,-0.0013257158077276774,-8.468086586697156e-05,3.62634011166841e-05,7.369660299946742e-05,0.00012012377056052361,,0.0014891098272759066,0.003760181347201421,0.00249690939562857,-5.555157290535439e-06,-0.0013650438114401957
2024-11-21,-0.00021292020131854318,-0.0001951091870747401,-0.0006464867054331095,-9.123990737059533e-05,9.069834392663558e-05,0.00014745621249934466,0.00016028741536171115,1.3055913848089894e-05,-0.0035194652008708484,0.0037141577724964436,0.003159723180055344,-1.0001525420590008e-05,0.0024990256003237232
2024-11-22,-0.00023391577834085562,-0.0009768801331178165,-0.0012773682402888683,-8.476794628196167e-05,6.053206675666795e-06,-0.00017217945177889073,-0.0002005636131789159,-1.3055571128140213e-05,-0.003401086366707874,0.010536739756453712,0.0020405414695910465,-7.471033215592667e-06,-0.0013873162177379472
2024-11-24,-1.258358393744549e-05,-0.00034713999023554395,,5.7414657999673224e-05,-0.00022111191136714716,-0.0006003945746712829,-0.0013538539238178147,1.2562754036399693e-05,-0.00024572234871421053,0.0005915684405279652,-0.002272008995188496,-0.0002555347194568884,0.001053254072050873
2024-11-25,1.0425891421921297e-05,0.0006237682342552458,,7.889705229046094e-05,-0.0002125018472931138,-0.0005235550659755764,-0.0015525964809758796,0.0,0.006477969178326168,-0.019306219992049577,0.0013700892936511933,0.0002583779648869185,-0.0004616504579398165
2024-11-26,-3.294894602272225e-05,-0.0009348804831463422,3.444130744531549e-05,2.5082593150024213e-05,-0.0,0.00012428538834294924,0.00017449502956623614,0.0,-0.0005605934865859883,0.0038951326321773174,-0.001746544642308416,-0.00017311797886765905,0.002585418374669939
2024-11-27,1.4414058654024664e-05,0.0009874235610507279,6.259084002704226e-06,4.298728136085648e-05,-0.0001876253878532124,-0.0004726190021765455,-0.0007337943078992884,0.0,0.0002032008920300773,0.0007906318024970609,-0.002571094875900561,-0.00042313302408909033,0.0027693841076048666
2024-11-28,-6.878811949365315e-06,-0.0003940602966428826,0.0006602763878826664,0.00019335450326490714,-0.000252462241006048,-0.0003969265818610372,-0.00027808221556492753,0.0,-0.0001525779306322632,0.00021526698640439646,7.350178360787097e-05,-7.334472546061973e-05,0.00020613300506914218
2024-11-29,-1.532022937704416e-05,-0.0006328371471755762,-2.4808353471877924e-05,9.29058554135022e-05,-0.0002437672305744344,-0.000519791137533986,-0.0013182703592444533,1.2562424262031722e-05,0.0017531168767026682,0.006508863724380318,-0.0006248834146130038,-0.00016275716260330213,0.002904282136212948
2024-12-01,-5.368282063723839e-05,0.00013910780431176996,,-6.051457954829635e-06,8.735955934848934e-05,0.00013064735818066109,0.00041963883007437724,,-0.00039816603764184215,-0.0009871615034384971,0.0016160184765871704,0.0003948388914431522,-0.0005470077619025908
2024-12-02,0.00016120829828130073,-0.0012991283234544207,,2.0173820733900557e-06,-0.0,-3.2680212116936265e-05,-0.0006885421896593952,,0.00048249614345331174,-0.0006960749448203681,0.002050375001099372,0.0004890479264306451,0.0006621542801121614
2024-12-03,5.1344221908375364e-05,-0.0006110504442042773,0.00203788520626595,-2.017305593673056e-06,0.0001872942394023844,0.00045745863851101944,0.0011044215221308314,-1.6685935041072643e-05,-0.005434514673548389,0.0,-0.00038302634048856666,-0.00018692213967962432,-0.00022783484335835185
2024-12-04,0.00022079401161296202,-0.0009108338637541406,0.000831518317998113,4.639978768741595e-05,-0.00023749813885587593,-0.000491100989779484,-0.0014191817970228917,1.668637304961217e-05,0.003514970078222839,0.0016876373078760724,-7.176279625187855e-05,-0.0003150329019534935,-0.0020064441914845726
2024-12-05,-8.662620319418577e-05,0.0002816459046249176,-0.0005176243717245332,-1.2093747033929513e-05,-0.0,-9.801306974426879e-05,-0.00041809830573494923,0.0,0.0009020199606179576,-0.003144292196137148,-0.003515875441069137,-0.0006869418067465182,0.0008032976924519918
2024-12-06,0.00011123720709436192,-0.0009094492758251595,0.000575235245118007,4.032165412528567e-05,-0.00029958373902891773,-0.00058783049333112,-0.0,-3.3371870082145285e-05,0.0035966299616882677,-0.000331184193930063,0.0008788059582294174,0.00019701718039329217,0.0001373467370671062
2024-12-08,6.724074214681406e-05,-6.326671575082936e-05,,2.6150563175733104e-06,-4.3751337811858613e-05,-2.5349761277902537e-05,8.39060821764395e-05,1.4961561641053333e-05,-0.00038476255880677475,0.0009806096632870762,0.00011113956435964721,-7.596026799287566e-05,0.00023970182996858503
2024-12-09,-0.000558724551426748,0.0005176862906747682,,-1.1330623821004425e-05,0.000240562604401106,0.0004815779596597069,0.0008116864795334276,0.0,-0.001967222159655641,0.002685820525753914,0.0005113629313802734,-1.5186094995794473e-05,-0.0024499467812023183
2024-12-10,-0.00015304875732705396,9.836064580164846e-05,0.0006896999337891647,-1.1336202449582736e-05,0.00017523400017852695,0.0003557943728767806,0.0006201550480436034,-1.4961168897526342e-05,-0.0008295648730985166,0.005278646305304672,0.0010683547233612352,-0.0004707320189196987,-0.0007628443481993459
2024-12-11,0.0005063146957034041,-0.0008948973023201257,-0.00041734067511642716,-3.4897804843750246e-06,0.0001973674640662566,0.00038195972322544006,0.001162032481305302,-1.4961561641053333e-05,-0.004386019343027912,0.0038359624990251767,0.0011823295499258212,0.00022722105517218241,-0.000783881223133365
2024-12-12,-0.0003048528580659249,3.5468364198356375e-05,-9.702275872133568e-05,-2.0069279622001664e-05,0.0003183973922783633,0.0006379469343744453,0.0012312025989592286,0.0,0.0009642099960487742,-0.006176337032716693,0.0014313197626261592,0.00134976248896162,-0.0005991521226480422
2024-12-13,-0.0001992125087246852,-4.218619857568874e-05,-5.2969156421024625e-05,-2.6200158387235974e-05,0.000407090183193139,0.0007938545887354495,0.001157744274402204,1.4961954405145246e-05,-0.00265595298079637,-0.005004912231253367,-0.0012786636323687426,0.0008247070295330759,-0.0016892297727700149
2024-12-15,0.00011002302683385991,-3.341315044275037e-05,,-2.689243579974247e-07,-8.748125398842964e-05,-0.0001604431879124046,-0.00021352300371367108,0.0,-4.644756483691262e-05,0.0004210172530801497,-0.0003760977039355104,-9.193154172711099e-05,0.00026163168622129736
2024-12-16,0.00033476585744357523,-0.0003632586189553553,,5.377466147918821e-07,0.00016031197128802937,0.00019239500640351502,3.553276652036832e-05,-1.8693133300670234e-05,0.0012305142832629418,-0.00011130379031835319,0.0010201567147516024,-0.0007811705462756837,-0.0014747639743483674
2024-12-17,-0.00047335892818398774,0.00014920880530326836,0.00042830695310649806,-3.227705135851834e-07,-1.458554113998141e-05,-0.0,-0.00035541821761550453,1.8693624024279304e-05,0.0009590553468019505,-0.0005938204317121452,-0.0005647918479318731,-0.001145695023380339,0.0022725942915087036
2024-12-18,-0.0034765892248282745,0.0008950038689222287,-0.0017937067911524376,3.2807525851778577e-06,0.0011667579519742688,0.0019255921266774947,0.002233443020161642,0.0011589742646390246,0.0017410919654772129,-0.007696396349772725,0.007576764407879477,0.003355092608042976,-0.0019352235688989423
2024-12-19,-0.0001287550361113884,0.00011041472945882003,0.0006669830342949009,-7.547077461290618e-07,4.401092881622139e-05,0.00045317258992732287,0.0011529102234445017,0.0,0.0005469179017565543,0.0009263260147880543,-0.0006536067648862898,0.001547084984051072,-0.0045955016569620465
2024-12-20,-0.0005980594927835017,0.000196105305662082,0.00033814588307696413,-3.771529085848703e-07,-0.00030814450977204337,-0.00058382314479061,-0.00018164379863537145,0.0,-0.0009066067962556681,0.004011283041005251,-0.0036450825377156424,-0.0018339555388662285,0.001873597908904622
2024-12-22,0.002336877966803856,-0.00028171097562168697,,-6.026664954159476e-07,-1.34039640532199e-05,-0.0,3.162286277235912e-05,,-1.7077265785104174e-05,7.283790469442664e-05,-4.378537580216737e-05,6.561968302560044e-05,-6.83100801354378e-05
2024-12-23,0.00018864791516255187,-3.105125972459111e-05,,7.834366499091805e-06,0.0003886864007576325,0.0007310099180860778,0.001012194926857122,,0.0002048977416286131,-0.0009303894418242796,0.0010945295500371208,0.0007657456514913147,-0.0007927060731926603
2024-12-24,0.0007903522545083849,-0.00011820435994628309,-0.0005687910501416041,2.41176661674456e-06,8.058956993077678e-05,0.00011738237257117906,-0.00015948344856631642,-1.6529697887228635e-05,-0.0011973014356263208,0.00029252593230979384,0.0009216116407677869,0.00032909289066244377,-8.23768807729494e-05
2024-12-25,-1.5519608367403893e-05,-4.8011246305667415e-06,0.0005570115733957717,6.030334296137505e-07,4.031259219148578e-05,5.872498970467592e-05,6.370979271343664e-05,,-0.00010160206526964437,0.00017852147423570787,-0.0005276991840145059,,0.0
2024-12-26,-3.41501375346887e-05,2.0134251406180908e-05,-0.002686562333875038,-3.015281889210193e-06,-0.00012096450512400949,-0.000293709530101298,-6.37432010997607e-05,,0.0009474757879306748,0.0013864405127900132,-0.0009663329145344578,,-0.0009065720431230634
2024-12-27,-0.0008168671385340274,0.00010789524514024728,-0.0009196814608336162,-0.0,0.00017461073484986107,0.0004985880849615015,0.0009237919943448582,1.653186423945613e-05,-0.0010062571127651989,-0.0013130588827438266,-0.000175326242771843,-0.0011420395701705137,-9.665181715146639e-05
2024-12-29,-6.165773214002964e-05,-2.104871250554805e-05,,-1.4261268485315525e-07,-0.0,-0.0,0.00015604796961373366,,-0.0002507273651645446,0.00013729154069172712,-0.00026276456925075024,,4.7038702115666685e-05
2024-12-30,-0.000980404591343871,-0.0003920597320835561,,-5.419075842677841e-06,-0.000798721815646434,-0.0015087168089656011,-0.0017183426566746288,,-0.0010698151776824805,-0.0011535344918680477,0.0012255298226733604,,0.0009052094381781947
2024-12-31,-0.0002081495438097394,-0.000200322179243493,0.0003401139761723163,1.4240138272341335e-07,0.00018361680265500043,0.000585307671519126,0.0011195228747642011,3.573036982807525e-05,-0.0009070690045454118,0.0011993551339493068,0.0021723888181980804,0.0008578838893450396,-0.0003739208176334775
