date,baseline,combined
2020-01-07,1.0,0.9995483257451167
2020-01-08,1.0,0.998324077971398
2020-01-09,1.0,0.9972290374188325
2020-01-10,1.0,0.9970707971975689
2020-01-13,1.0,0.9959490051578308
2020-01-14,1.0,0.9954609504482488
2020-01-15,1.0,0.9952972770106483
2020-01-16,1.0,0.9944708736984468
2020-01-17,1.0,0.9944708736984468
2020-01-21,1.0,0.9949679475849302
2020-01-22,1.0,0.9970673475896625
2020-01-23,1.0,0.9969086293168552
2020-01-24,1.0,0.9986270688401865
2020-01-27,1.0,1.0019014532653272
2020-01-28,1.0,1.0004348651327157
2020-01-29,1.0,1.0003456202504226
2020-01-30,1.0,0.9992317376850607
2020-01-31,1.0,1.0030362719593335
2020-02-03,1.0,1.0021804181930192
2020-02-04,1.0,0.9995238409612253
2020-02-05,1.0,0.998299623176494
2020-02-06,1.0,0.9978332699134796
2020-02-07,1.0,0.9986077602175448
2020-02-10,1.0,0.9978326687757454
2020-02-11,1.0,0.9976763175558453
2020-02-12,1.0,0.9957611565948332
2020-02-13,1.0,0.9965665455225686
2020-02-14,1.0,0.99608448764534
2020-02-18,1.0,0.9973591374952211
2020-02-19,1.0,0.9989098830002588
2020-02-20,1.0,1.000416194213829
2020-02-21,1.0,1.0018806082171472
2020-02-24,1.0,1.0074812461891696
2020-02-25,1.0,1.0112366404204907
2020-02-26,1.0,1.0114782167616536
2020-02-27,1.0,1.0172793781110179
2020-02-28,1.0,1.0161868969191306
2020-03-02,1.0,1.016844490371403
2020-03-03,1.0,1.0214260939749797
2020-03-04,1.0,1.0195931949441146
2020-03-05,1.0,1.0252677973061846
2020-03-06,1.0,1.0302332206424436
2020-03-09,1.0,1.0393894278281743
2020-03-10,1.0,1.0372667349780653
2020-03-11,1.0,1.0426445220854375
2020-03-12,1.0,1.0516219464015761
2020-03-13,1.0,1.049359666855472
2020-03-16,1.0,1.0650036398892864
2020-03-17,1.0,1.067017653615645
2020-03-18,1.0,1.0656987610721531
2020-03-19,1.0,1.064847331113427
2020-03-20,0.9793893350697231,1.0418326709056593
2020-03-23,0.9832394483178152,1.0341294528591338
2020-03-24,1.0029452130571668,1.0475444482876255
2020-03-25,1.002476771565958,1.0525028127986866
2020-03-26,1.014247995481688,1.0581352033853297
2020-03-27,1.016202356757284,1.0665684265569204
2020-03-30,1.0213663811582274,1.0691838512213334
2020-03-31,1.0109002440178076,1.0564497353466307
2020-04-01,1.0043619043003296,1.054529852036161
2020-04-02,1.0016390754586804,1.0486491766822987
2020-04-03,0.9941183442472299,1.0397401863083338
2020-04-06,1.0048539310671534,1.046487853584571
2020-04-07,1.0133642313619846,1.0572677021384436
2020-04-08,1.0188724446065194,1.06085598747228
2020-04-09,1.0240626372337758,1.0640577242709397
2020-04-13,1.028598322319836,1.0673697309910921
2020-04-14,1.0356450662703498,1.0694480807107287
2020-04-15,1.020939355883836,1.0575548775097403
2020-04-16,1.0244133413989513,1.060743656719243
2020-04-17,1.0265548660858572,1.060728800012852
2020-04-20,1.018319495013016,1.0574688725314672
2020-04-21,0.9992044837414633,1.0420712600818154
2020-04-22,1.0019644409287352,1.0430244461771896
2020-04-23,1.0050086429879632,1.046520985940482
2020-04-24,1.0105330029194777,1.0489158385787207
2020-04-27,1.0115963733977866,1.0467738481439453
2020-04-28,1.0120219752356938,1.0477365385081927
2020-04-29,1.0245939436807687,1.0568266500946952
2020-04-30,1.0333858214115024,1.0677992532117007
2020-05-01,1.028337416960971,1.0670885986280383
2020-05-04,1.0376650342182818,1.0747798674928937
2020-05-05,1.0453429859373662,1.0804589157163274
2020-05-06,1.0405524831391875,1.0770195500735584
2020-05-07,1.037384487771336,1.0707787883850541
2020-05-08,1.0500304161199896,1.0799672021047282
2020-05-11,1.0491456400926547,1.076029675855222
2020-05-12,1.039000366905949,1.0729266046508306
2020-05-13,1.0358923300054337,1.073040650796122
2020-05-14,1.0372940026592656,1.0712565630432418
2020-05-15,1.040562906228049,1.0741373936249485
2020-05-18,1.0592154746558133,1.0879302209637283
2020-05-19,1.0478410081271914,1.0802970118122923
2020-05-20,1.052936727993379,1.0827013029865447
2020-05-21,1.0527786688027607,1.0843744930818613
2020-05-22,1.0513648204845027,1.0820399482010705
2020-05-26,1.0657182003397816,1.0950188479191814
2020-05-27,1.0634465590873856,1.0920781828356354
2020-05-28,1.0680516601581282,1.098444355921538
2020-05-29,1.0688774499699625,1.0975490015999572
2020-06-01,1.0736133282755953,1.1032490690090704
2020-06-02,1.0832409042199609,1.111286974388864
2020-06-03,1.0923998404459236,1.1184270558594163
2020-06-04,1.1029268980737847,1.1279888952815262
2020-06-05,1.1208761762578252,1.1423002414677657
2020-06-08,1.1163062271393425,1.1394304776860127
2020-06-09,1.1110491961481417,1.1376028429263876
2020-06-10,1.0979838444566132,1.1238265496585427
2020-06-11,1.081915193897578,1.1257628151386054
2020-06-12,1.088703601587789,1.125134982103314
2020-06-15,1.1070123506492557,1.1418857091381518
2020-06-16,1.111171761193078,1.145202721027078
2020-06-17,1.1119385188196043,1.1453543991168795
2020-06-18,1.1140860544498976,1.147627689113907
2020-06-19,1.1149582177491961,1.1507561862386597
2020-06-22,1.1252629231513727,1.1555711893253588
2020-06-23,1.1166021627221856,1.1475760231518568
2020-06-24,1.0931008351468356,1.1273503287773834
2020-06-25,1.0984369104107625,1.1306082385255949
2020-06-26,1.08221247759951,1.1183832466972516
2020-06-29,1.0882308820450135,1.1215497343114151
2020-06-30,1.0905521631222985,1.1220877970651713
2020-07-01,1.0986795498925872,1.1282411759336493
2020-07-02,1.0991140627725886,1.1272757681554044
2020-07-06,1.1024934162999473,1.1307928193241852
2020-07-07,1.0967826073128473,1.126943142738148
2020-07-08,1.0971673203092753,1.1260371658307364
2020-07-09,1.0905750567916375,1.1210707708023842
2020-07-10,1.09529760769499,1.1240435387243635
2020-07-13,1.0895712114519205,1.123168407147894
2020-07-14,1.0939289307464586,1.1244638547871875
2020-07-15,1.0915601284124514,1.120509274614041
2020-07-16,1.0943302394267074,1.1230259527996893
2020-07-17,1.0984892448606505,1.1246166105013262
2020-07-20,1.0998428601620247,1.1230468237192794
2020-07-21,1.0981458166671392,1.1220092126208185
2020-07-22,1.0956518464269949,1.1221496653085106
2020-07-23,1.0826449612853144,1.1116667050133584
2020-07-24,1.081300582288624,1.1108123361889903
2020-07-27,1.0840954965316825,1.1124375746924233
2020-07-28,1.0781613776943366,1.1065597823042999
2020-07-29,1.0780794383918129,1.1057342181088863
2020-07-30,1.0755058374752837,1.103879103517338
2020-07-31,1.0790333579968088,1.1069473528213196
2020-08-03,1.087147901958569,1.1143866235928948
2020-08-04,1.080886696049456,1.1064579935748846
2020-08-05,1.0887652855697856,1.1135328413996095
2020-08-06,1.0824492568818413,1.1068990917737573
2020-08-07,1.0875444577821385,1.1117495213753128
2020-08-10,1.0924035159442123,1.1150523052124628
2020-08-11,1.1153795803411934,1.139449170220771
2020-08-12,1.1297347884774072,1.1506901016940347
2020-08-13,1.1348775905539896,1.1555592665282928
2020-08-14,1.1359331888693263,1.1569024829079275
2020-08-17,1.1300117375353738,1.148653569952331
2020-08-18,1.1269314712672605,1.1448955013370807
2020-08-19,1.1367635612814937,1.1625377006737974
2020-08-20,1.133645137567391,1.159210500759138
2020-08-21,1.1288393959041065,1.1552319855391104
2020-08-24,1.1349970500490538,1.1612185263149235
2020-08-25,1.1483775989479579,1.174027101072631
2020-08-26,1.1483969351780456,1.1758111731617358
2020-08-27,1.163850658884225,1.1926529284805991
2020-08-28,1.1478517368430403,1.1777403041297354
2020-08-31,1.1442644602254375,1.1770565401304718
2020-09-01,1.1411094386128606,1.174502312971604
2020-09-02,1.1416626634992642,1.1781141043811771
2020-09-03,1.1254080587405764,1.1680460932886958
2020-09-04,1.1322411695104284,1.1703551862900001
2020-09-08,1.1023884175799281,1.1384781351771054
2020-09-09,1.119877076797278,1.1532871792630548
2020-09-10,1.104993132699601,1.1377631837468423
2020-09-11,1.0969349664956523,1.1284709591223474
2020-09-14,1.0956042514627633,1.1262784862479576
2020-09-15,1.1021562179506634,1.130945931006804
2020-09-16,1.1001395322337912,1.1296267193010836
2020-09-17,1.0920465964330046,1.1213641622939785
2020-09-18,1.0936954692175258,1.123155694628938
2020-09-21,1.0883031286512943,1.1196962212746626
2020-09-22,1.0884266004251122,1.1206936013588493
2020-09-23,1.086015556667271,1.1203027386704103
2020-09-24,1.09147814951763,1.1262411919758784
2020-09-25,1.0957778309700648,1.1291878321406872
2020-09-28,1.1030982249563848,1.1364399049786302
2020-09-29,1.0987377007547157,1.1306000166566845
2020-09-30,1.1084971143147881,1.1415327572411218
2020-10-01,1.1034210059310037,1.1358681179010095
2020-10-02,1.0984244145808477,1.132192765913151
2020-10-05,1.113712501682158,1.1455184567665664
2020-10-06,1.1089394773662082,1.1408545887860555
2020-10-07,1.126466570919955,1.1570926652015068
2020-10-08,1.1398064909219725,1.1676898675264074
2020-10-09,1.141012902879427,1.1661141339053431
2020-10-12,1.1443140924341901,1.1684083688941584
2020-10-13,1.1397980471829987,1.164027792052844
2020-10-14,1.138624036274034,1.162109735578518
2020-10-15,1.1367549207770857,1.1616819493745298
2020-10-16,1.1356749257825278,1.1609343584418632
2020-10-19,1.1308280400014692,1.1585785878423644
2020-10-20,1.133023022186006,1.160233932446507
2020-10-21,1.1262554471738502,1.1513812629052051
2020-10-22,1.1389381221526778,1.1630964046548196
2020-10-23,1.1304546076804867,1.1550695984239872
2020-10-26,1.1189936311557163,1.1473710704849696
2020-10-27,1.1105873257234722,1.140211869044171
2020-10-28,1.095995222277247,1.132585825795829
2020-10-29,1.0956791892005517,1.1286566611405995
2020-10-30,1.0997339646917068,1.1351647957292708
2020-11-02,1.1193476191063922,1.1528790333137673
2020-11-03,1.146478035693079,1.1765760644187753
2020-11-04,1.126391500086753,1.1523430420014735
2020-11-05,1.134030582618975,1.158972090880659
2020-11-06,1.1360155380265589,1.157584652977426
2020-11-09,1.1649052900295884,1.1836020308090456
2020-11-10,1.1850561982085395,1.2011068850043896
2020-11-11,1.1842399995073254,1.1992487615813112
2020-11-12,1.1631008607204059,1.1826347441130158
2020-11-13,1.1654239260868207,1.1814438562402725
2020-11-16,1.1712860132291363,1.1857795319390247
2020-11-17,1.1628728402536812,1.1764671322339944
2020-11-18,1.1570062262212262,1.1758694286250808
2020-11-19,1.148735630054647,1.1673201320954452
2020-11-20,1.153234733809685,1.171437902986111
2020-11-23,1.1667368162994014,1.1842401488166392
2020-11-24,1.1788658730900927,1.1957050377025307
2020-11-25,1.1824002539645524,1.1972148144846075
2020-11-27,1.1795991569096786,1.194688951675943
2020-11-30,1.1823167877176766,1.1965310803539322
2020-12-01,1.187125257779754,1.2007878343927378
2020-12-02,1.1911393843793487,1.2043988778795218
2020-12-03,1.1913745998402183,1.2049949499065213
2020-12-04,1.2018340902372304,1.2144266056597421
2020-12-07,1.1947418576769544,1.2078684778341486
2020-12-08,1.1980138108154794,1.2092479156096883
2020-12-09,1.1955738417503714,1.2087974187552901
2020-12-10,1.194615683379564,1.2086162846828614
2020-12-11,1.1892786211687514,1.2056511405393613
2020-12-14,1.1876683836447033,1.2053827634365286
2020-12-15,1.1932445867775914,1.2080465403775509
2020-12-16,1.194461825962697,1.2106509290612224
2020-12-17,1.196900658514582,1.2126432168741605
2020-12-18,1.2015570360692023,1.2178360544218423
2020-12-21,1.1948631464905521,1.2146169031947627
2020-12-22,1.1960960083770174,1.215358123974767
2020-12-23,1.1999585355533866,1.217370218988633
2020-12-24,1.2039446545802985,1.2199908111287396
2020-12-28,1.2096689823727333,1.22531092668929
2020-12-29,1.2054446902403433,1.2232486623110879
2020-12-30,1.2039557446616516,1.219933372337326
2020-12-31,1.211625848761533,1.2271975603760705
2021-01-04,1.1992816902539867,1.218929656574251
2021-01-05,1.2043474003477004,1.2222277583334178
2021-01-06,1.2088147421331146,1.2261869236470884
2021-01-07,1.2265378627275871,1.240155468488069
2021-01-08,1.2404120389092053,1.2531088047283867
2021-01-11,1.2382623631640122,1.2543628861022895
2021-01-12,1.2350271465076696,1.249426490690963
2021-01-13,1.241350867093462,1.2546382863142282
2021-01-14,1.239344567790126,1.2533341223856773
2021-01-15,1.2353668144238155,1.2511004219865067
2021-01-19,1.2386670546410792,1.25244314061438
2021-01-20,1.2481887269491032,1.264142714468323
2021-01-21,1.241495627336872,1.2575826263826413
2021-01-22,1.2411102294330882,1.2579268391913534
2021-01-25,1.248942453770053,1.2674977365507052
2021-01-26,1.2470921070750536,1.2653193647706202
2021-01-27,1.2274173060806686,1.2550263439255043
2021-01-28,1.2333811204869318,1.2597861909603245
2021-01-29,1.2172887041852016,1.2475638093446175
2021-02-01,1.2504719267820261,1.2771384265702486
2021-02-02,1.267669552594318,1.2889290107323335
2021-02-03,1.2677401564549862,1.2865054418558286
2021-02-04,1.2828431070591941,1.2989129680404365
2021-02-05,1.2734689608292287,1.2896770137458176
2021-02-08,1.279667452111423,1.2953981063123294
2021-02-09,1.2714954192477377,1.2878798799432098
2021-02-10,1.269131219840739,1.2870365155286823
2021-02-11,1.2701971348276613,1.2866327917786684
2021-02-12,1.2778917794297981,1.2920546861882447
2021-02-15,1.2773761481371184,1.2909827054226028
2021-02-16,1.2711702540977248,1.2862210801611529
2021-02-17,1.2827415010628482,1.3030401333986843
2021-02-18,1.2623210103859974,1.28356148652677
2021-02-19,1.247332031004022,1.267356911269629
2021-02-22,1.226739594246755,1.2491836914297325
2021-02-23,1.2221070705820738,1.2428885323207777
2021-02-24,1.2290413997213283,1.2471284820723043
2021-02-25,1.197743175691346,1.223375801822085
2021-02-26,1.225254710883082,1.247069116321917
2021-03-01,1.2388121619177,1.2571688898513858
2021-03-02,1.2237952170740303,1.242994442300675
2021-03-03,1.2038082059242012,1.2256777596985884
2021-03-04,1.207044310444722,1.231050779428601
2021-03-05,1.2344520561823982,1.2538118766433992
2021-03-08,1.2305747447123627,1.251121623760475
2021-03-09,1.2415386699064612,1.259525776790427
2021-03-10,1.2387492299411658,1.2562216226226581
2021-03-11,1.2385219889007948,1.254416111711806
2021-03-12,1.230424934064229,1.2456698503754973
2021-03-15,1.2382018697323232,1.2495418525927908
2021-03-16,1.2368058491614586,1.2483855981271252
2021-03-17,1.2202045258107383,1.2349347706491187
2021-03-18,1.2016478468853755,1.2189886734975568
2021-03-19,1.2113170194689158,1.2270418440981772
2021-03-22,1.2154061571343469,1.2276598170808324
2021-03-23,1.2224292908394259,1.2364415666783297
2021-03-24,1.2374445341522846,1.2508945301148722
2021-03-25,1.2289092743075591,1.2412670765095473
2021-03-26,1.2338836186945557,1.2437146991166943
2021-03-29,1.2363818351222748,1.2470074048544928
2021-03-30,1.2367253019399105,1.2450816588321028
2021-03-31,1.2358739973037909,1.2439116381170634
2021-04-01,1.2460410612481352,1.2518246224272362
2021-04-02,1.2471132986574969,1.2517589069243378
2021-04-05,1.2382037110420503,1.2427990077884041
2021-04-06,1.2383472190103146,1.2429358463239615
2021-04-07,1.242473936253866,1.2456441332155006
2021-04-08,1.2447370885481412,1.2470262811861252
2021-04-09,1.2464860990288178,1.248750792512507
2021-04-12,1.2457519225697846,1.2472678077350923
2021-04-13,1.2512000073716776,1.2521458705309827
2021-04-14,1.2491257674733474,1.2515651834256039
2021-04-15,1.2621434596262588,1.2620127503096406
2021-04-16,1.2631488755434357,1.2619330796464858
2021-04-19,1.2566181331746236,1.2580317806057202
2021-04-20,1.2491139316311914,1.2519494314242519
2021-04-21,1.2558236949476314,1.2605870793083696
2021-04-22,1.2574362666543883,1.2648939367691123
2021-04-23,1.2507199850796082,1.256760507433562
2021-04-26,1.2536249397559616,1.2592781609514714
2021-04-27,1.249205104099068,1.2539103247020484
2021-04-28,1.2502561381488788,1.2549125679047295
2021-04-29,1.249269687013804,1.2536821304425974
2021-04-30,1.2643861353815369,1.2699238013090572
2021-05-03,1.2688148914801747,1.2721483591292455
2021-05-04,1.2716650606836792,1.2768678264275057
2021-05-05,1.272094422315639,1.275649235934025
2021-05-06,1.2756038141684178,1.2788157102563147
2021-05-07,1.2613922353964842,1.2620040952216454
2021-05-10,1.2446361662579024,1.2485186685027798
2021-05-11,1.237790012858496,1.2462332167893617
2021-05-12,1.2328663623724847,1.2505932186198372
2021-05-13,1.239162280213247,1.25083769682306
2021-05-14,1.2457481862646975,1.249686159783624
2021-05-17,1.24735545976614,1.2533449825322396
2021-05-18,1.2303755514130434,1.2378972493219305
2021-05-19,1.2372162972395373,1.2497336034603796
2021-05-20,1.2390262756797283,1.2495180186317538
2021-05-21,1.246207686402368,1.2554658339159857
2021-05-24,1.2494504086078702,1.2563742118676013
2021-05-25,1.2585946657602476,1.2655826605282157
2021-05-26,1.2624883205079098,1.2665032684106954
2021-05-27,1.2551824993285925,1.2564875385901906
2021-05-28,1.2584751479040661,1.2602243478513027
2021-05-31,1.2533677834391808,1.2559072546830512
2021-06-01,1.254455522324286,1.257949817344122
2021-06-02,1.2612973573312123,1.263518699210733
2021-06-03,1.2548930052891418,1.2584361153248311
2021-06-04,1.2686975886871945,1.2684203825853515
2021-06-07,1.269074995122522,1.267709744816059
2021-06-08,1.274211890048303,1.2733093187137776
2021-06-09,1.283630953300635,1.2830951822332026
2021-06-10,1.2897065128120815,1.2854584446422113
2021-06-11,1.288496257780022,1.2823316053314755
2021-06-14,1.2818166043931651,1.2767938846905365
2021-06-15,1.2781049394192239,1.274867780652862
2021-06-16,1.2749254202130993,1.2765345382815347
2021-06-17,1.2837920656018265,1.2845425639649137
2021-06-18,1.2999994302273639,1.3039668566501366
2021-06-21,1.2855797357360064,1.2870145411906406
2021-06-22,1.283375254269278,1.28288175165047
2021-06-23,1.2832961443479747,1.2817354327739197
2021-06-24,1.286516256647047,1.2837024061597295
2021-06-25,1.2787675109979262,1.2756418552527908
2021-06-28,1.28549915921372,1.2816628709433522
2021-06-29,1.2840169823084795,1.2816553486034172
2021-06-30,1.2903122844620374,1.2869792102579545
2021-07-01,1.2994825368415766,1.2949805658641884
2021-07-02,1.305522161604569,1.3005656492225
2021-07-06,1.3197374485077495,1.315175724185766
2021-07-07,1.3323319589159144,1.3274295991818785
2021-07-08,1.3356749763144384,1.3339981918644872
2021-07-09,1.3279404502740642,1.3228695717681784
2021-07-12,1.3266403293564017,1.3216391733107944
2021-07-13,1.325506242250154,1.3211626826448557
2021-07-14,1.3372406221494475,1.3308732354333201
2021-07-15,1.3533457829175795,1.346809461753666
2021-07-16,1.352809975778657,1.3490341970489763
2021-07-19,1.3558138649779705,1.3611519803896739
2021-07-20,1.349069094382772,1.3481434468314784
2021-07-21,1.3410520039451368,1.3410324458388097
2021-07-22,1.3460553933099515,1.3464021674000264
2021-07-23,1.3323881813911211,1.3327959313043116
2021-07-26,1.327568156168772,1.328338514454565
2021-07-27,1.3391267842541448,1.3408691763721567
2021-07-28,1.3430373990599465,1.3433700887233941
2021-07-29,1.3535910575780017,1.3526238160703525
2021-07-30,1.3462940687772649,1.3473091880252424
2021-08-02,1.3492676297481652,1.3520915759289494
2021-08-03,1.3391795017748171,1.339817250110254
2021-08-04,1.3338166816349057,1.3344743064695523
2021-08-05,1.326952518081016,1.3264931607521662
2021-08-06,1.2978609555557639,1.297161781384557
2021-08-09,1.2996963001716335,1.298716606351888
2021-08-10,1.2992017302927947,1.2971711597003934
2021-08-11,1.3161148342185263,1.3112067338471622
2021-08-12,1.3100020672158912,1.3043154384880458
2021-08-13,1.3233599715793063,1.3172522089510796
2021-08-16,1.3269598881660796,1.3210941963180474
2021-08-17,1.3324704771425187,1.328132322608403
2021-08-18,1.3342606780768604,1.3383441080965457
2021-08-19,1.3300596248606325,1.335066526154276
2021-08-20,1.3207919173435627,1.3232250960210865
2021-08-23,1.3349678277293306,1.3352071131316954
2021-08-24,1.3353884039017874,1.3356067321121254
2021-08-25,1.3286908274422145,1.3280923848610346
2021-08-26,1.3387171062447054,1.3396403701663717
2021-08-27,1.3519461893702134,1.3496664395528235
2021-08-30,1.3446523772720709,1.3421716701258457
2021-08-31,1.3398715981957319,1.3375100554940684
2021-09-01,1.337613268973044,1.333880803174011
2021-09-02,1.3323038395465436,1.3288182986413344
2021-09-03,1.3374391305996027,1.3340729855987712
2021-09-07,1.325514618141999,1.3238672649293532
2021-09-08,1.3180772583543487,1.3169055004137618
2021-09-09,1.3181595961709145,1.3182918791068245
2021-09-10,1.3207916132216886,1.3232172644563873
2021-09-13,1.3257386293680504,1.3254297769307857
2021-09-14,1.3338062230574403,1.333802981302701
2021-09-15,1.3268029894431306,1.3294005134930251
2021-09-16,1.3051909528432355,1.3079285986952116
2021-09-17,1.3046827706729056,1.3102094786856675
2021-09-20,1.3171872747766074,1.3269531361604312
2021-09-21,1.3263737292526194,1.334168427910352
2021-09-22,1.32322111629151,1.3283600353030955
2021-09-23,1.3080596670356368,1.3111750465293255
2021-09-24,1.3162973357020429,1.3173748087132273
2021-09-27,1.3212910075562454,1.3222138901326523
2021-09-28,1.3212567593973776,1.327341521799106
2021-09-29,1.32103675527166,1.3280873027456652
2021-09-30,1.3391451491120527,1.3451302945116532
2021-10-01,1.338481134264959,1.3431489049437555
2021-10-04,1.3534124328672612,1.3587572192568182
2021-10-05,1.3516524707089137,1.3551303756708035
2021-10-06,1.3459434655958846,1.3485954499663924
2021-10-07,1.340386028543775,1.341587625213536
2021-10-08,1.3443182728705134,1.3438529494946143
2021-10-11,1.3468005142554758,1.3469831333763949
2021-10-12,1.352912049745851,1.3515147013702842
2021-10-13,1.3649847287232126,1.361892190187852
2021-10-14,1.3606059440481018,1.3540636670825916
2021-10-15,1.3398223521029562,1.3347518653242387
2021-10-18,1.327574083214877,1.321818540829937
2021-10-19,1.33050957138577,1.324022361598276
2021-10-20,1.3424527995455058,1.3402748033224834
2021-10-21,1.3372440732093185,1.3340488666750607
2021-10-22,1.3432403434492641,1.3411696649766864
2021-10-25,1.3452850571536275,1.3411746350852884
2021-10-26,1.335512213894454,1.3328930371986218
2021-10-27,1.330046843937564,1.329294201165139
2021-10-28,1.3312419951150967,1.32900972306401
2021-10-29,1.3145870157400625,1.3138484009149216
2021-11-01,1.3256639624875357,1.3235807227969585
2021-11-02,1.3267082095407916,1.3231237257159925
2021-11-03,1.3067075354858269,1.302194537050384
2021-11-04,1.3131432287416376,1.309366250419535
2021-11-05,1.3225329178866183,1.3196479587856211
2021-11-08,1.325136303262211,1.3220836011576276
2021-11-09,1.3328221162635265,1.3304239451234483
2021-11-10,1.335287384494246,1.333302432358777
2021-11-11,1.337842023290194,1.335087782915857
2021-11-12,1.3330450302515502,1.3282880098240366
2021-11-15,1.3367085575258517,1.3310253752018484
2021-11-16,1.3301538798874424,1.3251919483417673
2021-11-17,1.3265556888849146,1.3293842124801198
2021-11-18,1.3254997465988707,1.3290277013269052
2021-11-19,1.3029778546501687,1.3078676946996828
2021-11-22,1.2987792680921002,1.304862460439859
2021-11-23,1.306957309620425,1.311442060543424
2021-11-24,1.3023414591349272,1.306402506166398
2021-11-25,1.2999000952470376,1.303638076370674
2021-11-26,1.2837292783417313,1.299356186306144
2021-11-29,1.2780225958994567,1.2868735238903661
2021-11-30,1.2623334411374891,1.27886665987359
2021-12-01,1.2678128764974972,1.2876178713043231
2021-12-02,1.2625519649681958,1.280077627343274
2021-12-03,1.2671749974773574,1.2884736114700772
2021-12-06,1.2722962880474762,1.2888261326147084
2021-12-07,1.2694308384421658,1.2798540934068292
2021-12-08,1.2871402694442655,1.2936172478141947
2021-12-09,1.274834864777758,1.2833680400977412
2021-12-10,1.279195950246635,1.2839254880367956
2021-12-13,1.279681285273764,1.286903867222499
2021-12-14,1.2837235598767758,1.2916486689114755
2021-12-15,1.2761255641082851,1.2800931458369085
2021-12-16,1.2959595515586027,1.3014235982760576
2021-12-17,1.2921486086115272,1.2998921690867544
2021-12-20,1.2945686671607937,1.3042141854102547
2021-12-21,1.2853437364043216,1.2922250200725778
2021-12-22,1.2817948338276066,1.2899144671327478
2021-12-23,1.2852017926837793,1.2927594659698898
2021-12-27,1.2846987418284694,1.2912485373986495
2021-12-28,1.2886686436528605,1.2939079572495378
2021-12-29,1.2911038186549382,1.2946975725081757
2021-12-30,1.289204855132286,1.2927419108025897
2021-12-31,1.2925111955139914,1.2956566144076145
2022-01-03,1.2890679803062743,1.2907049209313546
2022-01-04,1.2937191821544032,1.2948573188226196
2022-01-05,1.3004197958344228,1.3050605590430167
2022-01-06,1.2955556987791694,1.3010833182489103
2022-01-07,1.2965543406486364,1.2996290725601773
2022-01-10,1.2934229817980043,1.2956959719419174
2022-01-11,1.2919303855515845,1.2921203743326233
2022-01-12,1.2854856816090212,1.285935417027064
2022-01-13,1.2924433970964861,1.2958930599048142
2022-01-14,1.2868193952990399,1.2895309510138013
2022-01-17,1.2861342925311305,1.2889676038255498
2022-01-18,1.29081491589741,1.2980202222462145
2022-01-19,1.2904595093420894,1.3008749737289647
2022-01-20,1.3055937873764314,1.316782631254919
2022-01-21,1.3117582291302392,1.3270757112639193
2022-01-24,1.3178651009093814,1.3344361433165128
2022-01-25,1.3199153354971123,1.3370854961961967
2022-01-26,1.3092099739604794,1.3276930265496618
2022-01-27,1.3170037608021599,1.3360930503877617
2022-01-28,1.3173389961222435,1.3329512403764354
2022-01-31,1.315035660426273,1.3269088257922192
2022-02-01,1.3069019190187698,1.3147365855006277
2022-02-02,1.309263201630505,1.3162188922269362
2022-02-03,1.294359495679941,1.30845227085193
2022-02-04,1.2883865795121232,1.3003657600441185
2022-02-07,1.2898480987839454,1.3001706890860967
2022-02-08,1.285703262903996,1.293137005050397
2022-02-09,1.282641523020317,1.2881347039153697
2022-02-10,1.2674310154532167,1.2788327386579368
2022-02-11,1.2708638948109094,1.2897412055416724
2022-02-14,1.2634883109790636,1.2827699048212988
2022-02-15,1.2675362104065233,1.2813763489860743
2022-02-16,1.2681746184690503,1.2801064430484075
2022-02-17,1.269378140880515,1.2862704907529234
2022-02-18,1.2697080494632313,1.2876578123696907
2022-02-22,1.2621445064707686,1.2799208841641765
2022-02-23,1.2668561529116704,1.2877295640508117
2022-02-24,1.2746411726037372,1.293437882517098
2022-02-25,1.2729478105223764,1.289983601691537
2022-02-28,1.2669224512967021,1.2869927511982704
2022-03-01,1.2673919539897496,1.292984007501926
2022-03-02,1.2524633210155605,1.275075024944153
2022-03-03,1.2532751081409752,1.2766875626076277
2022-03-04,1.2511983798155077,1.2764508095453044
2022-03-07,1.2501884656841606,1.2806485717153877
2022-03-08,1.2347232919700757,1.2651096733050768
2022-03-09,1.241545505691268,1.269539562419533
2022-03-10,1.2478413206328145,1.2728530203281918
2022-03-11,1.2476510373470342,1.2740270023158142
2022-03-14,1.256135015214334,1.2841734501444257
2022-03-15,1.2645583916234033,1.2892650311662477
2022-03-16,1.2500058438151986,1.270161059745146
2022-03-17,1.2405096321319775,1.2598255147179804
2022-03-18,1.2399984950620082,1.2564216776121677
2022-03-21,1.2259759658742355,1.2428039288390809
2022-03-22,1.231446234012992,1.246994204799221
2022-03-23,1.2248484123433276,1.2407198194793232
2022-03-24,1.220865356759167,1.2361598928244704
2022-03-25,1.2164739135180236,1.2304860110170563
2022-03-28,1.2239475287572907,1.2370458871783063
2022-03-29,1.2238641985714254,1.234661509441189
2022-03-30,1.2256479275199172,1.2373012791505043
2022-03-31,1.2264482668869774,1.2403893578137142
2022-04-01,1.2264383638146032,1.2384132072468232
2022-04-04,1.2225241244698344,1.2318861231817144
2022-04-05,1.2289623044482234,1.2423891962725973
2022-04-06,1.2363862950790139,1.2507570154716108
2022-04-07,1.2336152008596142,1.2465194149076215
2022-04-08,1.232747278038224,1.2457870736042915
2022-04-11,1.2422963954620643,1.2578318004641376
2022-04-12,1.237921419211839,1.2542993389273052
2022-04-13,1.235136202002437,1.2472316193575073
2022-04-14,1.2375763244255547,1.2512596889572534
2022-04-18,1.239021128611722,1.2518699273058416
2022-04-19,1.2448162195698447,1.2541938145245934
2022-04-20,1.241967891485077,1.2539741510975237
2022-04-21,1.246404638179228,1.2619314586510062
2022-04-22,1.2556673853394542,1.2760347406755232
2022-04-25,1.2559545360741076,1.275148368907625
2022-04-26,1.2494245881614034,1.2738063600946172
2022-04-27,1.2505834963743692,1.2758576851079455
2022-04-28,1.2412528403934613,1.2644407545430472
2022-04-29,1.2491125646691006,1.2760826863184782
2022-05-02,1.2499294263385625,1.2762385436243695
2022-05-03,1.2506672965255663,1.273648535482698
2022-05-04,1.245666883380814,1.2634943042562643
2022-05-05,1.2507838233506627,1.2779255341381337
2022-05-06,1.252806344806007,1.2786961871757752
2022-05-09,1.2696772358778372,1.2996220296443524
2022-05-10,1.2751223538963636,1.3026983453250551
2022-05-11,1.2574594429566774,1.285105784849297
2022-05-12,1.2519468936940643,1.2787745775956134
2022-05-13,1.2473281171013841,1.2703704148737596
2022-05-16,1.245307982928313,1.2655205949392045
2022-05-17,1.249890354642165,1.2685782915773187
2022-05-18,1.258173025660112,1.2849591949702057
2022-05-19,1.2589684132463543,1.2823254024584596
2022-05-20,1.2618477504795709,1.2855409682275383
2022-05-23,1.2734248011877698,1.2964661626220535
2022-05-24,1.27581701540158,1.2988233338953916
2022-05-25,1.2738026260362296,1.2953118242804553
2022-05-26,1.2647012539951976,1.286341471095039
2022-05-27,1.255266247394633,1.2752242576790214
2022-05-31,1.2582122621996277,1.2772015070932987
2022-06-01,1.2503574713131833,1.269119275586602
2022-06-02,1.2440448772073722,1.2618943841747332
2022-06-03,1.2369012620263533,1.2555210936670445
2022-06-06,1.2316091692319637,1.2496544685845818
2022-06-07,1.2272789714359766,1.2439086799586254
2022-06-08,1.2177090113213802,1.2345993621335205
2022-06-09,1.2174201904675863,1.2371693438919371
2022-06-10,1.2121130649936556,1.2355227560999082
2022-06-13,1.2059646409810107,1.2371534604084888
2022-06-14,1.204147044638534,1.233316786140007
2022-06-15,1.2334027567662482,1.25812926555377
2022-06-16,1.2618395842559882,1.288777026512449
2022-06-17,1.2639482817141405,1.2891438384527993
2022-06-21,1.2585446883902967,1.2828703194854947
2022-06-22,1.285307420895141,1.3064716794844555
2022-06-23,1.285163301733643,1.306466968651134
2022-06-24,1.2720779949687746,1.2929509082478396
2022-06-27,1.25860506456797,1.2782351677477135
2022-06-28,1.2510294450263506,1.2725020066880137
2022-06-29,1.2509653350057437,1.2726169161311
2022-06-30,1.275745596348311,1.2973555242426178
2022-07-01,1.27142575436312,1.291789032334065
2022-07-05,1.292279875004395,1.3119177484776368
2022-07-06,1.2895697124506713,1.3083554665385908
2022-07-07,1.2710166524899011,1.289889732089684
2022-07-08,1.2605513139698885,1.2786337352410915
2022-07-11,1.2580903955820613,1.277920589854198
2022-07-12,1.2924116643334098,1.311334436358523
2022-07-13,1.2845032853491942,1.3028470524973614
2022-07-14,1.2741401172572557,1.2930247998020448
2022-07-15,1.2771416283607786,1.2926205816142162
2022-07-18,1.253321898195508,1.2717299738806345
2022-07-19,1.2544514638933266,1.2719778422760608
2022-07-20,1.2657147121314096,1.283969599555537
2022-07-21,1.2908261374291303,1.3075603296203349
2022-07-22,1.3025252453239942,1.318530238432527
2022-07-25,1.2990763829940095,1.3149459115422648
2022-07-26,1.294650069961414,1.3116550154361333
2022-07-27,1.2966105211887853,1.311724422453018
2022-07-28,1.3097672132931801,1.3215060259488158
2022-07-29,1.314018787557763,1.3251401119833444
2022-08-01,1.3414362245425366,1.3531335375355318
2022-08-02,1.3224064061227823,1.3355437676567543
2022-08-03,1.336057109589111,1.3456550896679982
2022-08-04,1.3600371041225368,1.3688667342150034
2022-08-05,1.33869360997394,1.3472279944174677
2022-08-08,1.3366459300561073,1.3454601620790776
2022-08-09,1.3337736479068671,1.3431449119570784
2022-08-10,1.3489906379837067,1.3537518703561222
2022-08-11,1.3370051382860684,1.343038716592797
2022-08-12,1.3428029656540417,1.3479207790052055
2022-08-15,1.3566189386474603,1.3598867890165922
2022-08-16,1.3557585608373672,1.3597672376206602
2022-08-17,1.344790854702153,1.3540232892095518
2022-08-18,1.327414356810915,1.3368067496971223
2022-08-19,1.3171606419087054,1.3296286452205728
2022-08-22,1.301628064387634,1.3175474685878452
2022-08-23,1.2938386206288046,1.3091486633527443
2022-08-24,1.284463964470852,1.298445469412125
2022-08-25,1.2993782961606435,1.3112507756043996
2022-08-26,1.2860278748339338,1.3029460441491907
2022-08-29,1.276112843812196,1.2929939498114995
2022-08-30,1.2889396378585933,1.3063856581670277
2022-08-31,1.2886768903651589,1.3050041701172899
2022-09-01,1.2913084286318985,1.3070257510052465
2022-09-02,1.2922434200859347,1.3082658106080391
2022-09-06,1.2808515884915153,1.2985856666867126
2022-09-07,1.3140929655267133,1.3272505878261363
2022-09-08,1.3121032151974699,1.3245211480931205
2022-09-09,1.311362222300245,1.3234492148330677
2022-09-12,1.3128623765420073,1.3243682911548198
2022-09-13,1.2771962121432876,1.2955228836163344
2022-09-14,1.278448107714192,1.2966114535986328
2022-09-15,1.27752818936829,1.2954412886750566
2022-09-16,1.277469381620539,1.2951473773855302
2022-09-19,1.2796717621173925,1.2954857246317224
2022-09-20,1.2781953870673843,1.2961337874391687
2022-09-21,1.2577867327108287,1.2781793134995783
2022-09-22,1.248665808004025,1.26887162691169
2022-09-23,1.2326575317224682,1.256330785406583
2022-09-26,1.229412762382509,1.255117458479151
2022-09-27,1.220004298135647,1.246944345213561
2022-09-28,1.2498392680217352,1.2740286932487417
2022-09-29,1.241160793617902,1.267152975600756
2022-09-30,1.237239362447358,1.2647933590256801
2022-10-03,1.267404543583093,1.2915552391607212
2022-10-04,1.2719671360046736,1.2937270353612877
2022-10-05,1.2610431289772677,1.283663436441282
2022-10-06,1.2433491287974778,1.2682747322591537
2022-10-07,1.2159518830678608,1.2441849098029136
2022-10-10,1.2153968803263597,1.2450728407997462
2022-10-11,1.211635180560147,1.2422690426412986
2022-10-12,1.2210621565400546,1.2506741817627491
2022-10-13,1.2283553081702667,1.2562167390281995
2022-10-14,1.2100507107716376,1.2396171461062064
2022-10-17,1.2338024418083933,1.261323681937569
2022-10-18,1.2466364552296547,1.2722791739393522
2022-10-19,1.213264653285624,1.239394164122971
2022-10-20,1.2084378704206409,1.2343774649452819
2022-10-21,1.2439926223777868,1.268734075272153
2022-10-24,1.245726322808506,1.269682704767562
2022-10-25,1.246284312548093,1.2681774199472962
2022-10-26,1.2477011621921406,1.2684207747156495
2022-10-27,1.2263302825003577,1.2467269262142464
2022-10-28,1.2527761420824675,1.2710525564937523
2022-10-31,1.2483707178607353,1.2655903343160813
2022-11-01,1.237178819683993,1.2538452542843523
2022-11-02,1.200180891170538,1.2198892787890783
2022-11-03,1.184261750535456,1.2031314571601013
2022-11-04,1.20014125116124,1.217855085766545
2022-11-07,1.2148967017878103,1.2312731235294263
2022-11-08,1.2382982669438805,1.255447984571565
2022-11-09,1.2213750883341303,1.2410603049639481
2022-11-10,1.2795631630573197,1.2941195471555595
2022-11-11,1.290261364466195,1.3038163140958898
2022-11-14,1.2941137370578548,1.3073349621058217
2022-11-15,1.2964865585399168,1.3105582359140306
2022-11-16,1.3056450592516027,1.3220943558170852
2022-11-17,1.2964649453837507,1.312818721666437
2022-11-18,1.3034247595697468,1.3191189651592967
2022-11-21,1.2966522424915807,1.3111994185066207
2022-11-22,1.3067197866709257,1.319130027093635
2022-11-23,1.3282864122556934,1.3387074616884718
2022-11-25,1.3282911444943837,1.3393820219349921
2022-11-28,1.3106245357325383,1.3244303625291445
2022-11-29,1.3003419283434412,1.3135782914288057
2022-11-30,1.3346213353836671,1.3443791815266453
2022-12-01,1.331279957672471,1.3402764371402178
2022-12-02,1.3273168200204235,1.3352074032552184
2022-12-05,1.32273160704611,1.3319895270087114
2022-12-06,1.3092698560239011,1.3204678062105824
2022-12-07,1.3080626592989275,1.3202364284919403
2022-12-08,1.3231269354454736,1.3333550967148124
2022-12-09,1.3227376477806714,1.3341884973195368
2022-12-12,1.33794856547634,1.3483373645192218
2022-12-13,1.3378813824549827,1.345542350688262
2022-12-14,1.3319856969368502,1.337768885788047
2022-12-15,1.2991934159127199,1.3104545920360495
2022-12-16,1.2903696444104256,1.3021588378326006
2022-12-19,1.2871613456762745,1.2973182669105963
2022-12-20,1.28222370178072,1.2923740904152634
2022-12-21,1.2831123184473152,1.294295715994029
2022-12-22,1.2637261807461582,1.278221749088917
2022-12-23,1.273365854581671,1.2864402852964127
2022-12-27,1.2715040479511228,1.2844204043687064
2022-12-28,1.2665963343014377,1.2796070490254947
2022-12-29,1.2743689784323855,1.2863915131720929
2022-12-30,1.2767611254468956,1.2888166228995657
2023-01-03,1.2593141298772745,1.2708398188305992
2023-01-04,1.2675243270884171,1.276836360732526
2023-01-05,1.2570729541787606,1.267270023712532
2023-01-06,1.2617135496750616,1.2701059844188551
2023-01-09,1.2569396699486417,1.2658993423708187
2023-01-10,1.2692983777765494,1.2752347490710618
2023-01-11,1.2811621363121029,1.287016132486221
2023-01-12,1.2715800635105161,1.2746238210024805
2023-01-13,1.286919581899982,1.2876523072180317
2023-01-17,1.2898857967146675,1.2911514849424353
2023-01-18,1.2623024246016474,1.2697586039582136
2023-01-19,1.2638497385457506,1.271293443792568
2023-01-20,1.2867600948472888,1.2915627274392736
2023-01-23,1.3028778300304231,1.3064019104814102
2023-01-24,1.2931906471848353,1.2945823922282362
2023-01-25,1.2931938909444955,1.294739410885934
2023-01-26,1.3125885653581408,1.3125062252183957
2023-01-27,1.3152314835527796,1.3138406707032646
2023-01-30,1.308439444880629,1.3086984502453787
2023-01-31,1.3131062290696678,1.3118984136211083
2023-02-01,1.3063683206540728,1.3038162834885136
2023-02-02,1.3064304040075092,1.3051366314982642
2023-02-03,1.3189965354563498,1.3177008479231227
2023-02-06,1.3303004089345694,1.3296990912583833
2023-02-07,1.351252873153303,1.3476630327939179
2023-02-08,1.350322202636486,1.3493794711810672
2023-02-09,1.3462655329060702,1.3475396595014408
2023-02-10,1.3606253176473155,1.3619935547251703
2023-02-13,1.3676183909478823,1.366126983241002
2023-02-14,1.3700282840370641,1.3657258603674427
2023-02-15,1.3861742340727978,1.3832198487805614
2023-02-16,1.3724184814824758,1.372753465131669
2023-02-17,1.3577379992521106,1.3589601313223512
2023-02-21,1.3584329975036111,1.363530565859434
2023-02-22,1.3463382572207985,1.3504253266858135
2023-02-23,1.3557186871148859,1.3576482004752344
2023-02-24,1.3696076469446115,1.3731219357527702
2023-02-27,1.361219068931832,1.3631553929527895
2023-02-28,1.365405138172477,1.3655887087497642
2023-03-01,1.3642045329583725,1.3653833298117863
2023-03-02,1.3756113450901688,1.3737062297531073
2023-03-03,1.3768208283210845,1.373118829791379
2023-03-06,1.3830027906095517,1.3777725548140234
2023-03-07,1.3768418986037079,1.3734147353184676
2023-03-08,1.3732707683018566,1.3688652565903554
2023-03-09,1.3417802100546947,1.3453704826432196
2023-03-10,1.3153768298236976,1.3269226243774594
2023-03-13,1.2708836504852892,1.2862613558275722
2023-03-14,1.2770007279599989,1.2879266945822112
2023-03-15,1.241600448246997,1.2590822975123435
2023-03-16,1.263229848346354,1.2740044905761423
2023-03-17,1.227132448859102,1.2460903672021026
2023-03-20,1.2281114588743933,1.244083040713425
2023-03-21,1.2565910436315608,1.2658281187143732
2023-03-22,1.229857611865382,1.2428049980027633
2023-03-23,1.222859948770768,1.2381239555791255
2023-03-24,1.2234929825918677,1.2373531195487555
2023-03-27,1.2551439427532236,1.2655006986499908
2023-03-28,1.258320031003314,1.2674654788899369
2023-03-29,1.261071233201855,1.268515821875443
2023-03-30,1.2682426666498159,1.275397530802047
2023-03-31,1.2726203326215986,1.2794933859373752
2023-04-03,1.2540760030888043,1.2600820671036503
2023-04-04,1.2446846210900802,1.2524196084725339
2023-04-05,1.2379074788940596,1.2454842237299746
2023-04-06,1.239942063221356,1.2464518132781433
2023-04-07,1.2499407554398299,1.2561452077661897
2023-04-10,1.2587654499551293,1.2636306507655641
2023-04-11,1.2631734150735832,1.26705585275207
2023-04-12,1.258594856181378,1.2629340823507114
2023-04-13,1.2596246415176857,1.262058809097389
2023-04-14,1.2768502355721083,1.2773648588505269
2023-04-17,1.2754970677171589,1.2744365525452492
2023-04-18,1.2689779649643251,1.2677912967212812
2023-04-19,1.2600038208633897,1.2652443188526021
2023-04-20,1.2437565967539745,1.2510351743939045
2023-04-21,1.2506062136601794,1.2571196022916693
2023-04-24,1.2456951780877172,1.2521970196022436
2023-04-25,1.2376211930277932,1.2484529875312353
2023-04-26,1.2215462084853999,1.231757589119226
2023-04-27,1.2381719288014914,1.2457657942579534
2023-04-28,1.2585316458971778,1.2637523159552628
2023-05-01,1.2626257628930497,1.266156897186234
2023-05-02,1.2328330810477062,1.2397817836313012
2023-05-03,1.196117054996223,1.2062166171544295
2023-05-04,1.2022922498855326,1.2146033665226728
2023-05-05,1.2199457351046283,1.2272366050936356
2023-05-08,1.229921670298104,1.2356098405700635
2023-05-09,1.2350065120687315,1.2415733400104674
2023-05-10,1.2289864975710478,1.2341125144256442
2023-05-11,1.2234296785582743,1.2281237332418244
2023-05-12,1.2327290597156386,1.2370817507769443
2023-05-15,1.2413943670301695,1.243850125070582
2023-05-16,1.2374495722661876,1.2418678393728488
2023-05-17,1.2542063979445601,1.2610677334343454
2023-05-18,1.2729614213224587,1.2766786318189702
2023-05-19,1.264508020026606,1.2702481983723553
2023-05-22,1.2740986240344638,1.2792527562036164
2023-05-23,1.2718668225559653,1.277717592902309
2023-05-24,1.2798964391751402,1.287012284641348
2023-05-25,1.2788539852542027,1.2848469356922763
2023-05-26,1.2917729571862433,1.2948989238786093
2023-05-30,1.284468269776134,1.2867005306498305
2023-05-31,1.2764100252778843,1.2784057576857066
2023-06-01,1.2819050770258402,1.280232035314511
2023-06-02,1.293956936077986,1.2895520218764676
2023-06-05,1.2906025488246609,1.2849162695210254
2023-06-06,1.2905463158923391,1.281371973387496
2023-06-07,1.284136548476395,1.275803697049002
2023-06-08,1.2767857655213937,1.267203990482671
2023-06-09,1.2782917936966867,1.268920576182792
2023-06-12,1.2859494932079816,1.2760308474123656
2023-06-13,1.2832490868638864,1.2735225483801549
2023-06-14,1.277488855110322,1.2661649409440958
2023-06-15,1.2785419030146674,1.2689981564142836
2023-06-16,1.2842086449955834,1.272035227959238
2023-06-20,1.2872045330829958,1.275008528790226
2023-06-21,1.2796180931088557,1.2715435773280372
2023-06-22,1.2892281416686622,1.2800682189599002
2023-06-23,1.2933621169082314,1.2847740605807176
2023-06-26,1.2878994376440536,1.2786983695966454
2023-06-27,1.289788322302229,1.278872655233866
2023-06-28,1.303474096302858,1.289764504019352
2023-06-29,1.2997049320716907,1.2874699087923045
2023-06-30,1.2969727639201023,1.2837704182904897
2023-07-03,1.2958350339328724,1.2825045814557288
2023-07-05,1.29233931605557,1.2796477911699113
2023-07-06,1.2746564036355663,1.2659391996557339
2023-07-07,1.254107716190462,1.2450646648384314
2023-07-10,1.253876722281283,1.2443640734330028
2023-07-11,1.2503528653638585,1.2405931158035193
2023-07-12,1.2469874665258494,1.2343140165913733
2023-07-13,1.2483817223214018,1.2362868304854522
2023-07-14,1.251418199552632,1.238402301203214
2023-07-17,1.2610411207503687,1.2474489934854922
2023-07-18,1.2610936549623564,1.24666113639891
2023-07-19,1.271868037336972,1.2636472127557434
2023-07-20,1.2705172692945617,1.262080272879419
2023-07-21,1.280046991393143,1.2701532218073734
2023-07-24,1.285322507853288,1.2737685279105018
2023-07-25,1.280260022909676,1.269345528502701
2023-07-26,1.2745713924132447,1.2626471678823197
2023-07-27,1.2768476198363035,1.2669091042217526
2023-07-28,1.2953544468114482,1.282765295101334
2023-07-31,1.2976793504808717,1.2841722078301427
2023-08-01,1.2931787495186946,1.2808386314008329
2023-08-02,1.2987447759305992,1.2905175206915618
2023-08-03,1.2909167474384549,1.2827271066677228
2023-08-04,1.2758824808632272,1.2702914508893335
2023-08-07,1.287772685104011,1.278892312608932
2023-08-08,1.291864011350937,1.283917579755712
2023-08-09,1.2837911862228284,1.275822871015159
2023-08-10,1.2903509426643367,1.2824136390495886
2023-08-11,1.2905931511964548,1.2802432826167696
2023-08-14,1.299786300986035,1.2878849426255203
2023-08-15,1.2842485114788873,1.2766963670143436
2023-08-16,1.2838902886782422,1.2793522382849036
2023-08-17,1.2687928281731355,1.2672634221435395
2023-08-18,1.2663389789928483,1.2640377062909989
2023-08-21,1.2762861605050684,1.2720181514484612
2023-08-22,1.2783225501424502,1.2745961192757094
2023-08-23,1.2831387663990643,1.2774650754805879
2023-08-24,1.2758319000227376,1.27255800611163
2023-08-25,1.279325584879562,1.2734866955986945
2023-08-28,1.2794709170185097,1.2715127907555765
2023-08-29,1.2858233033030344,1.2764107043503716
2023-08-30,1.280416706898547,1.2694292885338907
2023-08-31,1.2866581672110762,1.2740410106972275
2023-09-01,1.306219209626845,1.2918160884109628
2023-09-05,1.319823070494685,1.3045573939050557
2023-09-06,1.3199440715304744,1.305867890539529
2023-09-07,1.321142689366573,1.3067565710028721
2023-09-08,1.3315090606411624,1.3153345472626665
2023-09-11,1.3290024445483553,1.3115828437874926
2023-09-12,1.3281955458170887,1.3110334078274646
2023-09-13,1.3371080301701586,1.3186008251176624
2023-09-14,1.3585962921703099,1.3368976506291288
2023-09-15,1.3585316738318547,1.3391223928240839
2023-09-18,1.359469824794831,1.339617687362976
2023-09-19,1.349124921384884,1.3294619935944443
2023-09-20,1.3489823491343664,1.3346590623916232
2023-09-21,1.3359424832585087,1.325983716749208
2023-09-22,1.345400712926105,1.335236429972135
2023-09-25,1.3546865353285726,1.3443634564612181
2023-09-26,1.3538181010229955,1.3481299752231006
2023-09-27,1.3660239693064538,1.3578678658973433
2023-09-28,1.3559847794248925,1.3456914308364265
2023-09-29,1.3472530033587389,1.3383125713945747
2023-10-02,1.3530068271503994,1.3437057543460518
2023-10-03,1.3450699523437193,1.3417311137437058
2023-10-04,1.3234461414056475,1.3181541043888247
2023-10-05,1.311655835015289,1.3064380753361577
2023-10-06,1.3222423517608246,1.315295355935572
2023-10-09,1.3239710720565006,1.316247133546668
2023-10-10,1.3241344327625477,1.314161565182942
2023-10-11,1.3240789533497261,1.3130945850549678
2023-10-12,1.3499043451866184,1.3389216446248826
2023-10-13,1.3700731220324465,1.365647572359023
2023-10-16,1.3686916712046058,1.357342932381544
2023-10-17,1.3738623571007054,1.363928826736357
2023-10-18,1.399439348921191,1.3922465537228812
2023-10-19,1.4112566849200876,1.4066746611911234
2023-10-20,1.394841301044479,1.391642198926039
2023-10-23,1.3785727374476524,1.3740025245707126
2023-10-24,1.383714540974328,1.3761450458020117
2023-10-25,1.4041314308348487,1.3992209481559286
2023-10-26,1.393340504906214,1.3894848409966103
2023-10-27,1.3961143449643745,1.3944781478727286
2023-10-30,1.3857202458732054,1.3795013113282564
2023-10-31,1.406374880532913,1.3950370456962298
2023-11-01,1.3867957804702815,1.3737159984593623
2023-11-02,1.3826200067445784,1.3677953965038825
2023-11-03,1.3588907125682559,1.3440191822721097
2023-11-06,1.3600876163439473,1.342765823837427
2023-11-07,1.3698538284285031,1.3516791845708167
2023-11-08,1.3736912805460066,1.3541489266712294
2023-11-09,1.4023542037620553,1.383476284349517
2023-11-10,1.39483477068763,1.3736743806475376
2023-11-13,1.3961127988415085,1.3742231412495196
2023-11-14,1.3567945460481141,1.3369779263918427
2023-11-15,1.366024139973395,1.3500940309114717
2023-11-16,1.3675557038406934,1.3506031632257294
2023-11-17,1.3507542398359103,1.3340210761638767
2023-11-20,1.3359537652635218,1.319849497449862
2023-11-21,1.3418919260192252,1.3241579381451136
2023-11-22,1.3765333910203486,1.357576201948141
2023-11-24,1.3666451628059675,1.346017758488857
2023-11-27,1.360864753604587,1.340823111270747
2023-11-28,1.3506647452405929,1.3303764894562877
2023-11-29,1.3563701318906245,1.3369862905272
2023-11-30,1.3799825494875673,1.3579060254429907
2023-12-01,1.385285143225868,1.3626007573928913
2023-12-04,1.3779657397425098,1.3559366681800906
2023-12-05,1.3867334280657169,1.3635636415718835
2023-12-06,1.397522140758194,1.3743016788193856
2023-12-07,1.3725802732298662,1.3509122813060217
2023-12-08,1.3725215895037925,1.348694708259106
2023-12-11,1.3760447709802006,1.3507636684477
2023-12-12,1.3769303795311687,1.3497847118286055
2023-12-13,1.3791731970154393,1.3509769730695915
2023-12-14,1.3556113797171059,1.3287650454861142
2023-12-15,1.3661522654597236,1.3407969271738602
2023-12-18,1.3735477813738655,1.3477380797497411
2023-12-19,1.3655024839433803,1.3413796817297003
2023-12-20,1.3663901652474588,1.3506609118119357
2023-12-21,1.3578875953443195,1.341180599741653
2023-12-22,1.360846876128691,1.3430582893504628
2023-12-26,1.363323547661679,1.3437963064829814
2023-12-27,1.369385596587967,1.3470667355466859
2023-12-28,1.3832761143482073,1.359784039041855
2023-12-29,1.383507277548626,1.3599999145461947
2024-01-02,1.3967838303376061,1.3719524319337113
2024-01-03,1.383141364328401,1.3610922383313004
2024-01-04,1.3876953599142707,1.3652623735668141
2024-01-05,1.3788063360065466,1.3547305618050431
2024-01-08,1.3859733359887656,1.3600152333522157
2024-01-09,1.389049062900947,1.3612067802186985
2024-01-10,1.3923915661540023,1.3637025757382315
2024-01-11,1.387174869961098,1.3586099981578983
2024-01-12,1.3878202609526702,1.3602042704720898
2024-01-16,1.3937878652397404,1.3682088537986516
2024-01-17,1.3834551757571385,1.3645140210774356
2024-01-18,1.3761759434482044,1.356217080812301
2024-01-19,1.377764102713255,1.3564204259777923
2024-01-22,1.3750660309365332,1.3515679289935
2024-01-23,1.37829944779119,1.3527813734133254
2024-01-24,1.3646433102205469,1.3416323587450643
2024-01-25,1.3727357672332252,1.3500282631938776
2024-01-26,1.3675141448610735,1.344574164066583
2024-01-29,1.3769404965668752,1.3536882791491667
2024-01-30,1.3814345743315928,1.356947032083169
2024-01-31,1.4000650616550516,1.3771163585247195
2024-02-01,1.4052982178136681,1.38147704476901
2024-02-02,1.4045367482729625,1.380765910972945
2024-02-05,1.4012823989872945,1.3752405037067108
2024-02-06,1.3989651032473995,1.3714565226985966
2024-02-07,1.3940453778428241,1.3668278623624044
2024-02-08,1.3823100384403884,1.3553815231438449
2024-02-09,1.3754212485350368,1.3497529529539871
2024-02-12,1.3734514220729481,1.3490546395228733
2024-02-13,1.3572650457507978,1.3385713889051607
2024-02-14,1.3665302392825767,1.3474191018008737
2024-02-15,1.364345909702547,1.3450363644054342
2024-02-16,1.362046903790807,1.342587792309128
2024-02-20,1.3730956265495213,1.3545608223777523
2024-02-21,1.3624537334505658,1.3437928960046255
2024-02-22,1.3563233385784839,1.3372933682092853
2024-02-23,1.3718792647056863,1.3496436658795934
2024-02-26,1.3654738235939592,1.3429966100009325
2024-02-27,1.3594607257777511,1.3363577338690886
2024-02-28,1.3674014472168807,1.3447009544140927
2024-02-29,1.3719064357201993,1.3481102754293721
2024-03-01,1.3772012083395717,1.3532766292682166
2024-03-04,1.385889228205802,1.361162443044187
2024-03-05,1.4026572123500314,1.3792942331718374
2024-03-06,1.4048362469602442,1.3813298362778719
2024-03-07,1.4038792349076659,1.380480118228259
2024-03-08,1.4211843294569118,1.3980890106302664
2024-03-11,1.4181687319712961,1.3946986597507556
2024-03-12,1.4023999874458009,1.376718001568151
2024-03-13,1.397747417011944,1.3721049365378384
2024-03-14,1.3845552398136816,1.3614250869805478
2024-03-15,1.3833105824102594,1.3614889581087481
2024-03-18,1.375728643350751,1.3528630058054285
2024-03-19,1.371671909858801,1.3472394188339865
2024-03-20,1.3815512147280373,1.3592435442843274
2024-03-21,1.3764880475110108,1.354467482176471
2024-03-22,1.3766966334491733,1.3548365649516592
2024-03-25,1.3725161496241873,1.3505794306399808
2024-03-26,1.3772061332010628,1.354526621453871
2024-03-27,1.380004462446475,1.3562559319867424
2024-03-28,1.3911886306300618,1.3676725124067468
2024-04-01,1.3856735130700941,1.362566047866212
2024-04-02,1.3948950064676995,1.3727084719300602
2024-04-03,1.3965994936556445,1.3736903294476839
2024-04-04,1.3970238437416977,1.376545521436965
2024-04-05,1.403356206377832,1.383735233175302
2024-04-08,1.4069427978449838,1.3847073993171968
2024-04-09,1.416134187078478,1.3930838412705513
2024-04-10,1.4091662913409917,1.3876587565100003
2024-04-11,1.4154902360618125,1.3924923710954475
2024-04-12,1.4167595119229672,1.3988258190047782
2024-04-15,1.425639258093938,1.410699405772452
2024-04-16,1.4262113224393431,1.409049557242327
2024-04-17,1.4336923038064686,1.4163126607037162
2024-04-18,1.4410983181828252,1.4237866039342464
2024-04-19,1.4478322124925993,1.431306803431265
2024-04-22,1.4330531937569293,1.41273114418398
2024-04-23,1.4190300178854631,1.3970307170290819
2024-04-24,1.4228645631178547,1.3998370721580182
2024-04-25,1.417518540431914,1.3957515138432213
2024-04-26,1.4169446913443904,1.3937820249824093
2024-04-29,1.4192451831172515,1.3947835044128407
2024-04-30,1.4155833198163292,1.3926888946410254
2024-05-01,1.4339507442097006,1.4104209949054471
2024-05-02,1.4312381702877628,1.4059748373588905
2024-05-03,1.4308567465305713,1.4034289960148345
2024-05-06,1.433286131776523,1.4039125265176062
2024-05-07,1.4343168204543884,1.4044908911099059
2024-05-08,1.4321716205808204,1.4020163059036315
2024-05-09,1.4374337745625247,1.4067179051967995
2024-05-10,1.4458332443493576,1.4136036434574768
2024-05-13,1.4359978784614877,1.4052017845421199
2024-05-14,1.4384029229830624,1.406119704794119
2024-05-15,1.4364141915296265,1.4018655254191734
2024-05-16,1.4353157017752391,1.400643300339997
2024-05-17,1.4381099282335974,1.4025679326300315
2024-05-20,1.439945281476557,1.4042168805247144
2024-05-21,1.4422365151423744,1.4052469488084103
2024-05-22,1.4434364460979252,1.4120018147513929
2024-05-23,1.4412409740262662,1.4107357755405776
2024-05-24,1.432180962177064,1.4005583826850494
2024-05-28,1.435243698441451,1.4046165831199278
2024-05-29,1.444085383375351,1.4146933716554482
2024-05-30,1.4410798664330289,1.4116592770681657
2024-05-31,1.4332574277157737,1.4028472850115399
2024-06-03,1.428223665855375,1.397829103576505
2024-06-04,1.4312094722132247,1.4009895385403677
2024-06-05,1.428900567161772,1.397875511725203
2024-06-06,1.429633585904468,1.3982159324522472
2024-06-07,1.4406143576935342,1.407928501207843
2024-06-10,1.4430088068673659,1.4102505579124711
2024-06-11,1.4429732344857011,1.4102175313139447
2024-06-12,1.4314305680416752,1.3981511465319276
2024-06-13,1.4320126015157617,1.3986912231852553
2024-06-14,1.435199868739305,1.4038173583105362
2024-06-17,1.4385745856355632,1.4065134731911038
2024-06-18,1.4338413163618986,1.4067723368522473
2024-06-20,1.4434468966087746,1.417316289841887
2024-06-21,1.4369484495586113,1.4098367030524548
2024-06-24,1.4307881161234752,1.4038185470089772
2024-06-25,1.4324032316558943,1.4039790234645344
2024-06-26,1.4519529507301858,1.4217128401452181
2024-06-27,1.445465664403957,1.4153433028586366
2024-06-28,1.4562239330116602,1.4259213799528612
2024-07-01,1.4656528284054768,1.4322161224545846
2024-07-02,1.4596935347470885,1.4260358823266113
2024-07-03,1.448667951112011,1.416051966798878
2024-07-05,1.4377193375728734,1.4059835718844405
2024-07-08,1.4298953284319833,1.3977791380383096
2024-07-09,1.4368203774123212,1.4044070418201278
2024-07-10,1.4305952832480455,1.3982800896857135
2024-07-11,1.4253152602814554,1.3936239834503086
2024-07-12,1.4227463017613087,1.3903488077267707
2024-07-15,1.4238670120249086,1.3923739214227018
2024-07-16,1.4256787851952395,1.3946420712776415
2024-07-17,1.4232198360125266,1.3990296222769527
2024-07-18,1.4341703134163524,1.4104425229069002
2024-07-19,1.4344081066972276,1.4126574615528016
2024-07-22,1.4398475888644533,1.4146418510879455
2024-07-23,1.4529995419831063,1.426468388235658
2024-07-24,1.4571193066849764,1.4378889452175136
2024-07-25,1.445727138073714,1.4276607384136635
2024-07-26,1.447582640590284,1.4258617463623666
2024-07-29,1.445621055013306,1.4226485147990426
2024-07-30,1.459089156207137,1.4370809150681414
2024-07-31,1.4802482873115275,1.455412432592727
2024-08-01,1.4819595474718232,1.4627778795638005
2024-08-02,1.4537692202960077,1.4515660619080468
2024-08-05,1.447691460897579,1.4693149070570233
2024-08-06,1.4634505027965088,1.4697833048017073
2024-08-07,1.452588835397962,1.4555057890121161
2024-08-08,1.4528678789038303,1.4498253003111259
2024-08-09,1.449306177789229,1.4361418983013101
2024-08-12,1.452708179343953,1.4392682155552914
2024-08-13,1.4353285932443782,1.4172266073337818
2024-08-14,1.426466080028945,1.404111690172567
2024-08-15,1.432103463676851,1.407145984237355
2024-08-16,1.4422789550743855,1.4163756981213285
2024-08-19,1.4385957260853013,1.4114801811244995
2024-08-20,1.4299496037002277,1.4064324389510403
2024-08-21,1.4302395078413184,1.4166611037146755
2024-08-22,1.4231548190332068,1.4121091235034122
2024-08-23,1.418224027274629,1.403730260256176
2024-08-26,1.4172662637776798,1.4024399739815256
2024-08-27,1.4201642409928852,1.40398305607303
2024-08-28,1.4264582052950288,1.4127757628815487
2024-08-29,1.4294373324824519,1.4134746631170272
2024-08-30,1.426037557053796,1.4084368279958261
2024-09-03,1.4399619820659861,1.4319398166510278
2024-09-04,1.4427080191430597,1.4358696907017987
2024-09-05,1.4428049842110455,1.4328572684539636
2024-09-06,1.454659142350888,1.448382255452543
2024-09-09,1.4503055548022474,1.4399862309852065
2024-09-10,1.4576981667016118,1.4455210515647863
2024-09-11,1.450797425931803,1.4362765691886974
2024-09-12,1.4522990675120275,1.4373019215365348
2024-09-13,1.4581719174269139,1.4427458233450963
2024-09-16,1.4523688205443976,1.437951414384337
2024-09-17,1.4469303553570143,1.4342478316339937
2024-09-18,1.4463448964874386,1.431321213713213
2024-09-19,1.445038636679577,1.4276817001243554
2024-09-20,1.447477245729428,1.4296087058495075
2024-09-23,1.449734193117783,1.4317263377931726
2024-09-24,1.4523945812686514,1.4340199199687034
2024-09-25,1.4514351413623159,1.4341278856992759
2024-09-26,1.4506512192698673,1.4331112313839331
2024-09-27,1.456839022387713,1.4415990663510079
2024-09-30,1.4478021508814303,1.4314503831587824
2024-10-01,1.4501792899390868,1.4382405319602483
2024-10-02,1.4375036561939614,1.4256236355656853
2024-10-03,1.4338682512011633,1.4251218097516758
2024-10-04,1.4138391204902794,1.4034741576056735
2024-10-07,1.4149604830711513,1.4097869896609316
2024-10-08,1.414726777924667,1.4069225559432634
2024-10-09,1.4036322539726156,1.3945046459099926
2024-10-10,1.406901802453271,1.3983431499059429
2024-10-11,1.4118603444067104,1.4022342633469467
2024-10-14,1.4164741818124966,1.4040404120011354
2024-10-15,1.4235507586533984,1.4131455600954643
2024-10-16,1.421156515696515,1.4078216197058708
2024-10-17,1.421577468707408,1.407567592379298
2024-10-18,1.4287049778389762,1.4127968292245572
2024-10-21,1.4224334328070343,1.4069052014082775
2024-10-22,1.4198894813516345,1.404121619447879
2024-10-23,1.4117913029601488,1.3995558171976985
2024-10-24,1.4238418456500033,1.4099211290899243
2024-10-25,1.4201247227101987,1.4089497764377739
2024-10-28,1.4215945327929935,1.4073497587280175
2024-10-29,1.4229953013805023,1.408474102384294
2024-10-30,1.4258516726245858,1.412501408619271
2024-10-31,1.4275499585848628,1.418455159859974
2024-11-01,1.4244376538647492,1.4146128986342896
2024-11-04,1.4209719596315709,1.4085284132850049
2024-11-05,1.4238344396785225,1.4080694325416436
2024-11-06,1.3918598966778175,1.3713512350547776
2024-11-07,1.400763090791724,1.3777626605934696
2024-11-08,1.3895011225113456,1.3669341677063176
2024-11-11,1.3813832942808366,1.3591737915112059
2024-11-12,1.369948669797096,1.3485719553610727
2024-11-13,1.3506526570020598,1.3293164945382505
2024-11-14,1.3424419925384083,1.3215535414930029
2024-11-15,1.3517786073043372,1.3341501184571665
2024-11-18,1.3532046723330537,1.3333338351106403
2024-11-19,1.3599105744683917,1.3419256555472199
2024-11-20,1.357711678387496,1.3438333341653073
2024-11-21,1.3543401181815429,1.3401594915210533
2024-11-22,1.3483665013960446,1.3328156547851562
2024-11-25,1.3331566259763639,1.3168903521811055
2024-11-26,1.3426782467548688,1.3254638508016547
2024-11-27,1.3573972378292143,1.3389423487437615
2024-11-29,1.359779219469277,1.3400953194718837
2024-12-02,1.3518245441968473,1.3327732870826798
2024-12-03,1.3525725447001435,1.333098677848797
2024-12-04,1.342686870416022,1.3244668105221598
2024-12-05,1.352597037289457,1.3342049117878723
2024-12-06,1.3460928407926127,1.327072439451478
2024-12-09,1.349111380335467,1.3313398226218163
2024-12-10,1.3515963564227529,1.3335468237277173
2024-12-11,1.355927610298842,1.3372367065134378
2024-12-12,1.3543593307459934,1.336261433340047
2024-12-13,1.360910691953983,1.3423200302428269
2024-12-16,1.3583500129967099,1.3412674708675325
2024-12-17,1.3617684912037449,1.3458330831989838
2024-12-18,1.3623766519385707,1.3564530781011894
2024-12-19,1.3590833764101764,1.357805647633039
2024-12-20,1.367047631509545,1.3570242173762692
2024-12-23,1.369501685568706,1.3554709413800634
2024-12-24,1.3679728793593837,1.3511557510638317
2024-12-26,1.3689322305236888,1.3526553825212755
2024-12-27,1.3790562846331176,1.36443048532435
2024-12-30,1.371243522525834,1.3579748386233017
2024-12-31,1.3748049952182326,1.3616301485422606
2025-01-02,1.3638354410664315,1.3528160610950386
2025-01-03,1.3716268850226285,1.3570132397125998
2025-01-06,1.3769124937985646,1.3617472359561171
2025-01-07,1.3865114813094503,1.3741288597810413
2025-01-08,1.3820511445329302,1.369514236458954
2025-01-13,1.3825281100408606,1.3686008544147332
2025-01-14,1.3890644807399808,1.373432552786701
2025-01-15,1.3809004037472765,1.3600138625108154
2025-01-16,1.3768533981925462,1.3563866111030687
2025-01-17,1.3751671273175083,1.3553614520807655
2025-01-21,1.377569288977266,1.3548016130424179
2025-01-22,1.3775738652505194,1.358975214010221
2025-01-23,1.3816946276374118,1.3618644270365974
2025-01-24,1.3835265969238246,1.3634225606647647
2025-01-27,1.3757851045822431,1.3590303586369836
2025-01-28,1.3770362105325236,1.3580616417650075
2025-01-29,1.3755900584010812,1.3567843757308435
2025-01-30,1.3753275005802437,1.3566158420223016
2025-01-31,1.374083454085141,1.3572457591362044
2025-02-03,1.3754128033828377,1.3590192327946673
2025-02-04,1.3794167677484703,1.361414811298408
2025-02-05,1.3663249734783938,1.348058793839332
2025-02-06,1.368680203186882,1.3500347242579913
2025-02-07,1.3772778468522755,1.360075582412205
2025-02-10,1.3820893186890288,1.3629405002917787
2025-02-11,1.38753098895298,1.368193872001452
2025-02-12,1.3941435936042983,1.3740759250555927
2025-02-13,1.3908288708947552,1.3700224286236717
2025-02-14,1.3859300895173856,1.365199387805176
2025-02-18,1.3932410084740214,1.3718419213329611
2025-02-19,1.3938358654446112,1.3751840052494375
2025-02-20,1.3949607135974884,1.3763153523874292
2025-02-21,1.3905618160317665,1.375355025658937
2025-02-24,1.3902787613176366,1.37534600310425
2025-02-25,1.3814994855747533,1.3671685077020523
2025-02-26,1.3719065679878424,1.3574550298874795
2025-02-27,1.3692201801130952,1.3578929438359844
2025-02-28,1.3608137207239581,1.3486318766800407
2025-03-03,1.3645793873367527,1.3569262178346166
2025-03-04,1.3653850849559022,1.358871881558086
2025-03-05,1.3696182389347662,1.3598688280475426
2025-03-06,1.36991985428995,1.3663224642843261
2025-03-07,1.362004378631576,1.3556130826695278
2025-03-10,1.3584087289843472,1.3584686151196972
2025-03-11,1.35944359574455,1.3593623500985659
2025-03-12,1.3491095297112867,1.3463054730173156
2025-03-13,1.3602242736921675,1.3596363512594962
2025-03-14,1.3591907774308627,1.3525291527069865
2025-03-17,1.3604423440338744,1.3511801897887052
2025-03-18,1.3730459478983381,1.3643487339473266
2025-03-19,1.3748566657996173,1.3641842646343756
2025-03-20,1.3769773990228056,1.3652093850219456
2025-03-21,1.3687597015011839,1.3574692914674955
2025-03-24,1.361415252092259,1.3470810057237694
2025-03-25,1.360946912125222,1.347220784252531
2025-03-26,1.3552558636145327,1.343614849744751
2025-03-27,1.3708712411445445,1.3583571082209096
2025-03-28,1.388794838824469,1.3799857959180712
2025-03-31,1.388142062816872,1.3791678397511187
2025-04-01,1.3737199196836025,1.3656226563187142
2025-04-02,1.377893969365825,1.3679135378559744
2025-04-03,1.376608603841038,1.3796422638267123
2025-04-04,1.3588196875733585,1.374064579010174
2025-04-07,1.3325646408978045,1.3479208979084276
2025-04-08,1.3644948926964247,1.3860562327091863
2025-04-09,1.3314444617256775,1.3388243784590357
2025-04-10,1.3992452727067926,1.4149994528161232
2025-04-11,1.3701395245080055,1.3846775172879944
2025-04-14,1.3765471629895834,1.3827286866553432
2025-04-15,1.3864529690301666,1.3915599452576477
2025-04-16,1.3907878459964496,1.3979773412435754
2025-04-17,1.380988272909019,1.3871163627041054
2025-04-21,1.3820647284691752,1.391455581037517
2025-04-22,1.3712802542662192,1.3776560702127223
2025-04-23,1.3683402667214886,1.3725887607086154
2025-04-24,1.3931605269491885,1.3939402608979645
2025-04-25,1.3959543908176408,1.3942380765693858
2025-04-28,1.4051420839925097,1.4031353236578752
2025-04-29,1.4162904513220822,1.41310660423495
2025-04-30,1.4166222159279063,1.414813638669427
2025-05-01,1.4168288690553466,1.4140731323012943
2025-05-02,1.4192950272685154,1.413747722884522
2025-05-05,1.4170449679315886,1.41290065442169
2025-05-06,1.416060383877399,1.4141334527950182
2025-05-07,1.4255667403237187,1.421417542273208
2025-05-08,1.4021856585664818,1.39700476502273
2025-05-09,1.4020166894816053,1.3964035439082332
2025-05-12,1.3903742784182824,1.3763572288823103
2025-05-13,1.3903009499878913,1.3758614903674282
2025-05-14,1.3946687561051347,1.3815541935057394
2025-05-15,1.4139091613777328,1.3986738592014472
2025-05-16,1.4073606736085458,1.3923399126912215
2025-05-19,1.40801598170596,1.3938113301467125
2025-05-20,1.4100933451616655,1.3952308860446894
2025-05-21,1.407941621892267,1.3995966102686692
2025-05-22,1.4169437883134222,1.4076709714247533
2025-05-23,1.4170310578432845,1.4111178950854084
2025-05-27,1.419916472430633,1.4080415984828583
2025-05-28,1.4027477953572873,1.3927880608506382
2025-05-29,1.4222337619343934,1.4114023755303933
2025-05-30,1.4256454012373765,1.4152250838699891
2025-06-02,1.4262409653126156,1.4153143159731847
2025-06-03,1.4269753710612982,1.4148803877728306
2025-06-04,1.4419206926458956,1.4287169477035258
2025-06-05,1.4362839398257672,1.4247573255628194
2025-06-06,1.4144552354864082,1.4016171939720738
2025-06-09,1.4133529294342484,1.4000558626322337
2025-06-10,1.4150782421410875,1.401574406246044
2025-06-11,1.4110322839816725,1.3981872691634543
2025-06-12,1.4213121298581028,1.4085911884985616
2025-06-13,1.404971837213322,1.3982922893979046
2025-06-16,1.4090955733693955,1.3970740372504915
2025-06-17,1.4017841155277904,1.3939750822748218
2025-06-18,1.4023632010324105,1.394684730568733
2025-06-20,1.4026209717640565,1.3955429595182514
2025-06-23,1.4359194583917898,1.4265317631661385
2025-06-24,1.4386266397031768,1.4255154454341064
2025-06-25,1.4465126117683507,1.4322031308870506
2025-06-26,1.4440258906907084,1.4294382857823928
2025-06-27,1.4475624139855743,1.4330476622029809
2025-06-30,1.4560271316696238,1.4406529161401689
2025-07-01,1.4654435432936626,1.4498258648249753
2025-07-02,1.46111600609669,1.4457226049285667
2025-07-03,1.4575085583946616,1.442116390906843
2025-07-07,1.4486212830324552,1.4341914187373803
2025-07-08,1.4390416222217293,1.4236776931277286
2025-07-09,1.4433277579907662,1.4256658391823358
2025-07-10,1.4534252413842337,1.434583725221959
2025-07-11,1.449007982960531,1.4307413821912265
2025-07-14,1.4517341689929206,1.434371593865087
2025-07-15,1.4463175932265664,1.428955272958365
2025-07-16,1.452419113604359,1.440210845951284
2025-07-17,1.4446407336074854,1.4328834968590194
2025-07-18,1.4544726050549717,1.4417018035749523
2025-07-21,1.4617856097182922,1.4481366475807245
2025-07-22,1.4643712204952093,1.4506400009074294
2025-07-23,1.4611444552209436,1.4452541862874442
2025-07-24,1.4599901725898838,1.4435542296736852
2025-07-25,1.4626234385535564,1.445700168218058
2025-07-28,1.454684867428995,1.436470924402993
2025-07-29,1.450555123396047,1.4340693901661734
2025-07-30,1.442103928049417,1.4264224458252763
2025-07-31,1.451404208215544,1.4354493676147237
2025-08-01,1.459822999825189,1.4477041058849536
2025-08-04,1.464613510879484,1.4482712521228627
2025-08-05,1.4712111975842728,1.4550823373082422
2025-08-06,1.469374233182885,1.4511953618748477
2025-08-07,1.4867776848147582,1.4680413244272177
2025-08-08,1.48481111812002,1.4641192521262552
2025-08-11,1.4772468302101252,1.4575662845778665
2025-08-12,1.479342039304174,1.4566416612189137
2025-08-13,1.4829306466212142,1.4598019466976568
2025-08-14,1.4786210299627751,1.4559293115965117
2025-08-15,1.4795626750933661,1.4565347740351158
2025-08-18,1.4788682379834488,1.4540485899866447
2025-08-19,1.4783988891832576,1.455128209755837
2025-08-20,1.4832090886627831,1.4662757060660814
2025-08-21,1.4820942631425849,1.4660608054477309
2025-08-22,1.4784101709751196,1.457651783184003
2025-08-25,1.4730282500916043,1.4530303815918104
2025-08-26,1.4807974689502705,1.460045023799181
2025-08-27,1.4874694328656086,1.4665998508344775
2025-08-28,1.4887080693662273,1.4672610700731237
2025-08-29,1.4912820008222962,1.4708179962117705
2025-09-02,1.4943151603867137,1.4755741171789698
2025-09-03,1.5024958356787566,1.4816704777008258
2025-09-04,1.5125947558252921,1.488886347386044
2025-09-05,1.5215744690576944,1.4974805679478669
2025-09-08,1.5253455314002047,1.499566419143519
2025-09-09,1.5232280892079888,1.497183337211402
2025-09-10,1.5229189592078833,1.496691428979962
2025-09-11,1.5281354058633654,1.4999576080800194
2025-09-12,1.527703980804349,1.4993466943786282
2025-09-15,1.5297626763994099,1.502055508091839
2025-09-16,1.528437710581238,1.5020921995008054
2025-09-17,1.532292972138284,1.5088795100161947
2025-09-18,1.534714795104935,1.5111450866140292
2025-09-19,1.5432997737177352,1.5192932228509866
2025-09-22,1.5484946522494734,1.5251302771123436
2025-09-23,1.5437976726413878,1.521435079045212
2025-09-24,1.5427646099849113,1.5197310135723343
2025-09-25,1.544480329479226,1.5220726588331392
2025-09-26,1.5407531352471795,1.5160311193488771
2025-09-29,1.5544616405729292,1.5297937586028207
2025-09-30,1.5575768620214303,1.5325078381131434
2025-10-01,1.5697971238829527,1.5435311458471055
2025-10-02,1.5764614848431548,1.5505581971158309
2025-10-03,1.5739724792305045,1.5478307945525591
2025-10-06,1.5772988259334124,1.550332927058933
2025-10-07,1.5788927837797857,1.5533881566494654
2025-10-08,1.5789832957512395,1.552348836022886
2025-10-09,1.5849265487712065,1.5580611383286214
2025-10-10,1.6041280425368893,1.5836203925637058
2025-10-13,1.6121590733543805,1.5851896564747077
2025-10-14,1.6295488829106444,1.60455151336032
2025-10-15,1.640771419722783,1.6158290483107385
2025-10-16,1.6613652411792652,1.6415865768937263
2025-10-17,1.6553453053361167,1.6294604336761644
2025-10-20,1.6655112296484207,1.63271410322195
2025-10-21,1.6461708917488433,1.6141045218740147
2025-10-22,1.6347955034042811,1.6069113957043397
2025-10-23,1.6366463148093604,1.6076628184914992
2025-10-24,1.6360481632544528,1.6059492132080635
2025-10-27,1.6348551821925992,1.60315856257312
2025-10-28,1.6405261380692335,1.6103650674947745
2025-10-29,1.639126963454837,1.6102550051233548
2025-10-30,1.6478515613498308,1.6193324034218795
2025-10-31,1.6492314578378073,1.6207830380329793
