,ES_FRONT_CALENDAR_2D,NQ_FRONT_CALENDAR_2D,RTY_FRONT_CALENDAR_2D,ZT_FRONT_VOLUME,ZF_FRONT_VOLUME,ZN_FRONT_VOLUME,UB_FRONT_VOLUME,SR3_FRONT_CALENDAR,CL_FRONT_VOLUME,GC_FRONT_VOLUME,6E_FRONT_CALENDAR,6B_FRONT_CALENDAR,6J_FRONT_CALENDAR
2021-01-01,0.010402605147533705,0.010402605147533705,0.49227013061114394,-0.06274496088680025,-0.011771551766400618,0.010402605147533705,-0.5113770642857465,0.010402605147533705,0.006445499524927796,0.017365611365213376,0.05407512681196048,0.05672716318063758,-0.2410685711574483
2021-01-08,0.034896359522166936,0.02834459553521277,0.38470689735304364,-0.08095605745087825,-0.0497757292502399,-0.03819169381555004,-0.4129421382234134,0.013968396147433441,0.06942669524829811,-0.0041218380150334424,0.056858669968332796,0.05855161247719627,-0.186954476807643
2021-01-15,0.05542795103233468,0.03875123052749599,0.3276397304024327,-0.09824828048155526,-0.08266718618862404,-0.07908292835683228,-0.35693876567012156,0.02055299572306519,0.10211080369922362,-0.041066986821862224,0.08249053395797645,0.10653441054771431,-0.07186667621788786
2021-01-22,0.07991516222016987,0.06020769937376948,0.23036810365064647,-0.07549358771067488,-0.10302657329585053,-0.13188110286317936,-0.27695093551023425,0.014915699126763899,0.1613214997154568,-0.08434848748088339,0.050919000337352006,0.11563037701827866,-0.039779060910868476
2021-01-29,0.048359299708646594,0.031204585983302325,0.16592854605376617,-0.0014950224053121297,-0.08672535270030753,-0.15865421664357127,-0.21462976987433394,0.013729672348877491,0.2155982149863117,-0.13441128930425347,0.024321381615569234,0.12356039293523363,0.015775161762213732
2021-02-05,0.08877734890349355,0.07966580978452362,0.1178989619364273,0.03065542809653074,-0.11791663749489543,-0.165540242034123,-0.17372779028740987,0.014143412658496897,0.23806901373446007,-0.13870546240916995,-0.09299862484367907,0.09429326414925507,-0.06242039344256149
2021-02-12,0.11277021422999263,0.1025460514646344,0.14843370809447892,-0.0024784990247431887,-0.15740418732992084,-0.19405068094437575,-0.1984085262829831,0.010702589073092966,0.28686207460589314,-0.1464944055461313,-0.2548710311080981,0.02960681738988105,-0.07261820779818326
2021-02-19,0.12242988448028416,0.10337629238896652,0.17670618376717717,0.010319933581663832,-0.20327564593105307,-0.22588210245194584,-0.228317714537254,0.06039984321573313,0.3169141892737164,-0.2103233616963195,-0.16027031660168195,0.09752200601059763,-0.037885323702669706
2021-02-26,0.11526897564415893,0.056220646719537484,0.1979128216603364,-0.09172686931649611,-0.215825121348933,-0.19686610711915029,-0.19416288777654372,0.1277740542704851,0.38532889348255156,-0.21270767901947468,-0.08896530406847353,0.07949831486794598,-0.05709309463180806
2021-03-05,0.1180407651541366,-0.003150053072034864,0.2234335013997209,-0.14723095175885803,-0.1919121385805398,-0.14898667870176008,-0.1474426572768713,0.1657669561620546,0.4393965041257786,-0.19815966232559928,-0.047639393906857626,0.0823436374423,-0.14463343949841395
2021-03-12,0.1498800481105172,-0.00993939348980975,0.23451428246682657,-0.178607336635834,-0.20288832614157562,-0.1469988904410267,-0.14565663851964297,0.1846537959276946,0.4258475959437174,-0.17376113065513077,-0.16327883076718497,0.10389405899806753,-0.3547735175669148
2021-03-19,0.16282550520366687,-0.03414086415027872,0.24339206031082403,-0.21136969245083584,-0.21293352670642107,-0.13874287209206862,-0.13625013342194967,0.2670614572963151,0.4402767946349414,-0.14614293625152225,-0.13981764169350339,-0.09428092142197797,-0.3073595269482096
2021-03-26,0.2015988779925098,-0.03324720260962575,0.2856522085659961,-0.22103915254203316,-0.2085520012416023,-0.13219362631095694,-0.1286965886757525,0.3077489227109125,0.41122039389101844,-0.19371976169384575,-0.12770860169259576,0.1144979371912663,-0.35906997806522095
2021-04-02,0.237147458009559,-0.017498918930489347,0.3130188234538064,-0.2663387610985956,-0.2404013554949143,-0.153445348230437,-0.14418734170359573,0.3507264435603522,0.37403065441985,-0.1281197277837101,-0.1783305518660541,0.20373351847031101,-0.3808902360407805
2021-04-09,0.2820045654811904,0.07949981819540555,0.31675928523287367,-0.32039091249955154,-0.23900085107571686,-0.16315935830753892,-0.1523519653189226,0.37119114714592755,0.3588396385890609,-0.1829261451628892,-0.2249384501648661,0.24141433335453358,-0.2745686819085343
2021-04-16,0.3105369646490017,0.13369126922268382,0.3055532821192471,-0.3902014239675187,-0.28880031849601523,-0.14416169148424762,-0.19723818332489612,0.3599730220547528,0.3589482484976859,-0.18123367256552303,-0.13420538365465604,0.3227180367756869,-0.2370483764633101
2021-04-23,0.3124455638449974,0.10869087731985383,0.27199265739894585,-0.36211923312212463,-0.27202234140801684,-0.1642907964221893,-0.18571652676903744,0.3343110692496632,0.39317042718052214,-0.20786913244315391,-0.03917330311523369,0.18774166899753833,-0.2835397915338628
2021-04-30,0.3364280277981902,0.09014320095336212,0.2591773292681763,-0.31247287114626715,-0.24660954838132493,-0.19364561302561933,-0.17544504292741372,0.28843269635160784,0.4272706689283445,-0.24092503861413592,0.040577357780486684,0.21348137938497097,-0.17209560753193265
2021-05-07,0.385147124701778,0.049126655455123375,0.2673558729389748,-0.29096973367724477,-0.2444185792779678,-0.22096695376860176,-0.2004985151421957,0.18362618384443558,0.4228389127292043,-0.2864606306151958,0.076190826994844,0.29204152275406736,-0.2291650286383379
2021-05-14,0.3697039314953481,-0.044709200373707916,0.2512854690961042,-0.25704907797163656,-0.24171537343167385,-0.24433828813412412,-0.24304475496257888,0.26182145689671144,0.4431525108113216,-0.30490543787591196,0.0179451042862135,0.21685193969816802,-0.20744490141391644
2021-05-21,0.353744631364199,-0.029729944618058432,0.19061362027810974,-0.22175192287181103,-0.21902443613172157,-0.24195956723857717,-0.23784886659470292,0.1827349110612999,0.4677569879558259,-0.22386272806457058,0.0068402688927890025,0.12511765718774237,-0.15219085847701755
2021-05-28,0.3403460590887602,-0.02840716874420902,0.15162842501154783,-0.1688732601860719,-0.19150731895619325,-0.23182741428214215,-0.24181797239289068,0.20835763741075292,0.4775453888625215,-0.08507557452650402,-0.09542339042097442,0.19025056573742263,-0.16239242778761828
2021-06-04,0.34272910362519693,0.023723917116466823,0.12984300337273033,-0.24630940327597908,-0.1733137673103011,-0.18667802239402043,-0.23845266495084294,0.06804510751703222,0.47604959324850604,-0.09566133368072353,-0.05674599332892288,0.2505513119321449,-0.16327856430896695
2021-06-11,0.3171725327392571,0.06569889734871938,0.1390453311330086,-0.21851176838932965,-0.15155696712569988,-0.16116536402183207,-0.2200204970051888,-0.043470656037699854,0.47270581672905526,-0.043087575591229374,-0.03840411837111617,0.23280998130732136,-0.03702820832283801
2021-06-18,0.28956642412497513,0.0843645820346686,0.14871667031855632,-0.1995818112004418,-0.1369838402493786,-0.1268580005761063,-0.16056210121266618,-0.06357286773594975,0.4838896087725618,-0.10252558638350867,-0.20551330761039732,0.18765290717072136,-0.05082595462368474
2021-06-25,0.24773687773479042,0.08578360171665243,0.15310355989446178,-0.16248376148179836,-0.11878738215580982,-0.10277125535076177,-0.09861135281842154,-0.0741834246389096,0.5088014394180174,-0.14961410954512194,-0.20064039113537993,0.12788137839185726,0.11295123233252971
2021-07-02,0.20762168983083612,0.09267212377498558,0.1354415935980508,-0.11835772202009992,-0.09377967058346903,-0.06488293443818463,-0.037884169609816866,-0.0802306274373382,0.5361066979447875,-0.1164543306525231,-0.2479753061852304,0.08218118073577771,0.0049135166701767125
2021-07-09,0.20559512466628788,0.10984749599169834,0.11266740207268658,-0.09162004282898442,-0.07341454598551915,-0.040442752389720726,0.012000410107884454,-0.0940211536170254,0.5376437717553316,-0.147315832263052,-0.3448920440783958,0.10000207211936406,-0.17075605799045546
2021-07-16,0.2062384645335119,0.12941646886176936,0.132667578800552,-0.09715777383634551,-0.07193886339043262,0.006666600270064202,0.09782040168189003,-0.11269726176373976,0.5212380085422283,-0.1761265272321757,-0.38178815046221154,0.11210082395496744,-0.3777133861406964
2021-07-23,0.22481106002614598,0.21210081402424438,0.09740910294675516,-0.07285283661014974,-0.05111366254953277,0.013744043379675323,0.11550219908215185,-0.10471307063927887,0.5171497294713218,-0.20599486639883258,-0.3453760815432587,0.12782060273587623,-0.17819083828845672
2021-07-30,0.2616809555482575,0.254053979217256,0.04254070239053239,-0.06947296417547136,-0.05586080589044019,0.011646450577172016,0.10373652088954965,-0.13368994976495038,0.5109586165878787,-0.17878415598464448,-0.22868707584227085,-0.014856384173231318,-0.15561728136389202
2021-08-06,0.3093953831232372,0.32891592407105347,0.05016005463598444,-0.08406270817310373,-0.06747329857420772,0.012515850521319413,0.11321852468634332,-0.14236422018232026,0.446094115026771,-0.04173767866766381,-0.3135590193210131,-0.04033446938849983,-0.14330192444993123
2021-08-13,0.35318278775068335,0.37633611085678953,0.05224750258891714,-0.0980905237640221,-0.07507482253896731,0.01949143865180796,0.13282549154399287,-0.13916388342992841,0.39135711668352174,0.06193852989138664,-0.34982112713197566,-0.08050510604633938,-0.2637487024165066
2021-08-20,0.35008101479640413,0.3849419365854297,0.05359817678839408,-0.10280173372443216,-0.0745089698139018,0.028182788884058355,0.1592215110206966,-0.08667727576022835,0.20618513234676508,0.13715120696610877,-0.379034253800391,-0.11889689394770799,-0.19764759134429546
2021-08-27,0.3705923109971575,0.4303916916092618,0.016328292223196622,-0.1045004349997981,-0.07497198156121389,0.05433106377683175,0.20985658762152454,-0.11724691188628822,0.21315357652483358,0.23701968229719958,-0.44041985876097856,-0.19098388724858126,-0.15070274554703772
2021-09-03,0.4326725807524902,0.486679191768722,0.024304522700116304,-0.13728619539306144,-0.09687076993497164,0.048371427443538256,0.23019729200053424,-0.1407295698585468,0.17730532176590272,0.26695431696452004,-0.5007831681478186,-0.32911278819797685,-0.1556160979412552
2021-09-10,0.4217281266859715,0.5470493069273016,0.0642886645216891,-0.16370540634617092,-0.10866864447486678,0.07900523554733466,0.2854759313885201,-0.15497299217495933,0.16708487507168426,0.2821276422952615,-0.5562230384087171,-0.40172969710092554,-0.25249388040457743
2021-09-17,0.4209090545740903,0.6277581341934988,0.0836922566387775,-0.18697743057971708,-0.12749497272828603,0.06721018194356079,0.34511939264905567,-0.18491899505636578,0.10021846250165645,0.28227961881307595,-0.6351070460312268,-0.35653309656671495,-0.18800723937698793
2021-09-24,0.3552480199695274,0.5617921422326212,0.07695323588483079,-0.19285840716213348,-0.11647351760585677,0.0772760252522923,0.4312523310203412,-0.18479983686811513,0.21239197027860113,0.2709240271206007,-0.5630612621382777,-0.3757316327731739,-0.22164740091565924
2021-10-01,0.2677729305185965,0.4672237230707355,0.08614849639628727,-0.16994839152605318,-0.10196049013214352,0.09256688660765482,0.44673897371199006,-0.16855870896737896,0.30296530017344975,0.3111503160088337,-0.5732466879817,-0.43239052750453294,-0.24832301737598209
2021-10-08,0.17834829451180273,0.3650122752604624,0.09773815786185333,-0.15905300211503584,-0.09576062421893906,0.0762863394486554,0.4413442575682216,-0.11586056543846375,0.39026755004360525,0.2267366391957519,-0.5729236210575108,-0.4233194234074437,-0.22412752251903564
2021-10-15,0.1023525129139213,0.2720262442145185,0.09580236343243445,-0.1506487617798426,-0.10167989980401007,0.05915133630960559,0.4778961778042177,-0.09816581398877099,0.46294349628461445,0.1700530323246767,-0.5042362919933936,-0.407406755291661,-0.19470987062926717
2021-10-22,0.0722073940190522,0.1895261728494221,0.09503902650710984,-0.13231310165756818,-0.10948123345119859,0.036296131728813755,0.41910763089550374,-0.07128715272849027,0.5228456373480133,0.10729295696216933,-0.43404963064858526,-0.37018576201625303,-0.1728476753799293
2021-10-29,0.040560890857640156,0.13827348738343292,0.10320166432671744,-0.11213412006149942,-0.11569780942638633,0.02151622247603193,0.38148721145007686,-0.03791928369207359,0.5848796903984403,0.05265457023444636,-0.3640815176638701,-0.29842907619625203,-0.13447049571568614
2021-11-05,-0.03388352139158973,0.04919608894214063,0.08934036079775588,-0.10110661364076559,-0.13375202822440868,0.06406829043585861,0.4111718829706111,0.02224633934489533,0.6508684865718362,0.03860573433234063,-0.3060071563581479,-0.30263229634309113,-0.11565291119931877
2021-11-12,0.01328331728837244,0.06656409782255887,0.1455609956386731,-0.13690219245065235,-0.1585641765983445,0.018192637595199963,0.40050013255337225,0.017498383734713387,0.6416899245115877,0.09946983672959475,-0.21207959793255163,-0.3580828920964725,-0.15357352410963904
2021-11-19,0.028786947713387166,0.08144224861986318,0.1516696347753829,-0.14641766961474773,-0.16972794850048073,0.017681077707167318,0.42344339834872136,0.017867866444864138,0.4246269951130361,0.11664162092701078,-0.3001616423924231,-0.4219325929779463,-0.18641308735353324
2021-11-26,-0.003757436633621266,0.07593583433779683,0.14754584977747162,-0.1401841879901376,-0.14916080025443462,0.060001237989283904,0.49165438237444237,0.02006367452546023,0.3170637447775875,0.13812198428894612,-0.36998887209017145,-0.4500055296126465,-0.27776714143762476
2021-12-03,-0.04142907568854236,0.05419024011279874,0.11768521226781616,-0.12472287975995525,-0.12277354429164153,0.10865658816979273,0.5383929589824331,0.02007506253956323,0.19794720184290637,0.1496533029805398,-0.38391560874531316,-0.42378207600096757,-0.38043733975937666
2021-12-10,-0.007491802346011385,0.06739191074376209,0.03212203420745198,-0.10431445195882734,-0.12340278992063625,0.12206749498202045,0.5744088255958011,0.038456528418524864,0.05380933982603903,0.16436862669033514,-0.42472976540626994,-0.4278451403295098,-0.30571578124407683
2021-12-17,-0.013971860105717764,0.03299220187217488,-0.02397677354226483,-0.08272736478333156,-0.10347244951775299,0.1683927470766474,0.6109765955286877,0.03713485862632188,-0.050596305499842356,0.15498191600730227,-0.368248359438333,-0.4236984006727338,-0.20284697665681017
2021-12-24,0.001329074097366753,0.04135056146311446,-0.12679770229012566,-0.1502445993622299,-0.16508325380670974,0.1567351977359947,0.6645567493340205,0.044880820089908034,-0.003992718511971312,0.13642618464078685,-0.367208444469602,-0.3389094502410823,-0.18242708643089073
2021-12-31,-0.01968263423567912,0.022975758067720207,-0.16995849377781697,-0.1682518649036757,-0.15670149886250712,0.23747101727729228,0.7320531930805477,0.04280429642019725,-0.046052745390121406,0.21619903621215258,-0.37901506000225643,-0.43544379038917613,-0.19300814164131122
2022-01-07,-0.06109780399754803,-0.04287747521010142,-0.21106005334462985,-0.18161830664155737,-0.1539157516954097,0.3158616266447626,0.7617593932865584,0.036778723095607535,-0.09363523419933584,0.28544080374215797,-0.3414563350667681,-0.37776251435420416,-0.18371693336054454
2022-01-14,-0.08957663067221547,-0.0718270171838904,-0.22924614987884814,-0.18727143262615376,-0.13822825039912587,0.3460371402413874,0.7329793600299644,0.0301945023690404,-0.09500167452417635,0.29972620192759136,-0.23468565578736167,-0.30220235632580716,-0.04419446922196271
2022-01-21,-0.15322024765573877,-0.11634937632716438,-0.2724778558953732,-0.19592817657919304,-0.10461062400718735,0.39768773480528863,0.7068850042427,0.022904430127534348,-0.03847963505393708,0.378005664113834,-0.27521225923499676,-0.26064355086210383,-0.03978845487075499
2022-01-28,-0.22394754041757003,-0.16722708432202527,-0.30522037725898,-0.1840482856784785,-0.06983468192434802,0.4337650169531396,0.6742023706292783,0.03785832597550157,0.08767752113425648,0.41036145758975745,-0.28893989061546954,-0.23685684135834503,-0.059043997609313933
2022-02-04,-0.2475001372088241,-0.19140524190936048,-0.300672476220672,-0.1724513314905115,-0.06617255394818457,0.4033936733787067,0.5838735743576311,0.03517009465579305,0.22521479732786243,0.40950524303329167,-0.1754627857830685,-0.196103624370211,-0.07549407629189063
2022-02-11,-0.2557609878992184,-0.2016648503747816,-0.2735287257560827,-0.17536929766731785,-0.07903206333192861,0.33938274897580495,0.48160112822659606,0.036126925119762385,0.3348058363048475,0.3969278597236914,-0.11812407101302193,-0.1916424768713769,0.011855752973782066
2022-02-18,-0.3077796039514808,-0.25637359900844015,-0.26359808029483683,-0.17233885236780466,-0.08122045022040597,0.31227656668764214,0.396737367108581,0.04036420416730796,0.3749611780419067,0.4726071092284571,-0.2125067441141567,-0.17150436484136716,0.043416311811931785
2022-02-25,-0.2965736525550265,-0.24885186961667546,-0.23113332186561103,-0.165427665945347,-0.08444646690634017,0.2708195750665065,0.3220800557999431,0.05198133729935532,0.44642030892471035,0.4354542787209651,-0.06513122608459407,-0.19142698546906853,0.00838749024714893
2022-03-04,-0.2620062275928651,-0.22590444877141008,-0.20598328090940718,-0.13466097852424772,-0.05871589611627838,0.23015509602048848,0.24297207042175165,0.04819139082635221,0.46896275409457,0.37408440970936396,-0.06335809659096206,-0.19537273775504677,-0.13925675791977585
2022-03-11,-0.26740063823197846,-0.23506939049948888,-0.2046766589986472,-0.13076196175459254,-0.045384773300535766,0.17844924548205784,0.16028730732547086,0.08524454730445483,0.41965475141518876,0.3248745589001587,-0.07629110672309136,-0.02584672346930955,-0.12477351980239273
2022-03-18,-0.2967449049454377,-0.2604734969776402,-0.2727935186597209,-0.15618442752038775,-0.0419239248325066,0.22165256386448962,0.16657111647034306,0.03859366416617907,0.33153310883385734,0.3820048629857398,-0.12152085670281962,-0.01643000148333571,-0.0725584961870958
2022-03-25,-0.25826060197844297,-0.22564495899174475,-0.27181979651093596,-0.14546934029759995,0.007202292369832997,0.2279789033594882,0.14729743684616253,0.003379857760044666,0.3459902620013043,0.33128915518670327,-0.08383465118289192,0.15141999017110613,-0.10690774499412668
2022-04-01,-0.24667939540251543,-0.21569179219986379,-0.25810625570929696,-0.15857928074553326,0.0013354848826059038,0.21929867389908259,0.14741570112248276,-0.002603806724309596,0.27772495500321903,0.5013681555189056,-0.04507197642991886,0.05435791792422026,-0.0500836196499613
2022-04-08,-0.26750282588715973,-0.24425931352219973,-0.31354054829652733,-0.22296233085103223,-0.046522977531003026,0.23946343199418368,0.1392843338420285,-0.02076256796520564,0.15047518123169487,0.4949681269382977,-0.014496613038005549,0.11303252684278683,-0.036505037842342936
2022-04-15,-0.2068214759531438,-0.18650507503239813,-0.35799330573057103,-0.2759993436471151,-0.0947207529247106,0.23630130113344341,0.09790663896095196,0.008846187544546986,0.1509683636154145,0.3843599760794433,-0.003844351847732368,0.13791432646674195,-0.021412147198366357
2022-04-22,-0.25296222309225735,-0.21009914085475556,-0.34039507897575366,-0.2860761199438231,-0.10081062599831137,0.22095968597531876,0.10989583065103456,0.012770808225788476,0.15539940930006282,0.44431261823292295,-0.05127376965645641,-0.012893941427090994,-0.12403565704163556
2022-04-29,-0.28197973307326796,-0.2142392240473522,-0.33882050496718513,-0.2868855168359867,-0.1263907569030485,0.17107463623360952,0.08671021831884215,0.030515723783960905,0.1973559058365868,0.4301734439309323,-0.05027600187706287,0.18330246334941913,-0.02926277304720437
2022-05-06,-0.2826579991576884,-0.22195582385890658,-0.30131746292070916,-0.20676567528904516,-0.08808853758187445,0.090417194868523,-0.01722289440915345,0.04627743879252892,0.24539778987655317,0.42523869600385517,-0.016172850359999394,0.18453828722854443,-0.0762749277717556
2022-05-13,-0.2477639526968678,-0.19970101841280355,-0.2788546728577013,-0.1610421450603132,-0.07331517656091488,0.06853013477974929,-0.06375846382004327,0.0554191620799557,0.2696209469763372,0.40156860203988604,-0.05728321433988108,0.014026119611289162,-0.053463596439358996
2022-05-20,-0.23949371968021038,-0.19919016619640784,-0.24271518325232985,-0.12302072668113126,-0.047485330027183,0.07652668323994703,-0.07331371427871726,0.04360134182107499,0.02425018685074329,0.3711585404591604,-0.022631316921163123,0.02414196471825645,-0.01215361960045467
2022-05-27,-0.19741089903673303,-0.17506032837427193,-0.20555625737849115,-0.0808200587084961,-0.030003477907963646,0.024671703115666667,-0.08999507835560745,0.03574595562028197,0.15347880244916356,0.31704446920731844,0.012578999171951627,0.04077978342894686,-0.037516963113117224
2022-06-03,-0.1613766710686808,-0.14604561731429763,-0.17121217369139333,-0.05316320035416073,-0.042852865508811025,0.005282484578311691,-0.10873304930658625,0.0416885685485516,0.24043350024328763,0.1997285851586783,0.0002203400445462099,-0.04268868545263441,-0.053450182174455886
2022-06-10,-0.1369757232269686,-0.12274637430622044,-0.13155917555999502,-0.02015411484462762,-0.05492955792048788,-0.03820468461188374,-0.12855432483007254,0.04619352871712532,0.31618797465745163,0.08377839759481746,-0.073345304499744,-0.0646830763318211,-0.06593311298830098
2022-06-17,-0.18003114243367035,-0.16416879784413896,-0.14605498828432442,0.04685505991628147,-0.02660033654985053,-0.011935739748992497,-0.1666059392202358,0.02784177859961472,0.33447737763808905,-0.02443620199830948,-0.06176373806304143,-0.09505965089752795,-0.011379617535535992
2022-06-24,-0.155435969303731,-0.14571122617304974,-0.16971691113797194,0.10309869705926056,0.04562667941701751,-0.01180743656764585,-0.16397363704559026,0.0023814279215355096,0.37425248413668954,-0.10482854927752219,0.026375338809441692,-0.14842178798992167,0.003545437923179318
2022-07-01,-0.14604679224166675,-0.13925375913862148,-0.16737964028685848,0.17299669539755919,0.1068043970636263,0.06284905325097064,-0.17617299068752368,-0.018359778110049643,0.3973981233648225,-0.14063630059411608,-0.0765379278089511,-0.12141181509886137,-0.05072125159799241
2022-07-08,-0.11625762044338893,-0.10193746810180294,-0.0992446550938189,0.11885619730236675,0.03558156913294544,-0.010021773441772935,-0.1787045821001617,0.037136463860119324,0.4121637349278068,-0.1616622219270305,-0.06029377342904066,-0.07739626059849608,-0.06316757569225812
2022-07-15,-0.15838191319079614,-0.13185859202230665,-0.11508815221506419,0.17350281814543148,0.09851632233286106,0.0953804168584281,-0.18774507007633298,0.07159814401438072,0.3986015897903278,-0.21603021305947395,-0.043728769047552525,-0.10057242629271047,-0.10112162308386288
2022-07-22,-0.1761432722637667,-0.15190735027000124,-0.1197401286904325,0.21128966730451065,0.1566981637917648,0.1479651504483551,-0.18582840628029107,0.06592308683476727,0.3693856362750547,-0.2713814863983521,-0.1284840317269757,-0.16610971122473206,-0.16765460963866824
2022-07-29,-0.18828587262314578,-0.17019721209020583,-0.13877935803385327,0.2422797060915662,0.2106805597004915,0.2005254110919238,-0.19715511431585558,0.10153180577679109,0.32221415950939614,-0.35151922052351825,-0.17292677961944608,-0.20355563536603322,-0.22451691287412814
2022-08-05,-0.18663860061603388,-0.17311964214970493,-0.14421580202203266,0.25432356673032236,0.2747393942494546,0.25935901074648804,-0.1984980001440179,0.12303991858893273,0.2157346752413991,-0.2125930417832538,-0.23417254351773073,-0.2174779015796571,-0.23614978021658045
2022-08-12,-0.17334073142435297,-0.16669327995192837,-0.14909126131245864,0.2388665615115812,0.3258251505962591,0.30032612993129015,-0.18515097574748757,0.16679016062502483,0.11462842516817597,-0.11514219550000868,-0.2910066618897994,-0.21872162493522032,-0.2903080042696266
2022-08-19,-0.13864670932238915,-0.1392073649851414,-0.12851688784397325,0.2357020364281968,0.34939129046733186,0.31995427157311424,-0.1522332840508953,0.13654715796843747,0.015675019169611504,-0.03664540723478378,-0.32327570610899814,-0.2828573573276585,-0.25643678663174996
2022-08-26,-0.12067972755975498,-0.12026507543447598,-0.10800279799595093,0.2115745623951942,0.39598063943341755,0.3709145375904578,-0.13138606750932602,0.12816157046915447,-0.02916615010406247,0.0425113165388379,-0.40569844574565944,-0.3673590271748619,-0.2556923433815163
2022-09-02,-0.08668989295810177,-0.08521164531732317,-0.055638523996878464,0.1668366807032854,0.42128417283181674,0.38238884708473325,-0.08451198385871561,0.1372840543939107,-0.12769699778273266,0.1124352339534823,-0.39323267821473057,-0.31478990416597896,-0.24810182989247134
2022-09-09,-0.04483362156487788,-0.04789440646689862,-0.012481075754035176,0.1066123661895549,0.3815923050612931,0.3565098335789287,-0.06850026682907293,0.10364262156736556,-0.19233463159071884,0.12374658771370374,-0.3292920677892344,-0.2839951470745552,-0.21656548911033713
2022-09-16,-0.016490482368930845,-0.019787056338845387,0.03289948971737098,0.07972014944449082,0.3270636073068262,0.3036820882027904,-0.05865269497253428,0.1091874262072171,-0.2190833467716602,0.02606972835058785,-0.25225465674546116,-0.2725768156145864,-0.18091889732560232
2022-09-23,-0.020245567783318198,-0.02334006712644236,0.08294869207798083,0.03178477184589149,0.24657933374916652,0.23837438172067393,-0.0526161065768137,0.19244312515225126,-0.24303142627820756,0.031524314674152454,-0.2171724102601373,-0.3372381296982807,-0.15044206726645687
2022-09-30,-0.030916747616744733,-0.03314501163681734,0.11503763870156955,0.008320831812727317,0.22307667984850024,0.2074768876228631,-0.04117569317288212,0.24891035229455027,-0.2649590677349788,-0.015209884572663972,-0.17437302263749574,-0.20859633096570168,-0.21200224066238665
2022-10-07,-0.030275973706998863,-0.039858551749967316,0.14388232195614478,-0.05134849176484442,0.21614523533645255,0.19408814396707577,-0.03790388645023392,0.24259171113763658,-0.24124755681336843,-0.1575586722986291,-0.09400969209448633,-0.14318798553974796,-0.2743913091434083
2022-10-14,-0.029795785000826355,-0.0396364029735987,0.15204034034393527,-0.08567939786363704,0.15879073787089548,0.14790778891217332,-0.05197147248612129,0.29573013501196216,-0.23359767739088355,-0.23365603034884597,-0.02959735694990287,-0.02456396874533129,-0.25510702295490684
2022-10-21,-0.009229543107392841,-0.01923582976990982,0.15595561952054252,-0.10695215222516623,0.08566476932109121,0.07588405312575322,-0.0773579696787986,0.35420671465606124,-0.1944097306977984,-0.2956326060485523,0.003013042423823026,0.01815402712702468,-0.2834464755077739
2022-10-28,-0.0038356649530722417,-0.024340065027791916,0.14478313152791442,-0.13516166578130617,0.041520760444919834,0.03042178434764213,-0.11264904551572635,0.3837514622059133,-0.1686801776492357,-0.35292007321605434,0.07036441094670252,0.08935903348167848,-0.3575508644121428
2022-11-04,-0.009686732176485392,-0.038879507395441694,0.15839831704688298,-0.16456050295042088,-0.024790898665085888,-0.03607845449287965,-0.1352810301554165,0.3977044203763744,-0.11298964786723989,-0.38688610279543806,0.1572878093410407,0.09631336338053662,-0.4412152037177419
2022-11-11,-0.017210291618095716,-0.04950945095471152,0.0906736449548548,-0.1468607340980379,-0.037338825290383265,-0.06484869001535039,-0.15461774384405785,0.31483527100161784,-0.1624477294727822,-0.4076180715335123,0.19697245923634313,0.14542737941865064,-0.3473058891512323
2022-11-18,-0.012263684379070019,-0.04220850615627477,0.06683482845844796,-0.12619316236015052,-0.025725777509288797,-0.059600752784984445,-0.11955106563984746,0.14792759460372507,-0.2239849585971455,-0.37022997301082344,0.19446558891414042,0.15653690162060127,-0.23543688920775802
2022-11-25,-0.006652495599957867,-0.04120540777906787,0.039449205212805566,-0.12840915892504753,-0.017279705018119276,-0.0383055775659919,-0.06610177404907165,0.0070574972534580005,-0.27526696150703023,-0.3320094334441812,0.21412402190351099,0.17173096150827633,-0.1200684681793939
2022-12-02,-0.018543270707577497,-0.05209484979935326,0.009997496508992634,-0.062043551802528615,0.02366843433642267,-0.01413897385101692,-0.02460746079972398,-0.08407577528527696,-0.3090104356384903,-0.28793193220421637,0.23111472282814324,0.18357475075235408,-0.043063795531365245
2022-12-09,-0.021680005833452958,-0.04581646936267946,-0.022686321680440248,-0.018746400983934514,0.046415712013260675,0.0003692249311235702,-0.0010776095355381626,-0.16881661466110434,-0.3408853637150844,-0.22467562417532871,0.2144633824716256,0.13740078776990527,0.0680574133546187
2022-12-16,-0.026139260974048895,-0.04997066564214649,-0.018315978748520503,0.02731847018818229,0.043713859273129,-0.0018886624913979659,0.02462421597651022,-0.1886124073554115,-0.36135048491675076,-0.15835863519965235,0.19231029403966526,0.11090782281178237,0.09088890190722076
2022-12-23,-0.047467236995755384,-0.08418985532447887,-0.026925848083924536,0.023122843632626316,0.03428779034949941,-0.017703172443081252,0.006302003615776885,-0.08403260989874668,-0.3742558896765777,-0.15342072827604245,0.32972177413164633,0.19013419598915865,0.1399124866667167
2022-12-30,-0.050584936040689366,-0.08874240921774666,-0.07742010751208553,0.03083802493437882,0.06042104747555043,-0.008543866040314601,0.004427869891138717,-0.08108286614100645,-0.4005227885174659,-0.16664551040625236,0.30027161345134795,0.30726621185241854,0.17889947885258836
2023-01-06,-0.059346003153295884,-0.09720922705155914,-0.03885582055352477,0.0403430271669868,0.07125559722952216,0.03149061568584413,0.03170374277077585,-0.061868590104488,-0.401474724389644,-0.12538367414753002,0.14168528464751967,0.37390824953386326,0.10899797200263554
2023-01-13,-0.060049798020371026,-0.1019896457634521,-0.022849824123972677,0.03928191909961566,0.07787693328410865,0.034870730738620945,0.02836229789697508,-0.07820556626728392,-0.3969604667164637,-0.13641007129081711,0.2213154512631456,0.10883752122589424,0.021470711962549294
2023-01-20,-0.06398992333787071,-0.10512872445643726,-0.02728358234582435,0.05607971545668329,0.07050622054356082,0.03612892178200504,0.00772930726173587,-0.08473513650561956,-0.4011676550321561,-0.14577839171107587,0.22067157498019896,0.03454649505210165,0.10391666271908816
2023-01-27,-0.04101901324054192,-0.07697936671100071,-0.009601971228101996,0.03872656009604152,0.08074789961877522,0.017223921479416936,0.03643854167240113,-0.09101616299389795,-0.4137783789877249,-0.16129645336486248,0.15470485923874422,0.0704534028344194,0.09051422421809442
2023-02-03,-0.02598504618685589,-0.02238785321177262,-0.07355751833110612,0.06487880791813744,0.12130252805396886,0.06688267731005408,0.047125952293998415,-0.10615005306543358,-0.4293878894723124,-0.1259368551083361,0.17433546455438012,0.06992388292087708,0.12223474923020283
2023-02-10,-0.03898227870715396,-0.030312998029729005,-0.07806934760424268,0.06658146480882683,0.16103236716401648,0.08800129033348206,0.04499997659468821,-0.13088457722518804,-0.41664014116290427,-0.1342814252074395,0.18387509667164142,0.035667176508518146,0.25755603524874543
2023-02-17,-0.034081628571874044,-0.015984253539407522,-0.03547250460666992,0.016513461307689603,0.13355527265677417,0.07497473243461736,0.025200346818031988,-0.2055705705229618,-0.4304324438584628,-0.11642695385599736,0.26336519672142744,0.11597805823109938,0.19588730767296164
2023-02-24,-0.029095796828562507,0.01242867024358036,-0.06618002002023482,-0.040741248805031854,0.10604493490338805,0.08213424799220323,0.06810452457900029,-0.23985399567082136,-0.43510595618540454,-0.13818803121109374,0.31298043382668733,0.0947778409894128,0.026355788974331884
2023-03-03,0.03987161184562292,0.10627054498018887,-0.13836324336389036,-0.07999219431290241,0.07369797847181261,0.06767455981196978,0.10252817293449379,-0.22671574605917363,-0.420987663142238,-0.1582445497041934,0.3319690023696961,0.16659483363609645,0.03276342140710304
2023-03-10,0.0561744201185007,0.14328334894702294,-0.19573787411264892,0.0030426321280646734,0.07747495138687488,0.07931897921487072,0.12250990699543149,-0.24946700081771384,-0.4182065011579377,-0.16560628630270985,0.2222964482664928,0.17669611685245246,-0.08544039212364238
2023-03-17,0.03945588275639501,0.13393252454035334,-0.15656168734076495,0.07806312349041332,0.09740092408891583,0.0883543207233955,0.09984942650864949,-0.2469065096775805,-0.4256461580658352,-0.14808712115332465,0.08134973961578676,0.20554296003276792,0.0253589082475644
2023-03-24,0.030944481916458818,0.1604393770282928,-0.1705988407813012,0.17840628724794275,0.13525782833336988,0.12573752275849676,0.10275373014693821,-0.2456515726211836,-0.42251365364523047,-0.15360078458990264,0.08044186050137082,0.0650746698724206,-0.05104708411166047
2023-03-31,0.05214275425427811,0.17245113056700254,-0.1258642420363532,0.16984564133790514,0.11672385814353883,0.10731949680676042,0.09442774384146244,-0.2581453710025449,-0.4319498654191901,0.004058075512105214,0.11514328080453187,-0.03947221215663249,-0.10042665854355973
2023-04-07,0.08861720422376936,0.22777235463992157,-0.18685721744497602,0.20526849163881158,0.13870955847484098,0.1260535658354371,0.10346224153248892,-0.317548760107875,-0.3914326448950729,-0.1028557065979149,0.12805097203398846,-0.06620293560653386,-0.08486523176532997
2023-04-14,0.054707256605495254,0.21490403726636387,-0.1737498675480218,0.16891059788147286,0.09891824392546314,0.08167772095404097,0.05495271475351901,-0.28907752030881373,-0.44798949320902004,-0.06430094298344725,0.12478662202820447,0.0192152006433379,-0.02605076460433054
2023-04-21,0.07508761637949093,0.22188421224983623,-0.1983601912070481,0.16795019410000186,0.11032487174447922,0.09812255669789077,0.061476572418226814,-0.3169038182613371,-0.4270681843165821,-0.04821093281993499,-0.08635842475402196,-0.08487122131955702,-0.0586750954251966
2023-04-28,0.12444858044977633,0.23144722430358233,-0.27278954202056926,0.1641537117808082,0.12579527020061262,0.1171501072711313,0.07115629245227233,-0.35154493008977633,-0.4056328961894906,-0.06824409989766922,0.06692334960325373,-0.005362996651832319,-0.06844805104676548
2023-05-05,0.16864857367932334,0.23441844683658358,-0.37215933071918966,0.13921408708114608,0.12739129959220163,0.1231214572559137,0.06528201809625074,-0.29828161965241806,-0.41139265668241404,-0.08553080382483405,0.13847642508301433,0.14093126578701828,-0.047527446716047014
2023-05-12,0.1858964440817057,0.23558656982192913,-0.2875835373163659,0.1254885529768391,0.11655279489539584,0.1101118988112593,0.046684264954978516,-0.4080308692545951,-0.43556127301507275,-0.06743479887778919,0.17668748850602922,0.23209879465674627,-0.10697184636383254
2023-05-19,0.20130059223584845,0.24526541330452986,-0.17610081728937904,0.08549079715848845,0.07054743310977946,0.0631402287207404,0.015098151348007738,-0.4040943278053306,-0.45741630853264126,-0.05308379743588714,0.2208977641750887,0.24700133444949132,-0.007353853199559196
2023-05-26,0.22135566562026454,0.25235747428894756,-0.15105652297391398,0.03127639780222001,0.0359498006395613,0.04064610084401028,-0.0011530308597739562,-0.44920645171116164,-0.46792625357950296,-0.0019436639821781565,0.160040140136326,0.3089548613090142,-0.09803172929957467
2023-06-02,0.21972822312197546,0.23736066276063117,-0.17307248456200797,0.03731367694598163,0.035158919304168944,0.03527843764520771,-0.02739464079445088,-0.4223247772541125,-0.43646678318574444,0.268984806228491,0.11383444312994871,0.26238324159506465,-0.09890714829043827
2023-06-09,0.2456746044449813,0.26202028018599055,-0.2031130739093454,0.03117212373636764,0.029392236893622394,0.0284189165002861,-0.055131910591196334,-0.4214147061858976,-0.4531441214559243,-0.0040761386408617595,0.17553788793067004,0.2691714149358859,-0.08519873529725874
2023-06-16,0.2375702996490309,0.2722860379351166,-0.14615910388728723,0.004871690466588724,-0.00038650537253193465,0.005343403359945164,-0.06312601719666826,-0.4163432569634789,-0.4684950673346929,-0.0915091276738173,0.24420727049070587,0.23543215044551632,0.042064405669312216
2023-06-23,0.22260525067866505,0.2777301392146618,-0.13501323901738826,-0.0010082079940815902,-0.011204712495500669,0.015017473295416433,-0.022838016361996304,-0.4127663286600573,-0.47081172407605854,-0.23130582634294172,0.2864120448628234,0.33659337208849277,-0.07066412312808987
2023-06-30,0.2094547137653678,0.27644758772160677,-0.05475298669676783,-0.0637505210443975,-0.061658717371874366,-0.010436285976867412,0.013553183917791027,-0.3543623618642667,-0.4784940388671078,-0.25837164573785426,0.3376466647972034,0.4103503031628429,-0.08278585293187396
2023-07-07,0.2504258964610326,0.3167230541991124,-0.0018393861187538246,-0.1169848327761371,-0.12875142393939987,-0.0752947818646716,-0.01310234492294017,-0.35543542680506024,-0.4189951580076348,-0.2952259017358143,0.3576521004739334,0.43753348373943673,-0.0921697421013386
2023-07-14,0.3153993754737243,0.32965521727913455,0.08312056000936166,-0.15830591846865064,-0.1434754986593822,-0.08391754074473004,-0.052409214150732415,-0.3741587571966655,-0.34768874544913564,-0.36295378233828174,0.3454309369456855,0.4569457780706565,-0.1359382839481231
2023-07-21,0.381203751745804,0.33156348521619455,0.10929752888090224,-0.20347727160444118,-0.16659805036772823,-0.08959934774573926,-0.04081299310624888,-0.3953515399782991,-0.22293743808744124,-0.36127653183051434,0.29013974510975216,0.4613975341276656,-0.24911244943377575
2023-07-28,0.36407371434197006,0.30281229994864006,0.19922987426267752,-0.22497065230707652,-0.18379322430644832,-0.10797106637152774,-0.05016154065779457,-0.37242362941639867,-0.08540392458589027,-0.35257617337767555,0.2560846796244056,0.3997886972852156,-0.28206437571783566
2023-08-04,0.35309941174248904,0.28365025999477916,0.23597956109138432,-0.22100253233878073,-0.18385571525030422,-0.11815572598755258,-0.07931602415248079,-0.3635149727443222,-0.004527240637153318,-0.16983569962269926,0.2257173701130107,0.3422182630715388,-0.3113450342120627
2023-08-11,0.3353687406194313,0.2684149311173372,0.25337662637981884,-0.21441625378448054,-0.17421659796479497,-0.12374286061807954,-0.10441363477577412,-0.35606070325444716,0.09537210046653871,0.00897017912124845,0.19005936909007598,0.279350372573115,-0.3293864469706255
2023-08-18,0.29920905189194014,0.23752826238662675,0.26592534342961965,-0.2049566098536601,-0.17071230858899575,-0.1317916196416648,-0.12207534611575856,-0.3228960038512922,0.20146380184105003,0.14063418448730003,0.152474924431349,0.2327510450434457,-0.30276010348093146
2023-08-25,0.2878158708206976,0.22447840425997842,0.2974757013610531,-0.22326763368142002,-0.18392532750451748,-0.15125575740128752,-0.13950996744512265,-0.32307472493044975,0.2794421413495884,0.29257570095878577,0.05579306104904143,0.20533779802561372,-0.28136998990184553
2023-09-01,0.23450932198866886,0.18051428351461957,0.2693584063106268,-0.16576950446311028,-0.14340818459813454,-0.12665578702736624,-0.13379826192397049,-0.2916057626580041,0.37108143137133387,0.2872143402372088,0.02032322853986286,0.15215705281832367,-0.25220509328166224
2023-09-08,0.14300902580614683,0.125465903624152,0.2879725064868652,-0.1220983851307732,-0.12900275046005005,-0.1269540671838694,-0.1041985807732015,-0.2684913525848551,0.48731015026479774,0.33680482372338433,-0.007599544057590956,0.14625163958291856,-0.27630600396909316
2023-09-15,0.09490427784561525,0.1305223320635809,0.3248805502865696,-0.08098008970625456,-0.13495468280831,-0.1518555946488136,-0.15343712091859957,-0.18401987498241146,0.5472437168488141,0.33574406987597344,-0.039913304383125944,0.07535504662514846,-0.23626167086905492
2023-09-22,0.08400083178399603,0.12732035127724303,0.16988217435426226,-0.05054461815021183,-0.0967408169011105,-0.10750986368108884,-0.10513825364504373,-0.15378802605502023,0.5756340430411768,0.26678426714988596,-0.0369243814710626,0.05556499707729792,-0.21702035965959754
2023-09-29,0.0563379155864848,0.10983747635400437,0.12285621879400727,-0.023468953674876458,-0.08079537895892527,-0.0969958600704375,-0.0895847300099008,-0.07324674407179572,0.5942844134304943,0.12708219930700954,-0.06661170459911145,0.04387319379831596,-0.15855358262636646
2023-10-06,0.046554288002124175,0.10436459720027971,0.058635642328548176,-0.006992941851846117,-0.07473992517399654,-0.09343934532893901,-0.0865459585686041,-0.027697242346825586,0.5765375848259878,-0.054927720856768864,-0.03292187336471693,0.008540990241408801,-0.08148570290522189
2023-10-13,0.024406429742933753,0.09669208474447123,0.07680699814777726,-0.009411223491481687,-0.08666759479802408,-0.10477244658446108,-0.08281146969024816,-0.005491950694835697,0.5603626318855208,-0.17143256652048877,-0.1149624460328802,-0.0067947778195311575,-0.08418783023185672
2023-10-20,-0.00046165546762773303,0.09727259080285072,0.10712177159044566,0.0014981114585957132,-0.0999837581696095,-0.12828525664138268,-0.15188420987279982,0.007315834527080985,0.5570862408691404,-0.11650910623888402,-0.1850467229244976,0.007769834243503552,-0.12598645674068934
2023-10-27,-0.022912097078926625,0.10440586637011406,0.054879876185761726,0.02081469592076884,-0.08852073788681007,-0.12670631278649405,-0.15169273178176115,0.0303984462693601,0.5535801448221808,-0.1040766194366028,-0.13483280425827696,0.03081228951806602,-0.21929781800897416
2023-11-03,0.0329805201688388,0.1579651016276728,0.04208841187590865,0.04774001501830945,-0.07163434621492754,-0.11338199919993619,-0.16075861175126943,0.05487821223494828,0.5161180639441088,-0.1451978379258383,-0.1925001787312951,0.012330420354019433,-0.35164028789834717
2023-11-10,0.09455464450908835,0.24844933164084318,0.03124572623324503,0.02999452977598115,-0.08599139604992531,-0.11523193215941127,-0.12156892367911193,0.0589572531745096,0.45803099182877544,-0.20051369018767057,-0.2009081090844399,0.04051503514503556,-0.461522581332417
2023-11-17,0.13825345946177814,0.33137630722500455,-0.018501053108965382,0.05475103675527969,-0.07673884552354322,-0.11355675600271302,-0.11751608613709176,0.0443721840755013,0.38757612714025325,-0.23779814072116812,-0.13026512723804487,0.06658580415336324,-0.5263748050732057
2023-11-24,0.1961988368488889,0.3992364654145021,0.0171888307618078,0.03408222179875843,-0.11153396613393751,-0.1520648376819581,-0.13191391590471316,-0.03751121541527413,0.3531612744701865,-0.22173525616181505,-0.09328972109886888,0.10927372830591717,-0.5082645385462942
2023-12-01,0.2147160976726728,0.4208048794449788,-0.016664988216224856,0.09430792711223165,-0.07758597309650786,-0.1265763837101646,-0.11098809629007327,-0.10459136749659834,0.32736266313256274,-0.12418931387609984,-0.11715340789399037,0.09652238198187992,-0.5666973339528425
2023-12-08,0.24386792771614796,0.44225137819444904,-0.059558802026402194,0.14986776466750296,-0.03525155593098339,-0.08935335897153732,-0.06908741985177844,-0.15701982316255675,0.24985615136817008,-0.2003534500756891,-0.12332776923978002,0.10191929230876089,-0.578516860149391
2023-12-15,0.24506547183231028,0.43635609197494085,-0.05490337066503095,0.20170925595747735,0.012478772938360964,-0.04642657409018714,-0.02523351365605795,-0.2426484611930047,0.1728137035873878,-0.252532361098141,-0.12083901927897252,0.05833225399596379,-0.5375434181901089
2023-12-22,0.22170675061765727,0.40538085590608813,-0.08489673107658428,0.28147432531031263,0.07233190995653968,0.00043242796264330446,0.007374100795946817,-0.24081433076201073,0.11684278645993657,-0.294833888061593,-0.15645590680736127,0.032823368158185456,-0.5728989297311363
2023-12-29,0.19927346830748277,0.3669044293962963,-0.047564335953118854,0.3303320034935387,0.11318962842940983,0.03326609338928076,0.03202762862117227,-0.31948815159257266,0.04776534684457638,-0.3039385429925182,-0.21732588491382807,0.013181555594869682,-0.5557113296291573
2024-01-05,0.17851315801555107,0.316186003669186,-0.017436745994256955,0.39689471144926863,0.16344969048472185,0.07239680770616001,0.0704197352879669,-0.3062355521536272,-0.011930874652141703,-0.33605305271734587,-0.2648925770542936,-0.0227926004791506,-0.5711552337815604
2024-01-12,0.17426458248914792,0.29608737989992695,-0.012666571184958722,0.42138460097759617,0.20096490236034883,0.1050013879116296,0.09339488820829428,-0.32175471628105484,-0.07124865159498238,-0.35492074510496147,-0.1710006179028476,0.032379840036200105,-0.46062647554095293
2024-01-19,0.17928694672994505,0.27621086141267454,0.015050108528960457,0.45876582546229083,0.2513100508979498,0.14921403811513279,0.11000422441228348,-0.306253858705701,-0.18525168849782125,-0.39833833053215817,-0.1595623667907076,-0.026422694540273343,-0.4049526630067124
2024-01-26,0.25309832632737495,0.3120853055015858,0.10068262941842027,0.484959417485735,0.27955142566199387,0.1653505053888902,0.10852354733152103,-0.3165937629032644,-0.19976089191863597,-0.4744201650499422,-0.21293486568824108,-0.09083590887375623,-0.3910397740917001
2024-02-02,0.32118045641108717,0.3233107467349165,0.2355213666540516,0.44333912947132675,0.2621255525589223,0.1488948151750407,0.11332460191802614,-0.3465790152126745,-0.20222038475222168,-0.5332764462449224,-0.20952130676604178,-0.12335879601535885,-0.3127264609639867
2024-02-09,0.36754724905285374,0.3445160301720942,0.31005204922219926,0.40249574034838514,0.2274925400912739,0.11196801858821159,0.0884361932891528,-0.27671373919657716,-0.15594757522383734,-0.597152549796314,-0.23801018905643745,-0.12974375870045915,-0.3184440614392332
2024-02-16,0.34840503416855817,0.3160886981872379,0.3151323366260472,0.36610462026213114,0.20384310616604434,0.09702823195603705,0.07406105219464443,-0.23942908889066727,-0.07445206210753065,-0.5634642171967237,-0.33760143322879543,-0.20556626488059399,-0.3485564990537673
2024-02-23,0.3695713728635908,0.3217559081574836,0.3870662195629467,0.3182757751482206,0.16284218906064452,0.06591781201928545,0.06458392648804259,-0.1412796840129132,-0.023614795806244912,-0.5757592913371399,-0.368517703994377,-0.18473784403047133,-0.40734532265376544
2024-03-01,0.3989646390023363,0.3423315468168761,0.41640064125773113,0.3600284255291323,0.16232200050150827,0.05858952971893365,0.08829268006696954,-0.05803555603287411,0.06336893094696848,-0.5285232339082988,-0.37054006894723684,-0.17051627090845495,-0.5210242711045466
2024-03-08,0.4208047958306862,0.3154044211952903,0.4743004277846644,0.3741378068669594,0.1492925061724236,0.033389514734992326,0.09456030349731531,-0.006995555986358246,0.09727563340331626,-0.48221610096722195,-0.4798535156506619,-0.1207961850246611,-0.5654633200153193
2024-03-15,0.4241322246741635,0.2679255819621464,0.5189679366284611,0.3365214399092974,0.09254909895207325,-0.017242025208572584,0.07020660968149077,0.012296573759348471,0.1629623103466961,-0.39536758110616455,-0.512357141457559,-0.12881899315862097,-0.5882907746664987
2024-03-22,0.41920422350631315,0.2827465309619655,0.5142353323148822,0.26019443982745877,0.028461273042994326,-0.0625097387297698,0.0677391738341693,0.01776095436467956,0.2614600260977638,-0.3406260013317881,-0.4511742415140634,-0.09278342926758984,-0.5568444444724854
2024-03-29,0.3478003988672021,0.22606833166769552,0.5584381479349297,0.2979771081231561,0.03003971648408533,-0.08193013026955491,0.1257168226067471,-0.01032172752048445,0.2433870026241987,-0.2646850699736461,-0.478936191672695,-0.11008960971154666,-0.5130532033945248
2024-04-05,0.31574324450782976,0.16454016058268756,0.5402122108689098,0.2880263309622666,0.03115968258311291,-0.048836962180182596,0.15166055850103805,-0.02716381572075766,0.32397420506855085,-0.17885975454943032,-0.470291105413072,-0.01062536341869523,-0.5397703550192287
2024-04-12,0.2739469762427113,0.09756500328508674,0.4994871832812396,0.2853636052146747,0.03820808120281805,-0.03248383532136473,0.15114597358370088,0.026181318413134754,0.3792870300156705,-0.12989598601279975,-0.48288306956891736,-0.13271031816101786,-0.5713964192095765
2024-04-19,0.24723061556945009,-0.009695723298678793,0.507890966332475,0.2677932693894328,0.02977668299109663,-0.04241206134800621,0.15508009647282797,0.08425753269192181,0.26835306624943583,-0.06910786515950568,-0.4927283271712415,-0.1798220773155654,-0.6023961502933951
2024-04-26,0.20636911262568142,-0.07486511275149488,0.4722509686591405,0.23030381969065783,0.012186939335584276,-0.052226210981090565,0.1268574898423435,0.08892484370476963,0.35295246003124514,-0.019663594606370807,-0.4519126800128153,-0.21968482643474888,-0.5565723616065722
2024-05-03,0.16000494447167052,-0.19104731543699668,0.44057328646232286,0.23268100390286778,0.014662848580577668,-0.05362348701718061,0.11391790688778025,0.06632280469645031,0.4027520537805513,0.031155094637840906,-0.4024824336703579,-0.2656604077435819,-0.48861251674388695
2024-05-10,0.11902044541304732,-0.25546997297396373,0.41587579958926524,0.19313175243660977,-0.018014807477216607,-0.07357904242188687,0.05536983745830185,0.13832118771650462,0.43854975900807874,0.09813508537178109,-0.4228662175329164,-0.27794439160150053,-0.5003334942150031
2024-05-17,0.0848611847802535,-0.32643486440758235,0.38569201505240713,0.20159994545184595,-0.020897388823006992,-0.07757565807238183,0.01731154372305513,0.14567070139471533,0.4719718793057792,0.1536686813058909,-0.4476924650026501,-0.3294534569378051,-0.3616876572811011
2024-05-24,0.05521516937994752,-0.43235932157200124,0.3756981010599402,0.19466127031247635,-0.008138394856376486,-0.044104023808461804,0.047174975127403776,0.1956604879341078,0.4863413896241579,0.19890236328728528,-0.446761684355324,-0.4407322408613628,-0.312087322022611
2024-05-31,0.05205221395811419,-0.49094397305433923,0.36699608395208283,0.22953176239135928,0.0035002438555834427,-0.038781257420481594,0.06683486719564136,0.20270633187231116,0.39036923281473934,0.3500547852768861,-0.45343560492234714,-0.3708859838185292,-0.28471933562877993
2024-06-07,0.058608823178443764,-0.5073213430022125,0.3731117535203332,0.27804301956250294,0.03969630228017659,0.00531716004890271,0.10873255823882075,0.20380933886190492,0.2706019022303773,0.25351234503831366,-0.4787309415097272,-0.39769086612501847,-0.3154532660776286
2024-06-14,0.05723197913487064,-0.49564368429003025,0.36008155631437705,0.313662188359844,0.08481950871605595,0.07778903913961796,0.164645733349397,0.16882723172462144,0.15558577068080764,0.1784565716602596,-0.5057467128563872,-0.391681825266943,-0.3221623124117624
2024-06-21,0.0676751112524756,-0.46708643882775075,0.37006092496520265,0.30338952264734226,0.09118578291484805,0.12294968381206703,0.2118246184376402,0.12270773789466008,0.10976463799340312,0.11803584676110143,-0.5415798835595456,-0.40212433057428126,-0.4655670690820456
2024-06-28,0.09454059407442661,-0.4271876947683751,0.3595771081117572,0.33379408382591447,0.13510187699629814,0.15907271906640202,0.2635213814329928,0.07119996128362266,0.04072568543387421,0.04854055214778899,-0.5814572498085496,-0.3891389528252418,-0.48327380405564146
2024-07-05,0.1425880914341533,-0.3528943363064396,0.3415524410152946,0.34385587916045646,0.15875164605669245,0.19247310370883802,0.2944874112916827,0.02062193881836668,0.015048638249859414,-0.011759915579562158,-0.6010780388186436,-0.33786103036526766,-0.5373760533947644
2024-07-12,0.1951676129045361,-0.2871653223267574,0.32006980165210996,0.36775685281132464,0.1977850266251715,0.2271773684341466,0.31511646270900295,-0.04469229953554096,0.01432617858669884,-0.10094971904067485,-0.6218675729161931,-0.33346182274225017,-0.5989019650207906
2024-07-19,0.18555251499546527,-0.2619235590572644,0.2950227373439685,0.3269516962998505,0.1882252830126364,0.21740301792698744,0.2986105148209603,-0.06597939021393559,-0.10245363567817665,-0.11368772889333201,-0.5468358797257461,-0.29286785517833597,-0.5018816645769956
2024-07-26,0.1868264748627992,-0.3326536572023109,0.3037844952679957,0.3584561724791707,0.23427658791056272,0.2603777550094893,0.3103388362660626,-0.12233143837720645,-0.11911549005225801,-0.17002485300228157,-0.4916412084305323,-0.2782056486195121,-0.4141142246185934
2024-08-02,0.12512780880367252,-0.36845782383533987,0.27004149133678274,0.34631982306319126,0.25038719651442853,0.2749854855712165,0.3127369733430292,-0.12914185397026037,-0.1198346589774019,-0.009292186849467365,-0.4163701158825853,-0.25906713500476825,-0.35328474373420393
2024-08-09,0.07368476076337165,-0.3927430063644865,0.22065175009321375,0.32917107120331346,0.2561102376870246,0.28459276862001787,0.30961861803366636,-0.14276169232959113,-0.08988698117906378,0.10884087614029553,-0.3370687413592429,-0.25790949623984516,-0.2561597393735558
2024-08-16,0.015435411298237361,-0.426300546882394,0.16805790910835122,0.307051138598936,0.2595441740731596,0.2928493822044576,0.3138480057239698,-0.16879368671177833,-0.08409020477717859,0.23636883444882356,-0.27795906627069294,-0.3194405107451756,-0.21859775929319664
2024-08-23,-0.0328808490272934,-0.45387860260947266,0.1423614190762077,0.2797257452287643,0.25595219797541613,0.29638161101809113,0.3149136740645096,-0.20356357743503825,-0.08902762923300862,0.3317019008690817,-0.16997727671383767,-0.20965373272286383,-0.2085127811785531
2024-08-30,-0.10447305870534931,-0.4940183790153462,0.10745691473246882,0.27244006749999033,0.27129309743436786,0.30411630402373047,0.30662470246098916,-0.2279349732720785,-0.07592788720738813,0.4228150461816929,-0.13730886270078657,-0.17480388152731907,-0.08990206178697492
2024-09-06,-0.1689647836381093,-0.48800317721520065,0.0798046735349669,0.24535987361044378,0.2638120704097702,0.29127313358018275,0.2939378205668517,-0.21519228395152762,-0.11163069911197919,0.4436803392265031,-0.0618935753425128,-0.11146030219022757,0.04377783606547085
2024-09-13,-0.19330854435943667,-0.48299349721229706,0.025261841304563548,0.21850188838896178,0.2527727208584017,0.28554085077074964,0.2920624110833893,-0.24051875595605782,-0.12934851748925552,0.45705806920466874,0.04040449963929073,-0.03056429222157396,0.17476043073466124
2024-09-20,-0.22762612127588103,-0.5211116576278467,-0.03628243412097799,0.20375237987267805,0.23553425743028675,0.2714844161155155,0.2649567651255656,-0.18298387585540082,-0.1571081126554159,0.4776904974900828,0.0955528491873528,0.06778406990517676,0.14131411127669755
2024-09-27,-0.2594423921205925,-0.5123883730614316,-0.0765603995886977,0.2142560517936704,0.22788067023001604,0.24513304724499219,0.22395612502392553,-0.10655131418762945,-0.2683098578977763,0.5071400800561054,0.05013538942230604,0.039870888001905844,0.09805543139344236
2024-10-04,-0.302217611735966,-0.5390341668309552,-0.08965128713261863,0.21987798105197404,0.2158652782686793,0.22342694627587723,0.20614551807169457,-0.035959481257074905,-0.2627621789171145,0.35686503572278283,0.014053477267710085,0.0738961905100126,0.16186773041639635
2024-10-11,-0.3183831866932296,-0.5453216836899357,-0.08497988968908837,0.22043486336357537,0.20289012257857264,0.2003569680084916,0.16821207728425303,0.00631285229940657,-0.23869306549577496,0.3053706910435793,-0.0573191049474636,0.1386439979484963,0.3062516027894049
2024-10-18,-0.26468915168144763,-0.5137165570393614,-0.05532549843351979,0.2101906262715046,0.1763001945349078,0.18320910966068038,0.09875714186736434,-0.08456062606391057,-0.3348194304545844,0.3100585998165507,-0.04886811441348143,0.1469568966200381,0.3594094496704225
2024-10-25,-0.22354668928860533,-0.4898921443922911,-0.09190631516486683,0.2149684525625798,0.1660445091324815,0.1508641680998501,0.044733777862792076,-0.11590909383561646,-0.3695702663507524,0.36104068985882076,-0.05582691939842909,0.24246328204088047,0.43691335652432484
2024-11-01,-0.23047631602504207,-0.49335699372496383,-0.0799073005574904,0.19303701813253776,0.11288042204542195,0.08796850187029567,-0.04028747171280318,0.0065529333959778585,-0.38313757073967764,0.41351504646913884,-0.05239435011450146,0.2250463689869138,0.48215425795685585
2024-11-08,-0.2056270031024675,-0.45967648233259945,-0.06579408766008893,0.17622215066326963,0.08190541044172885,0.05364909645322321,-0.07172245356422192,0.1033831441272038,-0.4128899855050579,0.40944102664877435,-0.09181383285435726,0.10428731381432475,0.5051317711736474
2024-11-15,-0.1772800059954755,-0.4208521426889095,-0.016977729536371722,0.16922348357720257,0.060872032594271916,0.02568683234396519,-0.0980914839580797,0.17787914199045315,-0.42604503158932805,0.3649845772925436,-0.178323823135762,0.034588970086971496,0.5184649095501003
2024-11-22,-0.09962259473738383,-0.3613840637654398,0.009749371824583249,0.15571984540420997,0.022005569862211714,-0.008443433419787899,-0.14211332609341099,0.26946604695621557,-0.434827751161434,0.3695285558546901,-0.22967163503797727,0.07469661004996145,0.5277210542382266
2024-11-29,-0.030988013922295207,-0.3056717975262171,0.05181804151741918,0.12297355894392759,-0.012308206414653328,-0.03903551471719374,-0.13533523813489,0.3474643364935267,-0.46872476909855604,0.42567757443070403,-0.2357257151875943,0.02131369314407204,0.5293939823920514
2024-12-06,0.03581398907107107,-0.2422646568253432,0.11587672459379139,0.09841938281935916,-0.03657458828066275,-0.05441470603660852,-0.1287458513579325,0.37727734570490096,-0.48467229677804835,0.3362879461577609,-0.2622689691927876,-0.004009662198971257,0.48146771976166014
2024-12-13,0.0678417219771576,-0.1961137415981765,0.18987839779452684,0.08047083065744676,-0.06105282528985388,-0.07482072988167975,-0.15187319335014593,0.43911768390937095,-0.4640810763088668,0.2774214409378978,-0.2892920479706107,-0.07545027292477659,0.4593699495011801
2024-12-20,0.0388435941020592,-0.18275579567639746,0.28696751986960983,0.07327461053319842,-0.07016718432953944,-0.0860390700574385,-0.15701317011310323,0.47127745672594956,-0.40971494862428937,0.2052700044096882,-0.2926044157600477,-0.09671967643495505,0.3147431498047715
2024-12-27,0.01096029896619927,-0.1509809945658152,0.3823131648184162,0.1258335766894993,-0.061100152921596575,-0.10781634403103199,-0.1691903665438316,0.4939004521382585,-0.38101729665725315,0.09559157577765519,-0.262470782132388,-0.14993406642846402,0.3198118410084106
2025-01-03,-0.02144532976996232,-0.12798738129962056,0.4189428616069913,0.1871909806069159,-0.05003342689166213,-0.10548648303227272,-0.18316800546863124,0.483965391059746,-0.30896718852653626,0.06065421131147371,-0.32209638909726235,-0.20312325423450675,0.23030973811657982
2025-01-10,-0.07824167475106132,-0.10909162598002844,0.45108267008018615,0.22829708157512663,-0.055792688249775936,-0.12755523218469622,-0.20436623524110425,0.4655625872686367,-0.1792459140615424,0.048175915568497096,-0.4003469114362171,-0.2602111616721114,0.2242147919173259
2025-01-17,-0.11038900457513576,-0.08670866782447238,0.47938267673386664,0.16894070786060497,-0.08296089354281808,-0.14175858305094152,-0.22146364308614558,0.4668244915258673,-0.2556559215689145,0.011907900492112773,-0.3423972820725989,-0.24463209302804054,0.33609053471648853
2025-01-24,-0.09646962936084764,-0.052096932362096525,0.5279535734375925,0.14935004169047886,-0.11771161535739426,-0.19079919482566715,-0.28447142999117847,0.5021725585556209,-0.13996556001674573,-0.003608438866330853,-0.33079007256423093,-0.2726481485447834,0.3664207077061611
2025-01-31,-0.10610775940760026,-0.03730304544468044,0.5576764614608832,0.16212568978004285,-0.12095323267813718,-0.19950948304247038,-0.3249105091388792,0.46862295606898935,-0.02964671813815438,0.16010952643489937,-0.3965463819148862,-0.2670044031343809,0.3681127055163798
2025-02-07,-0.13146217151273065,-0.023083275964045642,0.5454914841160777,0.1444875977526073,-0.15803662262039447,-0.24076432228678527,-0.36894588687179225,0.5495179562172898,-0.00338275560494615,0.23778418173946886,-0.4385454013124733,-0.33048096692198664,0.3860326464676173
2025-02-14,-0.17144257244934877,0.03335113695885273,0.565855941021439,0.16320807522778097,-0.15363960179099237,-0.23042838648519498,-0.36784887787400816,0.5153351067423713,-0.10172645397441964,0.18778725294875714,-0.4384830295866157,-0.3684144721476132,0.5141835790122015
2025-02-21,-0.23178964267744456,0.008942683041546395,0.5206426699219766,0.20373906011501486,-0.1378565352922249,-0.2152445442642132,-0.36504531247086963,0.5945354286037445,-0.1893281849931931,0.1409589710880843,-0.4219599775856106,-0.39493326596510187,0.5532411441979019
2025-02-28,-0.2773401967666973,-0.031101412526222273,0.4744696030113426,0.23755919000116557,-0.0844161874605294,-0.1630713099254856,-0.3072587749543648,0.5763369314772907,-0.21141704835507844,0.08982552626758128,-0.38378771019952074,-0.3821257491628117,0.5246296998358582
2025-03-07,-0.3334651816389372,-0.11021828251134737,0.39765667729058757,0.23585173064592732,-0.05296222986701097,-0.1267308222785069,-0.25750537681540436,0.5282488536568142,-0.22865751773192314,0.11089066674773984,-0.3882182041579892,-0.3195389376809131,0.5093507762665209
2025-03-14,-0.37453871158290064,-0.17030079707729737,0.29923100082562143,0.23538371861047047,-0.027407151606644958,-0.09708343356384673,-0.2185874677604622,0.4859895091905931,-0.2372006549076161,0.13673481632869938,-0.34162695303263063,-0.24160838276847413,0.5046893225674969
2025-03-21,-0.4179508819246779,-0.23412874149103102,0.20398343937156954,0.2323541342460249,-0.0009568269178971515,-0.06502018990768457,-0.18000146902069508,0.4463915876894679,-0.2332079988022881,0.14600379832094998,-0.3103851903490707,-0.18578426768683223,0.44723158759008774
2025-03-28,-0.4414310555954321,-0.2643973924376796,0.09414665949525262,0.25213938570936273,0.025468112202112408,-0.04026143203659703,-0.15935862691876548,0.40853097764101154,-0.25501227051648395,0.1469025108260813,-0.2300815665327177,-0.09813807681363648,0.4309423915975043
2025-04-04,-0.437588556662305,-0.2749186347017513,0.031421911265540795,0.25829084646933564,0.049405615911154756,-0.014346886818593661,-0.12950928369167725,0.3655088153973425,-0.24635635625191124,0.09627069489625209,-0.25341062688779575,0.04077824424378612,0.35843900778909343
2025-04-11,-0.43172719036990387,-0.29189691405344115,-0.05668054905434529,0.21848535833494107,0.056802284439910526,0.003075520001980355,-0.09608501130220017,0.3055570244290197,-0.157333234043452,0.07081749929966426,-0.18709627964822506,0.02864855973995025,0.32030209014304833
2025-04-18,-0.40807437637586186,-0.29263557012223296,-0.12340841440401014,0.18441751275122426,0.06918555637991916,0.032971441375794025,-0.06450691161729286,0.24393646649830258,-0.20732147247396676,0.059443046056051295,-0.09076333912100329,0.062498100941336156,0.27251229547144595
2025-04-25,-0.38674127306141015,-0.29607874659872824,-0.18574160058690642,0.1481079347528186,0.0748393116456882,0.043728277051337916,-0.04564451056981699,0.2083527965010522,-0.059568419461113215,0.014205439762206708,-0.0356738412771906,0.1021671685988913,0.29048736470509195
2025-05-02,-0.361479849579528,-0.28906284731044957,-0.24435162613113046,0.1306567774029157,0.08623935489897419,0.07173677332666165,-0.05039279503106955,0.1673242707050873,-0.0676843666344279,-0.05919304065476624,0.014443266859356096,0.19259845209684018,0.3749006900301939
2025-05-09,-0.3474626408635229,-0.3047580071107515,-0.28234093430242796,0.09159322431612714,0.08367548100778023,0.04471859804938313,-0.05525401069527956,0.1306670056054637,-0.023634693541213454,-0.056568850423518995,0.21934079823223343,0.1737263287372891,0.4265914122666046
2025-05-16,-0.3441120399034158,-0.3016075042231992,-0.3279037858089256,0.039705055478567126,0.06966987427914806,0.03004637674050733,-0.07209825199190384,0.16496853534104994,0.03238284474820336,-0.11391021783741212,0.1849312258955827,0.14922200480962342,0.2826399374956665
2025-05-23,-0.33701293736269705,-0.3181379249427911,-0.3550407783307379,-0.0023738152980168764,0.055774205641773156,0.008829437112902943,-0.09234320701615231,0.2190835214284584,0.020013147793618673,-0.15702232990686493,0.24420557163373052,0.2394368502399265,0.37535100136783495
2025-05-30,-0.3319831077512578,-0.31612930272111417,-0.3456893782607919,-0.015394147866105507,0.04551117130048847,0.005799123186767717,-0.10222298955703088,0.23442855007923352,0.10106768624159415,0.025113850130582538,0.17967179430283597,0.17417087785780666,0.33626981349649676
2025-06-06,-0.31933098299902557,-0.29437594956776925,-0.3367843367364275,-0.05582968061039595,0.018099113367669773,-0.01820448954474603,-0.11105246121398736,0.2508400942207062,0.18835181326145173,-0.13171910532852887,0.21720754767083722,0.21339469489948976,0.35499042197085007
2025-06-13,-0.28178836435538457,-0.2578028554122082,-0.30204139770205185,-0.07145075885203205,-0.00010758297350072984,-0.029587853127795126,-0.11066681789038926,0.21951024061627478,0.29435316674948275,-0.16777950722548302,0.09546677204574783,0.23562495668342867,0.3268085016923264
2025-06-20,-0.23756234758128303,-0.21006024331781867,-0.25528400288610054,-0.09936754262099359,-0.024540294578737517,-0.0437958846400783,-0.120061664537164,0.16123906345259534,0.3936073925268896,-0.19789664046004582,0.11540639914757397,0.20198971558812784,0.28270430328280116
2025-06-27,-0.21935181769614165,-0.18862851804554295,-0.2584319529022082,-0.09883973119115211,-0.02519675045593049,-0.05659176355001273,-0.1815586999113381,0.2127739283792381,0.46484948993036307,-0.29342810979216094,0.22958033870563466,0.1705758182287415,0.30054064793845503
2025-07-04,-0.19152206591424137,-0.16285827840664438,-0.22499740148955574,-0.05828212195955275,-0.004032225766559566,-0.049512711046338205,-0.18741473096173647,0.1657830068665828,0.5090716399751922,-0.20782075922417098,0.17706181334577228,0.13746379360618516,0.22468338035484262
2025-07-11,-0.15704170001719361,-0.1312247298553588,-0.17927892360678832,-0.04589471638211188,-0.0012065579259016323,-0.0514380967941822,-0.17794366016239294,0.12885132793774307,0.5362907267872556,-0.08072024906612285,0.12126446924031153,0.0960514958968764,0.15158622036495045
2025-07-18,-0.13442453261636564,-0.09557950382576808,-0.15192909267459687,-0.07059991523129105,-0.01612150800435873,-0.012336862556242514,-0.2540276830992644,0.17103092590772728,0.5668544002390509,-0.004486692750268556,0.08544969181851653,0.075838002201817,0.09700894968449622
2025-07-25,-0.1529431362132584,-0.12131382478646967,-0.1617613107948814,-0.052274772670736255,0.018980164757653996,-0.03603302379161412,-0.28230308993659575,0.3254043971454348,0.5472315063824965,-0.0499043938926543,0.04536179856979911,0.03988942097672093,0.05194301646810668
2025-08-01,-0.11328087734979483,-0.08090029433145099,-0.11479868306005503,-0.08527097798342975,0.006111947996652243,-0.021832518560018326,-0.25652445004566843,0.3273706492693932,0.5475059119778797,0.14762574130665676,0.01645285767193291,0.014042295021129005,0.019351860489744452
2025-08-08,-0.09582751831301063,-0.020590825870764932,-0.11077380199034251,-0.13376102399908535,0.020896998959495622,-0.03886624133571244,-0.32846611774502943,0.27921005727684967,0.4865514583341026,0.2992769936723939,0.014758165033736307,0.012897525063611902,0.01699581710825284
2025-08-15,-0.04624071094563377,0.07760232870961647,-0.08389469361871663,-0.2091443862198229,-0.009773593908773023,-0.030211137742165176,-0.3917875848031612,0.24041186078386717,0.425002391973877,0.325681828186503,0.007932126450264499,0.006467246317240052,0.009693827865482965
2025-08-22,-0.029595538611712793,0.11177012644494919,-0.08611857178946279,-0.24786432332458225,-0.04438536841692535,0.018048761498836226,-0.44618967632490325,0.3265563585576053,0.367333352746306,0.40732740604161566,-0.007222104565311735,-0.008451863217849128,-0.005743166111774715
2025-08-29,-0.012564099046028437,0.14534577494956719,-0.09643127545753008,-0.2691129927487723,-0.058257280754335235,0.0847878803707042,-0.4632025567161342,0.3491011209987551,0.28322106068771136,0.5476011122126083,-0.0316306771563284,-0.032608004950971714,-0.030455318353829888
2025-09-05,0.022906669022038594,0.19225132658311628,-0.08634611949577231,-0.25767429010872145,-0.055715448541836986,0.14099543919598476,-0.4501128549005681,0.33621959315969674,0.06271757890759053,0.5829465237334279,-0.05012262719488686,-0.05083119448316143,-0.04927048648631328
2025-09-12,0.06150560139426685,0.24635663867443391,-0.10868978068672805,-0.19957870111108156,-0.03224893350374809,0.19464896123719,-0.43113930107219556,0.3061678548703854,-0.09299734758485392,0.5862871168368491,-0.036224137865311326,-0.036736226727643075,-0.03560828701639249
2025-09-19,0.07596902255179214,0.2631283513027128,-0.1133747441318204,-0.12796552971919156,0.018525020177968754,0.22373201274740645,-0.3627660173248832,0.20985432266011078,-0.2062699296059432,0.5786945449396595,-0.027196265819842896,-0.02758073058958119,-0.026733898890508423
2025-09-26,0.0639680545661931,0.25180163617602647,-0.11733015139534962,-0.08229988155338376,0.0680191041660203,0.25539797962244026,-0.29440019978228804,0.11489440917978574,-0.19110095258032958,0.7263615402519603,-0.020613478067746296,-0.02090488410677093,-0.020263025890957624
2025-10-03,0.051529391462390474,0.1987066366873258,-0.09472833962310596,-0.05916648161680585,0.06352579693921753,0.2797016431203121,-0.2161448650987653,0.028314121047557844,-0.3275731841544205,0.763008619414762,-0.013280068882521503,-0.013467804899622134,-0.013054292861973796
2025-10-10,0.04103453308625826,0.1446773571140234,-0.04653351885518107,-0.04020611996071634,0.05902415124055235,0.25477155396173023,-0.11647488018258824,-0.028225077207052293,-0.45543913609786413,0.7273124518438897,-0.006901431105849063,-0.006998994394079576,-0.00678409905998795
2025-10-17,0.04367405700363857,0.12137057832097728,-0.007903403658763776,0.018876099379348893,0.11070179470549418,0.2103331268850216,-0.045369803566797415,-0.06875125490514818,-0.5237634561918778,0.6369402422299103,-0.0035991086042142205,-0.0036499880326603396,-0.003537919733481179
2025-10-24,0.08118767087948951,0.1585274701531636,0.008724042333973822,0.08141094476240855,0.19398947588680834,0.18868298643240466,0.036826195442588486,-0.10923470213794281,-0.5170746486679403,0.5288527417199335,-0.0023400307498210454,-0.002373111003903356,-0.0023002476104919106
2025-10-31,0.13615349008806288,0.1874692162150173,0.027854447610483873,0.10662908564109497,0.21664452752682334,0.17504253019983165,0.10720352665659227,-0.12502332434940372,-0.5135718113924999,0.2873361412540958,-0.0009176761534728899,-0.0009306490429635439,-0.0009020746327341438
