date,risk_scalar
2020-05-28,1.0
2020-05-29,1.0
2020-05-31,1.0
2020-06-01,1.0
2020-06-02,1.0
2020-06-03,1.0
2020-06-04,1.0
2020-06-05,1.0
2020-06-07,1.0
2020-06-08,1.0
2020-06-09,1.0
2020-06-10,1.0
2020-06-11,1.0
2020-06-12,1.0
2020-06-14,1.0
2020-06-15,1.0
2020-06-16,1.0
2020-06-17,1.0
2020-06-18,1.0
2020-06-19,1.0
2020-06-21,1.0
2020-06-22,1.0
2020-06-23,1.0
2020-06-24,1.0
2020-06-25,1.0
2020-06-26,1.0
2020-06-28,1.0
2020-06-29,1.0
2020-06-30,1.0
2020-07-01,1.0
2020-07-02,1.0
2020-07-03,1.0
2020-07-05,1.0
2020-07-06,1.0
2020-07-07,1.0
2020-07-08,1.0
2020-07-09,1.0
2020-07-10,1.0
2020-07-12,1.0
2020-07-13,1.0
2020-07-14,1.0
2020-07-15,1.0
2020-07-16,1.0
2020-07-17,1.0
2020-07-19,1.0
2020-07-20,1.0
2020-07-21,1.0
2020-07-22,1.0
2020-07-23,1.0
2020-07-24,1.0
2020-07-26,1.0
2020-07-27,1.0
2020-07-28,1.0
2020-07-29,1.0
2020-07-30,1.0
2020-07-31,1.0
2020-08-02,1.0
2020-08-03,1.0
2020-08-04,1.0
2020-08-05,1.0
2020-08-06,1.0
2020-08-07,1.0
2020-08-09,1.0
2020-08-10,1.0
2020-08-11,1.0
2020-08-12,1.0
2020-08-13,1.0
2020-08-14,1.0
2020-08-16,1.0
2020-08-17,1.0
2020-08-18,1.0
2020-08-19,0.9625
2020-08-20,0.9343750000000001
2020-08-21,0.91328125
2020-08-23,0.8974609375000001
2020-08-24,0.8855957031250001
2020-08-25,0.8766967773437501
2020-08-26,0.8700225830078125
2020-08-27,0.8650169372558595
2020-08-28,0.8612627029418947
2020-08-30,0.858447027206421
2020-08-31,0.8563352704048157
2020-09-01,0.8547514528036119
2020-09-02,0.853563589602709
2020-09-03,0.8901726922020317
2020-09-04,0.9176295191515238
2020-09-06,0.9382221393636428
2020-09-07,0.9536666045227321
2020-09-08,0.9652499533920491
2020-09-09,0.9739374650440369
2020-09-10,0.9804530987830277
2020-09-11,0.9853398240872707
2020-09-13,0.9890048680654531
2020-09-14,0.9917536510490899
2020-09-15,0.9938152382868174
2020-09-16,0.995361428715113
2020-09-17,0.9965210715363347
2020-09-18,0.9973908036522511
2020-09-20,0.9980431027391883
2020-09-21,0.9985323270543912
2020-09-22,0.9988992452907934
2020-09-23,0.999174433968095
2020-09-24,0.9993808254760712
2020-09-25,0.9995356191070535
2020-09-27,0.9996517143302901
2020-09-28,0.9997387857477176
2020-09-29,0.9998040893107882
2020-09-30,0.9998530669830912
2020-10-01,0.9998898002373184
2020-10-02,0.9999173501779888
2020-10-04,0.9999380126334916
2020-10-05,0.9999535094751186
2020-10-06,0.999965132106339
2020-10-07,0.9999738490797543
2020-10-08,0.9999803868098157
2020-10-09,0.9999852901073618
2020-10-11,0.9999889675805214
2020-10-12,0.999991725685391
2020-10-13,0.9999937942640432
2020-10-14,0.9999953456980324
2020-10-15,0.9999965092735243
2020-10-16,0.9999973819551433
2020-10-18,0.9999980364663574
2020-10-19,0.999998527349768
2020-10-20,0.999998895512326
2020-10-21,0.9999991716342445
2020-10-22,0.9999993787256833
2020-10-23,0.9999995340442625
2020-10-25,0.9999996505331968
2020-10-26,0.9999997378998976
2020-10-27,0.9999998034249232
2020-10-28,0.9999998525686924
2020-10-29,0.9999998894265193
2020-10-30,0.9999999170698894
2020-11-01,0.9999999378024171
2020-11-02,0.9999999533518129
2020-11-03,0.9999999650138597
2020-11-04,0.9999999737603947
2020-11-05,0.999999980320296
2020-11-06,0.999999985240222
2020-11-08,0.9999999889301665
2020-11-09,0.9624999916976249
2020-11-10,0.9343749937732188
2020-11-11,0.9132812453299141
2020-11-12,0.8974609339974355
2020-11-13,0.8855957004980767
2020-11-15,0.8766967753735575
2020-11-16,0.8700225815301682
2020-11-17,0.8650169361476262
2020-11-18,0.8612627021107196
2020-11-19,0.8584470265830397
2020-11-20,0.8563352699372798
2020-11-22,0.8547514524529599
2020-11-23,0.85356358933972
2020-11-24,0.85267269200479
2020-11-25,0.8520045190035925
2020-11-26,0.8515033892526944
2020-11-27,0.8511275419395209
2020-11-29,0.8508456564546407
2020-11-30,0.8506342423409806
2020-12-01,0.8504756817557355
2020-12-02,0.8878567613168016
2020-12-03,0.9158925709876011
2020-12-04,0.9369194282407008
2020-12-06,0.9526895711805257
2020-12-07,0.9645171783853943
2020-12-08,0.9733878837890457
2020-12-09,0.9800409128417843
2020-12-10,0.9850306846313382
2020-12-11,0.9887730134735037
2020-12-13,0.9915797601051277
2020-12-14,0.9936848200788457
2020-12-15,0.9952636150591343
2020-12-16,0.9964477112943507
2020-12-17,0.997335783470763
2020-12-18,0.9980018376030723
2020-12-20,0.9985013782023042
2020-12-21,0.9988760336517282
2020-12-22,0.9991570252387961
2020-12-23,0.9993677689290971
2020-12-24,0.9995258266968228
2020-12-25,0.9996443700226171
2020-12-27,0.9997332775169628
2020-12-28,0.9997999581377222
2020-12-29,0.9998499686032916
2020-12-30,0.9998874764524687
2020-12-31,0.9999156073393515
2021-01-01,0.9999367055045136
2021-01-03,0.9999525291283853
2021-01-04,0.999964396846289
2021-01-05,0.9999732976347168
2021-01-06,0.9999799732260376
2021-01-07,0.9999849799195282
2021-01-08,0.9999887349396461
2021-01-10,0.9999915512047346
2021-01-11,0.9999936634035509
2021-01-12,0.9999952475526632
2021-01-13,0.9999964356644975
2021-01-14,0.999997326748373
2021-01-15,0.9999979950612798
2021-01-17,0.9999984962959598
2021-01-18,0.9999988722219699
2021-01-19,0.9999991541664774
2021-01-20,0.999999365624858
2021-01-21,0.9999995242186435
2021-01-22,0.9999996431639826
2021-01-24,0.999999732372987
2021-01-25,0.9999997992797403
2021-01-26,0.9999998494598052
2021-01-27,0.9999998870948539
2021-01-28,0.9999999153211404
2021-01-29,0.9624999364908553
2021-01-31,0.9343749523681415
2021-02-01,0.9132812142761061
2021-02-02,0.8974609107070796
2021-02-03,0.8855956830303097
2021-02-04,0.8766967622727323
2021-02-05,0.8700225717045492
2021-02-07,0.865016928778412
2021-02-08,0.8612626965838089
2021-02-09,0.8584470224378568
2021-02-10,0.8563352668283926
2021-02-11,0.8547514501212944
2021-02-12,0.8535635875909708
2021-02-14,0.8526726906932282
2021-02-15,0.8520045180199212
2021-02-16,0.8515033885149409
2021-02-17,0.8511275413862057
2021-02-18,0.8508456560396543
2021-02-19,0.8506342420297408
2021-02-21,0.8504756815223057
2021-02-22,0.8503567611417293
2021-02-23,0.850267570856297
2021-02-24,0.8502006781422228
2021-02-25,0.8501505086066671
2021-02-26,0.8501128814550003
2021-02-28,0.8500846610912502
2021-03-01,0.8875634958184377
2021-03-02,0.9156726218638283
2021-03-03,0.9367544663978712
2021-03-04,0.9525658497984034
2021-03-05,0.9644243873488025
2021-03-07,0.9733182905116019
2021-03-08,0.9799887178837015
2021-03-09,0.9849915384127761
2021-03-10,0.9887436538095821
2021-03-11,0.9915577403571866
2021-03-12,0.99366830526789
2021-03-14,0.9952512289509174
2021-03-15,0.9964384217131881
2021-03-16,0.997328816284891
2021-03-17,0.9979966122136683
2021-03-18,0.9984974591602512
2021-03-19,0.9988730943701885
2021-03-21,0.9991548207776413
2021-03-22,0.999366115583231
2021-03-23,0.9995245866874232
2021-03-24,0.9996434400155674
2021-03-25,0.9997325800116755
2021-03-26,0.9997994350087567
2021-03-28,0.9998495762565676
2021-03-29,0.9998871821924257
2021-03-30,0.9999153866443192
2021-03-31,0.9999365399832394
2021-04-01,0.9999524049874295
2021-04-02,0.9999643037405721
2021-04-04,0.9999732278054291
2021-04-05,0.9999799208540718
2021-04-06,0.9999849406405539
2021-04-07,0.9999887054804154
2021-04-08,0.9999915291103115
2021-04-09,0.9999936468327336
2021-04-11,0.9999952351245502
2021-04-12,0.9999964263434127
2021-04-13,0.9999973197575596
2021-04-14,0.9999979898181697
2021-04-15,0.9999984923636273
2021-04-16,0.9999988692727204
2021-04-18,0.9999991519545404
2021-04-19,0.9999993639659053
2021-04-20,0.999999522974429
2021-04-21,0.9999996422308217
2021-04-22,0.9999997316731163
2021-04-23,0.9999997987548372
2021-04-25,0.9999998490661279
2021-04-26,0.999999886799596
2021-04-27,0.999999915099697
2021-04-28,0.9999999363247727
2021-04-29,0.9999999522435795
2021-04-30,0.9999999641826847
2021-05-02,0.9999999731370135
2021-05-03,0.9999999798527601
2021-05-04,0.9999999848895701
2021-05-05,0.9999999886671775
2021-05-06,0.9999999915003832
2021-05-07,0.9999999936252875
2021-05-09,0.9999999952189655
2021-05-10,0.9999999964142241
2021-05-11,0.9999999973106681
2021-05-12,0.9999999979830011
2021-05-13,0.9999999984872509
2021-05-14,0.9999999988654381
2021-05-16,0.9999999991490786
2021-05-17,0.962499999361809
2021-05-18,0.9343749995213567
2021-05-19,0.9132812496410175
2021-05-20,0.8974609372307631
2021-05-21,0.8855957029230724
2021-05-23,0.8766967771923043
2021-05-24,0.8700225828942283
2021-05-25,0.8650169371706712
2021-05-26,0.8612627028780034
2021-05-27,0.8584470271585026
2021-05-28,0.856335270368877
2021-05-30,0.8547514527766578
2021-05-31,0.8535635895824933
2021-06-01,0.85267269218687
2021-06-02,0.8520045191401525
2021-06-03,0.8515033893551144
2021-06-04,0.8886275420163358
2021-06-06,0.9164706565122518
2021-06-07,0.9373529923841888
2021-06-08,0.9530147442881416
2021-06-09,0.9647610582161061
2021-06-10,0.9735707936620797
2021-06-11,0.9801780952465597
2021-06-13,0.9851335714349199
2021-06-14,0.9888501785761898
2021-06-15,0.9916376339321424
2021-06-16,0.9562282254491069
2021-06-17,0.9296711690868302
2021-06-18,0.9097533768151227
2021-06-20,0.8948150326113421
2021-06-21,0.8836112744585066
2021-06-22,0.87520845584388
2021-06-23,0.86890634188291
2021-06-24,0.8641797564121826
2021-06-25,0.8606348173091369
2021-06-27,0.8579761129818527
2021-06-28,0.8559820847363896
2021-06-29,0.8919865635522922
2021-06-30,0.9189899226642192
2021-07-01,0.9392424419981644
2021-07-02,0.9544318314986233
2021-07-04,0.9658238736239675
2021-07-05,0.9743679052179757
2021-07-06,0.9807759289134818
2021-07-07,0.9855819466851113
2021-07-08,0.9891864600138335
2021-07-09,0.9918898450103751
2021-07-11,0.9939173837577814
2021-07-12,0.9954380378183361
2021-07-13,0.996578528363752
2021-07-14,0.997433896272814
2021-07-15,0.9980754222046104
2021-07-16,0.9985565666534578
2021-07-18,0.9989174249900934
2021-07-19,0.99918806874257
2021-07-20,0.9993910515569275
2021-07-21,0.9995432886676956
2021-07-22,0.9996574665007717
2021-07-23,0.9997430998755787
2021-07-25,0.9998073249066841
2021-07-26,0.999855493680013
2021-07-27,0.9998916202600098
2021-07-28,0.9999187151950073
2021-07-29,0.9999390363962555
2021-07-30,0.9999542772971917
2021-08-01,0.9999657079728937
2021-08-02,0.9999742809796703
2021-08-03,0.9999807107347527
2021-08-04,0.9999855330510645
2021-08-05,0.9999891497882984
2021-08-06,0.9999918623412238
2021-08-08,0.9999938967559179
2021-08-09,0.9999954225669384
2021-08-10,0.9999965669252038
2021-08-11,0.9999974251939028
2021-08-12,0.9999980688954271
2021-08-13,0.9999985516715704
2021-08-15,0.9999989137536778
2021-08-16,0.9999991853152583
2021-08-17,0.9999993889864438
2021-08-18,0.9999995417398329
2021-08-19,0.9999996563048746
2021-08-20,0.999999742228656
2021-08-22,0.9999998066714919
2021-08-23,0.9624998550036189
2021-08-24,0.9343748912527142
2021-08-25,0.9132811684395357
2021-08-26,0.8974608763296518
2021-08-27,0.8855956572472389
2021-08-29,0.8766967429354292
2021-08-30,0.870022557201572
2021-08-31,0.865016917901179
2021-09-01,0.8612626884258843
2021-09-02,0.8584470163194132
2021-09-03,0.8563352622395599
2021-09-05,0.85475144667967
2021-09-06,0.8535635850097525
2021-09-07,0.8526726887573144
2021-09-08,0.8520045165679858
2021-09-09,0.8515033874259894
2021-09-10,0.8511275405694921
2021-09-12,0.8508456554271191
2021-09-13,0.8506342415703393
2021-09-14,0.8504756811777545
2021-09-15,0.8878567608833159
2021-09-16,0.915892570662487
2021-09-17,0.9369194279968652
2021-09-19,0.952689570997649
2021-09-20,0.9645171782482367
2021-09-21,0.9733878836861776
2021-09-22,0.9800409127646332
2021-09-23,0.9850306845734749
2021-09-24,0.9887730134301062
2021-09-26,0.9915797600725796
2021-09-27,0.9936848200544347
2021-09-28,0.995263615040826
2021-09-29,0.9964477112806196
2021-09-30,0.9973357834604647
2021-10-01,0.9980018375953486
2021-10-03,0.9985013781965114
2021-10-04,0.9988760336473835
2021-10-05,0.9991570252355376
2021-10-06,0.9993677689266532
2021-10-07,0.9995258266949899
2021-10-08,0.9996443700212424
2021-10-10,0.9997332775159318
2021-10-11,0.9997999581369488
2021-10-12,0.9998499686027116
2021-10-13,0.9998874764520337
2021-10-14,0.9999156073390253
2021-10-15,0.9999367055042689
2021-10-17,0.9999525291282017
2021-10-18,0.9999643968461512
2021-10-19,0.9999732976346134
2021-10-20,0.99997997322596
2021-10-21,0.99998497991947
2021-10-22,0.9999887349396025
2021-10-24,0.9999915512047018
2021-10-25,0.9999936634035264
2021-10-26,0.9999952475526448
2021-10-27,0.9999964356644836
2021-10-28,0.9999973267483627
2021-10-29,0.9999979950612721
2021-10-31,0.999998496295954
2021-11-01,0.9999988722219655
2021-11-02,0.9999991541664741
2021-11-03,0.9999993656248556
2021-11-04,0.9999995242186417
2021-11-05,0.9999996431639813
2021-11-07,0.9999997323729859
2021-11-08,0.9999997992797394
2021-11-09,0.9999998494598046
2021-11-10,0.9999998870948534
2021-11-11,0.9999999153211401
2021-11-12,0.9999999364908551
2021-11-14,0.9999999523681413
2021-11-15,0.9999999642761059
2021-11-16,0.9999999732070795
2021-11-17,0.9999999799053096
2021-11-18,0.9999999849289822
2021-11-19,0.9999999886967367
2021-11-21,0.9999999915225525
2021-11-22,0.9624999936419144
2021-11-23,0.9343749952314359
2021-11-24,0.9132812464235769
2021-11-25,0.8974609348176826
2021-11-26,0.885595701113262
2021-11-28,0.8766967758349465
2021-11-29,0.87002258187621
2021-11-30,0.9025169364071575
2021-12-01,0.9268877023053681
2021-12-02,0.945165776729026
2021-12-03,0.9588743325467695
2021-12-05,0.9691557494100771
2021-12-06,0.9768668120575579
2021-12-07,0.9826501090431684
2021-12-08,0.9869875817823763
2021-12-09,0.9902406863367823
2021-12-10,0.9926805147525868
2021-12-12,0.9945103860644401
2021-12-13,0.9958827895483301
2021-12-14,0.9969120921612475
2021-12-15,0.9976840691209357
2021-12-16,0.9982630518407017
2021-12-17,0.9986972888805263
2021-12-19,0.9990229666603947
2021-12-20,0.9992672249952961
2021-12-21,0.9994504187464721
2021-12-22,0.9995878140598541
2021-12-23,0.9996908605448905
2021-12-24,0.9997681454086679
2021-12-26,0.9998261090565009
2021-12-27,0.9998695817923757
2021-12-28,0.9999021863442819
2021-12-29,0.9999266397582114
2021-12-30,0.9999449798186586
2021-12-31,0.999958734863994
2022-01-02,0.9999690511479955
2022-01-03,0.9999767883609967
2022-01-04,0.9999825912707475
2022-01-05,0.9999869434530606
2022-01-06,0.9999902075897955
2022-01-07,0.9999926556923466
2022-01-09,0.99999449176926
2022-01-10,0.999995868826945
2022-01-11,0.9999969016202088
2022-01-12,0.9999976762151566
2022-01-13,0.9999982571613675
2022-01-14,0.9999986928710256
2022-01-16,0.9999990196532692
2022-01-17,0.9999992647399519
2022-01-18,0.9999994485549639
2022-01-19,0.999999586416223
2022-01-20,0.9999996898121672
2022-01-21,0.9999997673591254
2022-01-23,0.9999998255193441
2022-01-24,0.999999869139508
2022-01-25,0.9999999018546311
2022-01-26,0.9999999263909733
2022-01-27,0.99999994479323
2022-01-28,0.9999999585949224
2022-01-30,0.9999999689461918
2022-01-31,0.9999999767096439
2022-02-01,0.999999982532233
2022-02-02,0.9999999868991747
2022-02-03,0.999999990174381
2022-02-04,0.9999999926307858
2022-02-06,0.9999999944730893
2022-02-07,0.9999999958548169
2022-02-08,0.9999999968911126
2022-02-09,0.9999999976683345
2022-02-10,0.9999999982512509
2022-02-11,0.9999999986884381
2022-02-13,0.9999999990163286
2022-02-14,0.9999999992622465
2022-02-15,0.9999999994466848
2022-02-16,0.9999999995850136
2022-02-17,0.9999999996887602
2022-02-18,0.9999999997665702
2022-02-20,0.9999999998249276
2022-02-21,0.9999999998686957
2022-02-22,0.9999999999015218
2022-02-23,0.9999999999261413
2022-02-24,0.999999999944606
2022-02-25,0.9999999999584545
2022-02-27,0.9999999999688408
2022-02-28,0.9999999999766306
2022-03-01,0.9999999999824729
2022-03-02,0.9999999999868547
2022-03-03,0.999999999990141
2022-03-04,0.9999999999926057
2022-03-06,0.9999999999944542
2022-03-07,0.9999999999958407
2022-03-08,0.9624999999968805
2022-03-09,0.9343749999976604
2022-03-10,0.9132812499982453
2022-03-11,0.897460937498684
2022-03-13,0.885595703124013
2022-03-14,0.8766967773430098
2022-03-15,0.8700225830072573
2022-03-16,0.865016937255443
2022-03-17,0.8612627029415824
2022-03-18,0.8584470272061868
2022-03-20,0.8563352704046402
2022-03-21,0.8547514528034802
2022-03-22,0.8535635896026101
2022-03-23,0.8526726922019576
2022-03-24,0.8520045191514682
2022-03-25,0.8515033893636011
2022-03-27,0.8511275420227009
2022-03-28,0.8508456565170257
2022-03-29,0.8506342423877693
2022-03-30,0.850475681790827
2022-03-31,0.8503567613431203
2022-04-01,0.8502675710073403
2022-04-03,0.8502006782555053
2022-04-04,0.850150508691629
2022-04-05,0.8501128815187218
2022-04-06,0.8500846611390414
2022-04-07,0.8500634958542811
2022-04-08,0.8500476218907108
2022-04-10,0.8500357164180331
2022-04-11,0.8500267873135249
2022-04-12,0.8500200904851437
2022-04-13,0.8500150678638578
2022-04-14,0.8500113008978935
2022-04-15,0.8500084756734201
2022-04-17,0.8500063567550651
2022-04-18,0.8500047675662988
2022-04-19,0.8500035756747242
2022-04-20,0.8500026817560432
2022-04-21,0.8500020113170325
2022-04-22,0.8500015084877743
2022-04-24,0.8500011313658308
2022-04-25,0.8500008485243731
2022-04-26,0.8500006363932798
2022-04-27,0.8500004772949599
2022-04-28,0.85000035797122
2022-04-29,0.850000268478415
2022-05-01,0.8500002013588113
2022-05-02,0.8500001510191085
2022-05-03,0.8500001132643314
2022-05-04,0.8500000849482486
2022-05-05,0.8500000637111865
2022-05-06,0.8500000477833899
2022-05-08,0.8500000358375425
2022-05-09,0.8500000268781569
2022-05-10,0.8500000201586176
2022-05-11,0.8500000151189633
2022-05-12,0.8500000113392224
2022-05-13,0.8500000085044168
2022-05-15,0.8500000063783126
2022-05-16,0.8500000047837345
2022-05-17,0.8500000035878009
2022-05-18,0.8500000026908507
2022-05-19,0.8500000020181381
2022-05-20,0.8500000015136036
2022-05-22,0.8500000011352027
2022-05-23,0.887500000851402
2022-05-24,0.9156250006385516
2022-05-25,0.9367187504789136
2022-05-26,0.9525390628591852
2022-05-27,0.9644042971443889
2022-05-29,0.9733032228582916
2022-05-30,0.9799774171437188
2022-05-31,0.9849830628577891
2022-06-01,0.9887372971433419
2022-06-02,0.9915529728575064
2022-06-03,0.9936647296431298
2022-06-05,0.9952485472323473
2022-06-06,0.9964364104242605
2022-06-07,0.9973273078181953
2022-06-08,0.9979954808636465
2022-06-09,0.9984966106477349
2022-06-10,0.9988724579858012
2022-06-12,0.9991543434893508
2022-06-13,0.9993657576170132
2022-06-14,0.9995243182127599
2022-06-15,0.9996432386595699
2022-06-16,0.9997324289946774
2022-06-17,0.999799321746008
2022-06-19,0.9998494913095061
2022-06-20,0.9998871184821295
2022-06-21,0.9999153388615971
2022-06-22,0.9999365041461978
2022-06-23,0.9999523781096484
2022-06-24,0.9999642835822363
2022-06-26,0.9999732126866773
2022-06-27,0.9999799095150079
2022-06-28,0.9999849321362559
2022-06-29,0.999988699102192
2022-06-30,0.999991524326644
2022-07-01,0.999993643244983
2022-07-03,0.9999952324337372
2022-07-04,0.9999964243253029
2022-07-05,0.9999973182439772
2022-07-06,0.9999979886829828
2022-07-07,0.9999984915122371
2022-07-08,0.9999988686341779
2022-07-10,0.9999991514756335
2022-07-11,0.999999363606725
2022-07-12,0.9999995227050438
2022-07-13,0.9999996420287829
2022-07-14,0.9999997315215872
2022-07-15,0.9999997986411904
2022-07-17,0.9999998489808928
2022-07-18,0.9999998867356696
2022-07-19,0.9999999150517522
2022-07-20,0.9999999362888141
2022-07-21,0.9999999522166105
2022-07-22,0.999999964162458
2022-07-24,0.9999999731218434
2022-07-25,0.9999999798413826
2022-07-26,0.9999999848810369
2022-07-27,0.9999999886607777
2022-07-28,0.9999999914955833
2022-07-29,0.9999999936216875
2022-07-31,0.9999999952162656
2022-08-01,0.9999999964121992
2022-08-02,0.9999999973091493
2022-08-03,0.999999997981862
2022-08-04,0.9999999984863965
2022-08-05,0.9999999988647974
2022-08-07,0.999999999148598
2022-08-08,0.9624999993614486
2022-08-09,0.9343749995210865
2022-08-10,0.9132812496408149
2022-08-11,0.8974609372306112
2022-08-12,0.8855957029229584
2022-08-14,0.8766967771922188
2022-08-15,0.8700225828941641
2022-08-16,0.8650169371706231
2022-08-17,0.8612627028779674
2022-08-18,0.8584470271584755
2022-08-19,0.8563352703688567
2022-08-21,0.8547514527766426
2022-08-22,0.8535635895824819
2022-08-23,0.8526726921868615
2022-08-24,0.8520045191401461
2022-08-25,0.8515033893551096
2022-08-26,0.8511275420163322
2022-08-28,0.8508456565122492
2022-08-29,0.850634242384187
2022-08-30,0.8879756817881402
2022-08-31,0.9159817613411052
2022-09-01,0.9369863210058289
2022-09-02,0.9527397407543716
2022-09-04,0.9645548055657787
2022-09-05,0.973416104174334
2022-09-06,0.9800620781307505
2022-09-07,0.9850465585980629
2022-09-08,0.9887849189485471
2022-09-09,0.9915886892114103
2022-09-11,0.9936915169085577
2022-09-12,0.9952686376814183
2022-09-13,0.9964514782610637
2022-09-14,0.9973386086957978
2022-09-15,0.9980039565218484
2022-09-16,0.9985029673913863
2022-09-18,0.9988772255435397
2022-09-19,0.9991579191576548
2022-09-20,0.9993684393682412
2022-09-21,0.9995263295261809
2022-09-22,0.9996447471446357
2022-09-23,0.9997335603584767
2022-09-25,0.9998001702688575
2022-09-26,0.9998501277016432
2022-09-27,0.9998875957762323
2022-09-28,0.9999156968321743
2022-09-29,0.9999367726241307
2022-09-30,0.999952579468098
2022-10-02,0.9999644346010735
2022-10-03,0.9999733259508051
2022-10-04,0.9999799944631038
2022-10-05,0.9999849958473279
2022-10-06,0.999988746885496
2022-10-07,0.999991560164122
2022-10-09,0.9999936701230916
2022-10-10,0.9999952525923187
2022-10-11,0.999996439444239
2022-10-12,0.9999973295831792
2022-10-13,0.9999979971873845
2022-10-14,0.9999984978905383
2022-10-16,0.9999988734179037
2022-10-17,0.9999991550634277
2022-10-18,0.9999993662975708
2022-10-19,0.9999995247231781
2022-10-20,0.9999996435423836
2022-10-21,0.9999997326567877
2022-10-23,0.9624997994925908
2022-10-24,0.9343748496194432
2022-10-25,0.9132811372145824
2022-10-26,0.8974608529109368
2022-10-27,0.8855956396832027
2022-10-28,0.876696729762402
2022-10-30,0.8700225473218015
2022-10-31,0.8650169104913511
2022-11-01,0.8612626828685134
2022-11-02,0.8584470121513851
2022-11-03,0.7813352591135387
2022-11-04,0.723501444335154
2022-11-06,0.6801260832513654
2022-11-07,0.647594562438524
2022-11-08,0.6231959218288929
2022-11-09,0.6048969413716697
2022-11-10,0.5911727060287524
2022-11-11,0.5808795295215643
2022-11-13,0.5731596471411733
2022-11-14,0.56736973535588
2022-11-15,0.56302730151691
2022-11-16,0.5597704761376825
2022-11-17,0.6698278571032619
2022-11-18,0.7523708928274464
2022-11-20,0.8142781696205847
2022-11-21,0.8607086272154385
2022-11-22,0.8955314704115789
2022-11-23,0.9216486028086841
2022-11-24,0.9037364521065131
2022-11-25,0.8903023390798849
2022-11-27,0.8802267543099137
2022-11-28,0.8726700657324353
2022-11-29,0.8670025492993265
2022-11-30,0.862751911974495
2022-12-01,0.8595639339808713
2022-12-02,0.8571729504856535
2022-12-04,0.8928797128642401
2022-12-05,0.91965978464818
2022-12-06,0.939744838486135
2022-12-07,0.9548086288646013
2022-12-08,0.966106471648451
2022-12-09,0.9745798537363383
2022-12-11,0.9809348903022537
2022-12-12,0.9857011677266903
2022-12-13,0.9892758757950177
2022-12-14,0.9919569068462633
2022-12-15,0.9939676801346975
2022-12-16,0.9954757601010231
2022-12-18,0.9966068200757674
2022-12-19,0.9974551150568256
2022-12-20,0.9980913362926191
2022-12-21,0.9985685022194644
2022-12-22,0.9989263766645983
2022-12-23,0.9991947824984487
2022-12-26,0.9993960868738365
2022-12-27,0.9995470651553774
2022-12-28,0.9996602988665331
2022-12-29,0.9997452241498999
2022-12-30,0.9998089181124249
2023-01-02,0.9998566885843186
2023-01-03,0.999892516438239
2023-01-04,0.9999193873286792
2023-01-05,0.9999395404965095
2023-01-06,0.9999546553723822
2023-01-08,0.9999659915292867
2023-01-09,0.999974493646965
2023-01-10,0.9999808702352238
2023-01-11,0.9999856526764178
2023-01-12,0.9999892395073133
2023-01-13,0.999991929630485
2023-01-15,0.9999939472228637
2023-01-16,0.9999954604171478
2023-01-17,0.9999965953128609
2023-01-18,0.9999974464846457
2023-01-19,0.9999980848634843
2023-01-20,0.9999985636476132
2023-01-22,0.9999989227357099
2023-01-23,0.9999991920517824
2023-01-24,0.9999993940388369
2023-01-25,0.9999995455291276
2023-01-26,0.9999996591468457
2023-01-27,0.9999997443601343
2023-01-29,0.9999998082701007
2023-01-30,0.9999998562025756
2023-01-31,0.9999998921519317
2023-02-01,0.9999999191139488
2023-02-02,0.9999999393354616
2023-02-03,0.9999999545015962
2023-02-05,0.9999999658761971
2023-02-06,0.9999999744071478
2023-02-07,0.9999999808053609
2023-02-08,0.9999999856040207
2023-02-09,0.9999999892030156
2023-02-10,0.9999999919022617
2023-02-12,0.9999999939266964
2023-02-13,0.9624999954450223
2023-02-14,0.9343749965837668
2023-02-15,0.9132812474378251
2023-02-16,0.8974609355783688
2023-02-17,0.8855957016837767
2023-02-19,0.9141967762628325
2023-02-20,0.9356475821971244
2023-02-21,0.9517356866478432
2023-02-22,0.9638017649858824
2023-02-23,0.9728513237394119
2023-02-24,0.979638492804559
2023-02-26,0.9847288696034192
2023-02-27,0.9885466522025644
2023-02-28,0.9914099891519234
2023-03-01,0.9935574918639425
2023-03-02,0.9951681188979569
2023-03-03,0.9963760891734676
2023-03-05,0.9972820668801008
2023-03-06,0.9979615501600756
2023-03-07,0.9984711626200566
2023-03-08,0.9988533719650425
2023-03-09,0.999140028973782
2023-03-10,0.9993550217303364
2023-03-12,0.9995162662977524
2023-03-13,0.9996371997233142
2023-03-14,0.9997278997924857
2023-03-15,0.9997959248443642
2023-03-16,0.9998469436332731
2023-03-17,0.9623852077249548
2023-03-19,0.9342889057937162
2023-03-20,0.9132166793452872
2023-03-21,0.8974125095089655
2023-03-22,0.8855593821317241
2023-03-23,0.8766695365987931
2023-03-24,0.8700021524490948
2023-03-26,0.8650016143368212
2023-03-27,0.8612512107526159
2023-03-28,0.8584384080644619
2023-03-29,0.8563288060483465
2023-03-30,0.8547466045362598
2023-03-31,0.8535599534021949
2023-04-02,0.8526699650516462
2023-04-03,0.8520024737887346
2023-04-04,0.851501855341551
2023-04-05,0.8511263915061632
2023-04-06,0.8508447936296224
2023-04-07,0.8881335952222168
2023-04-09,0.9161001964166626
2023-04-10,0.937075147312497
2023-04-11,0.9528063604843727
2023-04-12,0.9646047703632795
2023-04-13,0.9734535777724597
2023-04-14,0.9800901833293447
2023-04-16,0.9850676374970085
2023-04-17,0.9888007281227564
2023-04-18,0.9916005460920674
2023-04-19,0.9937004095690505
2023-04-20,0.9952753071767879
2023-04-21,0.9964564803825909
2023-04-23,0.9973423602869432
2023-04-24,0.9980067702152075
2023-04-25,0.9985050776614056
2023-04-26,0.9988788082460542
2023-04-27,0.9991591061845406
2023-04-28,0.9993693296384054
2023-04-30,0.9995269972288041
2023-05-01,0.9996452479216031
2023-05-02,0.9997339359412023
2023-05-03,0.9998004519559017
2023-05-04,0.9998503389669263
2023-05-05,0.9998877542251947
2023-05-07,0.9999158156688961
2023-05-08,0.9999368617516721
2023-05-09,0.999952646313754
2023-05-10,0.9999644847353155
2023-05-11,0.9999733635514867
2023-05-12,0.9999800226636151
2023-05-14,0.9999850169977114
2023-05-15,0.9999887627482835
2023-05-16,0.9999915720612127
2023-05-17,0.9999936790459095
2023-05-18,0.9999952592844321
2023-05-19,0.999996444463324
2023-05-21,0.999997333347493
2023-05-22,0.9999980000106197
2023-05-23,0.9999985000079648
2023-05-24,0.9999988750059736
2023-05-25,0.9999991562544802
2023-05-26,0.9999993671908601
2023-05-28,0.9999995253931451
2023-05-29,0.9999996440448589
2023-05-30,0.9999997330336441
2023-05-31,0.999999799775233
2023-06-01,0.9624998498314248
2023-06-02,0.9343748873735686
2023-06-04,0.9132811655301765
2023-06-05,0.8974608741476323
2023-06-06,0.8855956556107243
2023-06-07,0.8766967417080432
2023-06-08,0.8700225562810324
2023-06-09,0.8650169172107743
2023-06-11,0.8612626879080808
2023-06-12,0.8584470159310607
2023-06-13,0.8563352619482955
2023-06-14,0.8547514464612216
2023-06-15,0.8535635848459162
2023-06-16,0.8526726886344372
2023-06-18,0.852004516475828
2023-06-19,0.851503387356871
2023-06-20,0.8511275405176533
2023-06-21,0.85084565538824
2023-06-22,0.85063424154118
2023-06-23,0.850475681155885
2023-06-25,0.8503567608669138
2023-06-26,0.8502675706501853
2023-06-27,0.850200677987639
2023-06-28,0.8501505084907293
2023-06-29,0.850112881368047
2023-06-30,0.8500846610260352
2023-07-02,0.8875634957695264
2023-07-03,0.9156726218271448
2023-07-04,0.9367544663703586
2023-07-05,0.9525658497777689
2023-07-06,0.9644243873333267
2023-07-07,0.9733182904999951
2023-07-09,0.9799887178749963
2023-07-10,0.9849915384062472
2023-07-11,0.9887436538046854
2023-07-12,0.9915577403535141
2023-07-13,0.9936683052651356
2023-07-14,0.9577512289488518
2023-07-16,0.9308134217116388
2023-07-17,0.9106100662837292
2023-07-18,0.8954575497127969
2023-07-19,0.8840931622845977
2023-07-20,0.8755698717134482
2023-07-21,0.8691774037850862
2023-07-23,0.8643830528388147
2023-07-24,0.860787289629111
2023-07-25,0.8580904672218332
2023-07-26,0.8560678504163749
2023-07-27,0.8545508878122812
2023-07-28,0.8534131658592109
2023-07-30,0.8525598743944082
2023-07-31,0.8519199057958061
2023-08-01,0.8514399293468546
2023-08-02,0.851079947010141
2023-08-03,0.8508099602576058
2023-08-04,0.8881074701932044
2023-08-06,0.9160806026449033
2023-08-07,0.9370604519836775
2023-08-08,0.9527953389877581
2023-08-09,0.9645965042408187
2023-08-10,0.973447378180614
2023-08-11,0.9800855336354605
2023-08-13,0.9850641502265953
2023-08-14,0.9887981126699465
2023-08-15,0.99159858450246
2023-08-16,0.993698938376845
2023-08-17,0.9952742037826338
2023-08-18,0.9964556528369753
2023-08-20,0.9973417396277315
2023-08-21,0.9980063047207987
2023-08-22,0.998504728540599
2023-08-23,0.9988785464054493
2023-08-24,0.999158909804087
2023-08-25,0.9993691823530653
2023-08-27,0.999526886764799
2023-08-28,0.9996451650735992
2023-08-29,0.9997338738051994
2023-08-30,0.9998004053538996
2023-08-31,0.9998503040154247
2023-09-01,0.9998877280115686
2023-09-03,0.9999157960086764
2023-09-04,0.9999368470065073
2023-09-05,0.9999526352548804
2023-09-06,0.9999644764411604
2023-09-07,0.9999733573308702
2023-09-08,0.9999800179981526
2023-09-10,0.9999850134986145
2023-09-11,0.9999887601239609
2023-09-12,0.9999915700929707
2023-09-13,0.999993677569728
2023-09-14,0.999995258177296
2023-09-15,0.999996443632972
2023-09-17,0.999997332724729
2023-09-18,0.9999979995435467
2023-09-19,0.9999984996576601
2023-09-20,0.9999988747432451
2023-09-21,0.9999991560574338
2023-09-22,0.9999993670430753
2023-09-24,0.9999995252823065
2023-09-25,0.9999996439617299
2023-09-26,0.9999997329712974
2023-09-27,0.9999997997284731
2023-09-28,0.9999998497963548
2023-09-29,0.9999998873472661
2023-10-01,0.9999999155104495
2023-10-02,0.9999999366328371
2023-10-03,0.9999999524746279
2023-10-04,0.9999999643559709
2023-10-05,0.9999999732669782
2023-10-06,0.9999999799502337
2023-10-08,0.9999999849626753
2023-10-09,0.9999999887220065
2023-10-10,0.9999999915415049
2023-10-11,0.9999999936561287
2023-10-12,0.9999999952420965
2023-10-13,0.9999999964315723
2023-10-15,0.9999999973236793
2023-10-16,0.9999999979927594
2023-10-17,0.9999999984945696
2023-10-18,0.9999999988709272
2023-10-19,0.9624999991531954
2023-10-20,0.9343749993648965
2023-10-22,0.9132812495236724
2023-10-23,0.8974609371427543
2023-10-24,0.8855957028570658
2023-10-25,0.8766967771427994
2023-10-26,0.8700225828570995
2023-10-27,0.8650169371428247
2023-10-29,0.8987627028571186
2023-10-30,0.9240720271428389
2023-10-31,0.9430540203571292
2023-11-01,0.9572905152678468
2023-11-02,0.9679678864508852
2023-11-03,0.9759759148381639
2023-11-05,0.981981936128623
2023-11-06,0.9864864520964672
2023-11-07,0.9898648390723505
2023-11-08,0.9923986293042628
2023-11-09,0.9942989719781972
2023-11-10,0.9957242289836479
2023-11-12,0.9967931717377359
2023-11-13,0.9975948788033019
2023-11-14,0.9981961591024764
2023-11-15,0.9986471193268573
2023-11-16,0.998985339495143
2023-11-17,0.9992390046213573
2023-11-19,0.999429253466018
2023-11-20,0.9995719400995134
2023-11-21,0.9996789550746351
2023-11-22,0.9997592163059763
2023-11-23,0.9998194122294822
2023-11-24,0.9998645591721117
2023-11-26,0.9998984193790837
2023-11-27,0.9999238145343128
2023-11-28,0.9999428609007346
2023-11-29,0.9999571456755509
2023-11-30,0.9999678592566632
2023-12-01,0.9999758944424975
2023-12-03,0.9999819208318731
2023-12-04,0.9624864406239049
2023-12-05,0.9343648304679287
2023-12-06,0.9132736228509466
2023-12-07,0.89745521713821
2023-12-08,0.8855914128536575
2023-12-10,0.9141935596402431
2023-12-11,0.9356451697301823
2023-12-12,0.9517338772976367
2023-12-13,0.9638004079732275
2023-12-14,0.9728503059799206
2023-12-15,0.9421377294849405
2023-12-17,0.9191032971137053
2023-12-18,0.901827472835279
2023-12-19,0.8888706046264593
2023-12-20,0.8791529534698445
2023-12-21,0.8718647151023834
2023-12-22,0.8663985363267875
2023-12-25,0.8622989022450906
2023-12-26,0.859224176683818
2023-12-27,0.8569181325128635
2023-12-28,0.8926885993846476
2023-12-29,0.9195164495384858
2024-01-01,0.9396373371538643
2024-01-02,0.9172280028653983
2024-01-03,0.9004210021490487
2024-01-04,0.8878157516117866
2024-01-05,0.8783618137088399
2024-01-07,0.87127136028163
2024-01-08,0.9034535202112225
2024-01-09,0.9275901401584169
2024-01-10,0.9456926051188127
2024-01-11,0.9592694538391096
2024-01-12,0.9694520903793322
2024-01-14,0.9770890677844992
2024-01-15,0.9828168008383744
2024-01-16,0.9871126006287808
2024-01-17,0.9903344504715856
2024-01-18,0.9927508378536892
2024-01-19,0.994563128390267
2024-01-21,0.9959223462927003
2024-01-22,0.9969417597195251
2024-01-23,0.9977063197896439
2024-01-24,0.998279739842233
2024-01-25,0.9987098048816747
2024-01-26,0.999032353661256
2024-01-28,0.999274265245942
2024-01-29,0.9994556989344565
2024-01-30,0.9995917742008424
2024-01-31,0.9996938306506318
2024-02-01,0.9997703729879739
2024-02-02,0.9998277797409805
2024-02-04,0.9998708348057354
2024-02-05,0.9999031261043015
2024-02-06,0.9999273445782262
2024-02-07,0.9999455084336697
2024-02-08,0.9999591313252523
2024-02-09,0.9999693484939391
2024-02-11,0.9999770113704544
2024-02-12,0.9999827585278408
2024-02-13,0.9999870688958806
2024-02-14,0.9999903016719105
2024-02-15,0.9999927262539329
2024-02-16,0.9999945446904497
2024-02-18,0.9999959085178373
2024-02-19,0.999996931388378
2024-02-20,0.9999976985412835
2024-02-21,0.9999982739059626
2024-02-22,0.999998705429472
2024-02-23,0.962499029072104
2024-02-25,0.9343742718040781
2024-02-26,0.9132807038530586
2024-02-27,0.8974605278897939
2024-02-28,0.8855953959173455
2024-02-29,0.9141965469380091
2024-03-01,0.9356474102035068
2024-03-03,0.9517355576526301
2024-03-04,0.9638016682394726
2024-03-05,0.9728512511796044
2024-03-06,0.9796384383847032
2024-03-07,0.9847288287885274
2024-03-08,0.9885466215913956
2024-03-10,0.9914099661935467
2024-03-11,0.9935574746451601
2024-03-12,0.9951681059838701
2024-03-13,0.9963760794879025
2024-03-14,0.9972820596159269
2024-03-15,0.9979615447119452
2024-03-17,0.998471158533959
2024-03-18,0.9988533689004693
2024-03-19,0.999140026675352
2024-03-20,0.999355020006514
2024-03-21,0.9995162650048854
2024-03-22,0.9996371987536641
2024-03-24,0.9997278990652481
2024-03-25,0.999795924298936
2024-03-26,0.9998469432242021
2024-03-27,0.9998852074181516
2024-03-28,0.9999139055636137
2024-03-29,0.9999354291727103
2024-03-31,0.9999515718795327
2024-04-01,0.9999636789096495
2024-04-02,0.9999727591822372
2024-04-03,0.9999795693866779
2024-04-04,0.9999846770400084
2024-04-05,0.9999885077800063
2024-04-07,0.9999913808350047
2024-04-08,0.9999935356262535
2024-04-09,0.9999951517196901
2024-04-10,0.9999963637897675
2024-04-11,0.9999972728423256
2024-04-12,0.9999979546317442
2024-04-14,0.9999984659738081
2024-04-15,0.9999988494803561
2024-04-16,0.9999991371102671
2024-04-17,0.9999993528327004
2024-04-18,0.9999995146245253
2024-04-19,0.999999635968394
2024-04-21,0.9999997269762955
2024-04-22,0.9999997952322216
2024-04-23,0.9999998464241662
2024-04-24,0.9999998848181246
2024-04-25,0.9999999136135935
2024-04-26,0.9999999352101951
2024-04-28,0.9999999514076463
2024-04-29,0.9999999635557347
2024-04-30,0.9999999726668011
2024-05-01,0.9999999795001008
2024-05-02,0.9999999846250756
2024-05-03,0.9999999884688067
2024-05-05,0.999999991351605
2024-05-06,0.9999999935137037
2024-05-07,0.9999999951352778
2024-05-08,0.9999999963514583
2024-05-09,0.9999999972635938
2024-05-10,0.9999999979476953
2024-05-12,0.9999999984607715
2024-05-13,0.9999999988455786
2024-05-14,0.9999999991341839
2024-05-15,0.9999999993506379
2024-05-16,0.9999999995129785
2024-05-17,0.9999999996347338
2024-05-19,0.9999999997260504
2024-05-20,0.9999999997945378
2024-05-21,0.9999999998459034
2024-05-22,0.9624999998844276
2024-05-23,0.9343749999133207
2024-05-24,0.9132812499349906
2024-05-26,0.897460937451243
2024-05-27,0.8855957030884323
2024-05-28,0.8766967773163242
2024-05-29,0.8700225829872432
2024-05-30,0.8650169372404325
2024-05-31,0.8612627029303244
2024-06-02,0.8584470271977432
2024-06-03,0.8938352703983075
2024-06-04,0.9203764527987306
2024-06-05,0.940282339599048
2024-06-06,0.955211754699286
2024-06-07,0.9664088160244645
2024-06-09,0.9748066120183484
2024-06-10,0.9811049590137613
2024-06-11,0.985828719260321
2024-06-12,0.9893715394452407
2024-06-13,0.9920286545839305
2024-06-14,0.9940214909379479
2024-06-16,0.9955161182034609
2024-06-17,0.9966370886525957
2024-06-18,0.9974778164894468
2024-06-19,0.9981083623670851
2024-06-20,0.9985812717753139
2024-06-21,0.9989359538314854
2024-06-23,0.999201965373614
2024-06-24,0.9994014740302105
2024-06-25,0.9995511055226579
2024-06-26,0.9996633291419934
2024-06-27,0.962247496856495
2024-06-28,0.9341856226423713
2024-06-30,0.9131392169817785
2024-07-01,0.8973544127363339
2024-07-02,0.8855158095522504
2024-07-03,0.8766368571641878
2024-07-04,0.9074776428731408
2024-07-05,0.9306082321548557
2024-07-07,0.9479561741161417
2024-07-08,0.9609671305871064
2024-07-09,0.9332253479403297
2024-07-10,0.9124190109552474
2024-07-11,0.8968142582164356
2024-07-12,0.8851106936623266
2024-07-14,0.876333020246745
2024-07-15,0.9072497651850587
2024-07-16,0.9304373238887941
2024-07-17,0.9478279929165956
2024-07-18,0.9608709946874467
2024-07-19,0.970653246015585
2024-07-21,0.9779899345116887
2024-07-22,0.9834924508837666
2024-07-23,0.9876193381628249
2024-07-24,0.9907145036221187
2024-07-25,0.993035877716589
2024-07-26,0.9947769082874417
2024-07-28,0.9960826812155813
2024-07-29,0.997062010911686
2024-07-30,0.9977965081837645
2024-07-31,0.9608473811378234
2024-08-01,0.9331355358533676
2024-08-02,0.9123516518900258
2024-08-04,0.8967637389175194
2024-08-05,0.8850728041881396
2024-08-06,0.9138046031411047
2024-08-07,0.9353534523558285
2024-08-08,0.9515150892668713
2024-08-09,0.9636363169501535
2024-08-11,0.9727272377126152
2024-08-12,0.9795454282844613
2024-08-13,0.9846590712133461
2024-08-14,0.9884943034100095
2024-08-15,0.9913707275575072
2024-08-16,0.9560280456681304
2024-08-18,0.9295210342510978
2024-08-19,0.9096407756883234
2024-08-20,0.8947305817662425
2024-08-21,0.883547936324682
2024-08-22,0.8751609522435115
2024-08-23,0.8688707141826336
2024-08-25,0.8641530356369752
2024-08-26,0.8606147767277315
2024-08-27,0.8579610825457986
2024-08-28,0.855970811909349
2024-08-29,0.8919781089320118
2024-08-30,0.9189835816990088
2024-09-01,0.9392376862742566
2024-09-02,0.9544282647056925
2024-09-03,0.9658211985292694
2024-09-04,0.974365898896952
2024-09-05,0.980774424172714
2024-09-06,0.9855808181295355
2024-09-08,0.9891856135971516
2024-09-09,0.9918892101978637
2024-09-10,0.9939169076483978
2024-09-11,0.9954376807362983
2024-09-12,0.9965782605522238
2024-09-13,0.9974336954141678
2024-09-15,0.9980752715606258
2024-09-16,0.9985564536704694
2024-09-17,0.9989173402528521
2024-09-18,0.999188005189639
2024-09-19,0.9993910038922292
2024-09-20,0.9995432529191719
2024-09-22,0.9996574396893789
2024-09-23,0.9997430797670341
2024-09-24,0.9998073098252755
2024-09-25,0.9998554823689567
2024-09-26,0.9998916117767176
2024-09-27,0.9999187088325382
2024-09-29,0.9999390316244037
2024-09-30,0.9999542737183027
2024-10-01,0.999965705288727
2024-10-02,0.9999742789665452
2024-10-03,0.9999807092249089
2024-10-04,0.9999855319186817
2024-10-06,0.9999891489390113
2024-10-07,0.9999918617042585
2024-10-08,0.9999938962781938
2024-10-09,0.9999954222086453
2024-10-10,0.9999965666564841
2024-10-11,0.9999974249923631
2024-10-13,0.9999980687442723
2024-10-14,0.9999985515582043
2024-10-15,0.9999989136686532
2024-10-16,0.9999991852514899
2024-10-17,0.9999993889386174
2024-10-18,0.9999995417039631
2024-10-20,0.9999996562779723
2024-10-21,0.9999997422084792
2024-10-22,0.9999998066563593
2024-10-23,0.9999998549922695
2024-10-24,0.9999998912442021
2024-10-25,0.9999999184331516
2024-10-27,0.9999999388248637
2024-10-28,0.9999999541186477
2024-10-29,0.9999999655889857
2024-10-30,0.9999999741917394
2024-10-31,0.9999999806438045
2024-11-01,0.9999999854828534
2024-11-03,0.99999998911214
2024-11-04,0.999999991834105
2024-11-05,0.9999999938755788
2024-11-06,0.999999995406684
2024-11-07,0.9624999965550131
2024-11-08,0.9343749974162598
2024-11-10,0.9132812480621949
2024-11-11,0.8974609360466462
2024-11-12,0.8855957020349847
2024-11-13,0.8766967765262386
2024-11-14,0.8700225823946789
2024-11-15,0.8650169367960092
2024-11-17,0.8612627025970069
2024-11-18,0.8584470269477552
2024-11-19,0.8563352702108165
2024-11-20,0.8547514526581124
2024-11-21,0.8535635894935844
2024-11-22,0.8526726921201883
2024-11-24,0.8520045190901412
2024-11-25,0.8515033893176059
2024-11-26,0.8511275419882045
2024-11-27,0.8508456564911534
2024-11-28,0.850634242368365
2024-11-29,0.8504756817762739
2024-12-01,0.8878567613322054
2024-12-02,0.915892570999154
2024-12-03,0.9369194282493655
2024-12-04,0.9526895711870241
2024-12-05,0.9645171783902681
2024-12-06,0.973387883792701
2024-12-08,0.9800409128445258
2024-12-09,0.9850306846333943
2024-12-10,0.9887730134750456
2024-12-11,0.9915797601062842
2024-12-12,0.9936848200797131
2024-12-13,0.9952636150597849
2024-12-15,0.9964477112948387
2024-12-16,0.997335783471129
2024-12-17,0.9980018376033467
2024-12-18,0.9985013782025101
2024-12-19,0.9988760336518825
2024-12-20,0.9991570252389119
2024-12-22,0.999367768929184
2024-12-23,0.999525826696888
2024-12-24,0.999644370022666
2024-12-25,0.9997332775169996
2024-12-26,0.9997999581377497
2024-12-27,0.9998499686033122
2024-12-29,0.9998874764524841
2024-12-30,0.9999156073393631
2024-12-31,0.9999367055045223
2025-01-01,0.9999525291283917
2025-01-02,0.9999643968462938
2025-01-03,0.9999732976347203
2025-01-05,0.9999799732260403
2025-01-06,0.9999849799195302
2025-01-07,0.9999887349396477
2025-01-08,0.9999915512047357
2025-01-09,0.9999936634035518
2025-01-10,0.9999952475526639
2025-01-12,0.9999964356644979
2025-01-13,0.9999973267483735
2025-01-14,0.9999979950612801
2025-01-15,0.99999849629596
2025-01-16,0.99999887222197
2025-01-17,0.9999991541664776
2025-01-19,0.9999993656248581
2025-01-20,0.9999995242186436
2025-01-21,0.9999996431639827
2025-01-22,0.999999732372987
2025-01-23,0.9999997992797403
2025-01-24,0.9999998494598052
2025-01-26,0.9999998870948539
2025-01-27,0.9999999153211404
2025-01-28,0.9999999364908553
2025-01-29,0.9999999523681414
2025-01-30,0.999999964276106
2025-01-31,0.9999999732070796
2025-02-02,0.9999999799053096
2025-02-03,0.9999999849289822
2025-02-04,0.9999999886967367
2025-02-05,0.9999999915225525
2025-02-06,0.9999999936419144
2025-02-07,0.9999999952314358
2025-02-09,0.9999999964235768
2025-02-10,0.9999999973176826
2025-02-11,0.999999997988262
2025-02-12,0.9999999984911965
2025-02-13,0.9999999988683974
2025-02-14,0.999999999151298
2025-02-16,0.9999999993634735
2025-02-17,0.9999999995226051
2025-02-18,0.9999999996419539
2025-02-19,0.9999999997314654
2025-02-20,0.999999999798599
2025-02-21,0.9999999998489493
2025-02-23,0.999999999886712
2025-02-24,0.999999999915034
2025-02-25,0.9999999999362754
2025-02-26,0.9999999999522066
2025-02-27,0.9999999999641549
2025-02-28,0.9999999999731162
2025-03-02,0.9999999999798371
2025-03-03,0.9999999999848779
2025-03-04,0.9999999999886584
2025-03-05,0.9999999999914938
2025-03-06,0.9999999999936203
2025-03-07,0.9999999999952153
2025-03-09,0.9999999999964114
2025-03-10,0.9999999999973086
2025-03-11,0.9999999999979814
2025-03-12,0.9999999999984861
2025-03-13,0.9999999999988646
2025-03-14,0.9624999999991485
2025-03-16,0.9343749999993614
2025-03-17,0.913281249999521
2025-03-18,0.8974609374996407
2025-03-19,0.8855957031247306
2025-03-20,0.876696777343548
2025-03-21,0.870022583007661
2025-03-23,0.8650169372557458
2025-03-24,0.8612627029418094
2025-03-25,0.858447027206357
2025-03-26,0.8563352704047678
2025-03-27,0.8547514528035759
2025-03-28,0.853563589602682
2025-03-30,0.8526726922020115
2025-03-31,0.8520045191515087
2025-04-01,0.8515033893636316
2025-04-02,0.8511275420227237
2025-04-03,0.8508456565170428
2025-04-04,0.8506342423877821
2025-04-06,0.8504756817908365
2025-04-07,0.8503567613431274
2025-04-08,0.8502675710073456
2025-04-09,0.8502006782555093
2025-04-10,0.850150508691632
2025-04-11,0.850112881518724
2025-04-13,0.850084661139043
2025-04-14,0.8500634958542823
2025-04-15,0.8500476218907117
2025-04-16,0.8500357164180338
2025-04-17,0.8500267873135253
2025-04-18,0.850020090485144
2025-04-20,0.850015067863858
2025-04-21,0.8500113008978936
2025-04-22,0.8500084756734202
2025-04-23,0.8500063567550652
2025-04-24,0.850004767566299
2025-04-25,0.8500035756747243
2025-04-27,0.8500026817560432
2025-04-28,0.8500020113170325
2025-04-29,0.8500015084877743
2025-04-30,0.8500011313658308
2025-05-01,0.8500008485243731
2025-05-02,0.8500006363932798
2025-05-04,0.8500004772949599
2025-05-05,0.85000035797122
2025-05-06,0.850000268478415
2025-05-07,0.8500002013588113
2025-05-08,0.8500001510191085
2025-05-09,0.8500001132643314
2025-05-11,0.8500000849482486
2025-05-12,0.8500000637111865
2025-05-13,0.8500000477833899
2025-05-14,0.8500000358375425
2025-05-15,0.8500000268781569
2025-05-16,0.8500000201586176
2025-05-18,0.8875000151189633
2025-05-19,0.9156250113392225
2025-05-20,0.9367187585044169
2025-05-21,0.9525390688783126
2025-05-22,0.9644043016587345
2025-05-23,0.9733032262440509
2025-05-25,0.9799774196830382
2025-05-26,0.9849830647622786
2025-05-27,0.9887372985717089
2025-05-28,0.9915529739287816
2025-05-29,0.9936647304465862
2025-05-30,0.9952485478349397
2025-06-01,0.9964364108762047
2025-06-02,0.9973273081571535
2025-06-03,0.9979954811178652
2025-06-04,0.9984966108383989
2025-06-05,0.9988724581287992
2025-06-06,0.9991543435965994
2025-06-08,0.9993657576974495
2025-06-09,0.9995243182730871
2025-06-10,0.9996432387048153
2025-06-11,0.9997324290286115
2025-06-12,0.9997993217714586
2025-06-13,0.9998494913285939
2025-06-15,0.9998871184964454
2025-06-16,0.9999153388723341
2025-06-17,0.9999365041542505
2025-06-18,0.9999523781156878
2025-06-19,0.9999642835867659
2025-06-20,0.9999732126900744
2025-06-22,0.9999799095175559
2025-06-23,0.9999849321381669
2025-06-24,0.9999886991036251
2025-06-25,0.9999915243277189
2025-06-26,0.9999936432457892
2025-06-27,0.999995232434342
2025-06-29,0.9999964243257564
2025-06-30,0.9999973182443174
2025-07-01,0.999997988683238
2025-07-02,0.9999984915124285
2025-07-03,0.9999988686343213
2025-07-04,0.9999991514757409
2025-07-06,0.9999993636068056
2025-07-07,0.9999995227051042
2025-07-08,0.9999996420288282
2025-07-09,0.9999997315216211
2025-07-10,0.9999997986412159
2025-07-11,0.9999998489809119
2025-07-13,0.9999998867356839
2025-07-14,0.9999999150517629
2025-07-15,0.9999999362888221
2025-07-16,0.9999999522166165
2025-07-17,0.9999999641624624
2025-07-18,0.9999999731218467
2025-07-20,0.962499979841385
2025-07-21,0.9343749848810388
2025-07-22,0.913281238660779
2025-07-23,0.8974609289955843
2025-07-24,0.8855956967466883
2025-07-25,0.9141967725600162
2025-07-27,0.9356475794200121
2025-07-28,0.9517356845650091
2025-07-29,0.9638017634237568
2025-07-30,0.9728513225678176
2025-07-31,0.9796384919258632
2025-08-01,0.9847288689443974
2025-08-03,0.988546651708298
2025-08-04,0.9914099887812236
2025-08-05,0.9935574915859177
2025-08-06,0.9951681186894382
2025-08-07,0.9963760890170786
2025-08-08,0.997282066762809
2025-08-10,0.9979615500721067
2025-08-11,0.9984711625540801
2025-08-12,0.9988533719155601
2025-08-13,0.9991400289366701
2025-08-14,0.9993550217025026
2025-08-15,0.999516266276877
2025-08-17,0.9996371997076577
2025-08-18,0.9997278997807433
2025-08-19,0.9997959248355575
2025-08-20,0.9998469436266681
2025-08-21,0.9998852077200011
2025-08-22,0.9999139057900008
2025-08-24,0.9999354293425007
2025-08-25,0.9999515720068755
2025-08-26,0.9999636790051566
2025-08-27,0.9999727592538674
2025-08-28,0.9999795694404006
2025-08-29,0.9999846770803005
2025-08-31,0.9999885078102253
2025-09-01,0.999991380857669
2025-09-02,0.9999935356432518
2025-09-03,0.9999951517324388
2025-09-04,0.9999963637993291
2025-09-05,0.9999972728494968
2025-09-07,0.9999979546371226
2025-09-08,0.9999984659778419
2025-09-09,0.9999988494833815
2025-09-10,0.9999991371125361
2025-09-11,0.999999352834402
2025-09-12,0.9999995146258015
2025-09-14,0.9999996359693512
2025-09-15,0.9999997269770133
2025-09-16,0.99999979523276
2025-09-17,0.99999984642457
2025-09-18,0.9999998848184275
2025-09-19,0.9999999136138207
2025-09-21,0.9999999352103655
2025-09-22,0.9999999514077741
2025-09-23,0.9999999635558305
2025-09-24,0.9999999726668729
2025-09-25,0.9999999795001546
2025-09-26,0.999999984625116
2025-09-28,0.999999988468837
2025-09-29,0.9999999913516278
2025-09-30,0.9999999935137208
2025-10-01,0.9999999951352906
2025-10-02,0.999999996351468
2025-10-03,0.999999997263601
2025-10-05,0.9999999979477008
2025-10-06,0.9999999984607756
2025-10-07,0.9999999988455817
2025-10-08,0.9999999991341862
2025-10-09,0.9999999993506397
2025-10-10,0.9999999995129798
2025-10-12,0.9999999996347348
2025-10-13,0.9999999997260511
2025-10-14,0.9999999997945384
2025-10-15,0.9999999998459037
2025-10-16,0.9999999998844278
2025-10-17,0.9999999999133209
2025-10-19,0.9999999999349907
2025-10-20,0.999999999951243
2025-10-21,0.9999999999634323
2025-10-22,0.9624999999725742
2025-10-23,0.9343749999794306
2025-10-24,0.9132812499845729
2025-10-26,0.8974609374884297
2025-10-27,0.8855957031163223
2025-10-28,0.8766967773372417
2025-10-29,0.8700225830029313
2025-10-30,0.8650169372521985
2025-10-31,0.861262702939149
