date,position
2020-01-03,
2020-01-06,0.0
2020-01-07,0.0
2020-01-08,0.0
2020-01-09,0.0
2020-01-10,0.0
2020-01-13,0.0
2020-01-14,0.0
2020-01-15,0.0
2020-01-16,0.0
2020-01-17,0.0
2020-01-20,0.0
2020-01-21,0.0
2020-01-22,0.0
2020-01-23,0.0
2020-01-24,0.0
2020-01-26,0.0
2020-01-27,0.0
2020-01-28,0.0
2020-01-29,0.0
2020-01-30,0.0
2020-01-31,0.0
2020-02-02,0.0
2020-02-03,0.0
2020-02-04,0.0
2020-02-05,0.0
2020-02-06,0.0
2020-02-07,0.0
2020-02-09,0.0
2020-02-10,0.0
2020-02-11,0.0
2020-02-12,0.0
2020-02-13,0.0
2020-02-14,0.0
2020-02-16,0.0
2020-02-17,0.0
2020-02-18,0.0
2020-02-19,0.0
2020-02-20,0.0
2020-02-21,0.0
2020-02-23,0.0
2020-02-24,0.0
2020-02-25,0.0
2020-02-26,0.0
2020-02-27,0.0
2020-02-28,0.0
2020-03-01,0.0
2020-03-02,0.0
2020-03-03,0.0
2020-03-04,0.0
2020-03-05,0.0
2020-03-06,0.0
2020-03-09,0.0
2020-03-10,0.0
2020-03-11,0.0
2020-03-12,0.0
2020-03-13,0.0
2020-03-15,0.0
2020-03-16,0.0
2020-03-17,0.0
2020-03-18,0.0
2020-03-19,0.0
2020-03-20,0.0
2020-03-22,0.0
2020-03-23,0.0
2020-03-24,0.0
2020-03-25,0.0
2020-03-26,0.0
2020-03-27,0.0
2020-03-30,0.0
2020-03-31,0.0
2020-04-01,0.0
2020-04-02,0.0
2020-04-03,0.0
2020-04-06,0.0
2020-04-07,0.0
2020-04-08,0.0
2020-04-09,0.0
2020-04-12,0.0
2020-04-13,0.0
2020-04-14,0.0
2020-04-15,0.0
2020-04-16,0.0
2020-04-17,0.0
2020-04-20,0.0
2020-04-21,0.0
2020-04-22,0.0
2020-04-23,0.0
2020-04-24,0.0
2020-04-26,0.0
2020-04-27,0.0
2020-04-28,0.0
2020-04-29,0.0
2020-04-30,0.0
2020-05-01,0.0
2020-05-03,0.0
2020-05-04,0.0
2020-05-05,0.0
2020-05-06,0.0
2020-05-07,0.0
2020-05-08,0.0
2020-05-10,0.0
2020-05-11,0.0
2020-05-12,0.0
2020-05-13,0.0
2020-05-14,0.0
2020-05-15,0.0
2020-05-17,0.0
2020-05-18,0.0
2020-05-19,0.0
2020-05-20,0.0
2020-05-21,0.0
2020-05-22,0.0
2020-05-25,0.0
2020-05-26,0.0
2020-05-27,0.0
2020-05-28,0.0
2020-05-29,0.0
2020-05-31,0.0
2020-06-01,0.0
2020-06-02,0.0
2020-06-03,0.0
2020-06-04,0.0
2020-06-05,0.0
2020-06-07,0.0
2020-06-08,0.0
2020-06-09,8.72995331017156
2020-06-10,8.574624392535807
2020-06-11,8.50482086323568
2020-06-12,8.114774164226777
2020-06-15,8.075121630345967
2020-06-16,7.414674627805875
2020-06-17,7.299390013225814
2020-06-18,7.509597008360041
2020-06-19,7.501996368644999
2020-06-21,7.362346514920121
2020-06-22,7.272465941685409
2020-06-23,7.3166708823181
2020-06-24,7.324558980671645
2020-06-25,7.332748684795344
2020-06-26,7.268297518584303
2020-06-28,7.302104026081539
2020-06-29,7.287207688796938
2020-06-30,7.346079113098219
2020-07-01,7.257969601795469
2020-07-02,7.195353054311494
2020-07-03,7.022922360092494
2020-07-06,6.938122409670963
2020-07-07,6.8911740031343385
2020-07-08,6.8448162385063025
2020-07-09,6.860939113833059
2020-07-10,6.7159861252459665
2020-07-12,6.671598855089083
2020-07-13,6.690002777083595
2020-07-14,6.633702552991954
2020-07-15,6.452951371704684
2020-07-16,6.511440113210625
2020-07-17,6.507102568718332
2020-07-20,6.427577155404873
2020-07-21,6.399100065223498
2020-07-22,6.320496859035004
2020-07-23,6.217201170686404
2020-07-24,6.292085225847241
2020-07-26,6.227121238409529
2020-07-27,6.226303422470626
2020-07-28,5.945157036695616
2020-07-29,5.9465526062485985
2020-07-30,5.87130131172383
2020-07-31,5.899200934348689
2020-08-02,5.940028138940501
2020-08-03,5.890697548851663
2020-08-04,5.725563532556366
2020-08-05,5.393007213893099
2020-08-06,5.41185075361756
2020-08-07,5.313833427800266
2020-08-10,5.437670115303708
2020-08-11,5.443810652915127
2020-08-12,5.502382860653457
2020-08-13,5.416798795850589
2020-08-14,5.791070381788216
2020-08-16,5.638151743069102
2020-08-17,5.644035802486094
2020-08-18,5.610446364998692
2020-08-19,5.510980491958017
2020-08-20,5.557781715881712
2020-08-21,5.5912914496863495
2020-08-23,5.558312271525137
2020-08-24,5.53891234439202
2020-08-25,5.439579674324722
2020-08-26,5.394218091759713
2020-08-27,5.349125848806763
2020-08-28,5.4520692795415115
2020-08-30,5.541363533458545
2020-08-31,5.522649427926099
2020-09-01,5.43658545440195
2020-09-02,5.432106648320656
2020-09-03,5.33285489732088
2020-09-04,5.329101319815326
2020-09-07,5.407133931707478
2020-09-08,5.375988014776975
2020-09-09,5.15380550071937
2020-09-10,5.123935656280648
2020-09-11,5.080538876659516
2020-09-14,4.968659629193039
2020-09-15,5.063640755683813
2020-09-16,5.0757457880465005
2020-09-17,5.640439758797283
2020-09-18,5.594858169847452
2020-09-20,5.507954102974658
2020-09-21,5.518585502296114
2020-09-22,5.334611181739383
2020-09-23,5.33234419128716
2020-09-24,5.399962762957646
2020-09-25,5.425565768645103
2020-09-28,5.409197456152844
2020-09-29,5.463103260878606
2020-09-30,5.460770619892487
2020-10-01,5.486689613813244
2020-10-02,5.569014100906234
2020-10-05,5.425341366410297
2020-10-06,5.550822842224852
2020-10-07,5.576919688129656
2020-10-08,5.673962591595702
2020-10-09,5.614565609014894
2020-10-12,5.569662594850544
2020-10-13,5.581985335954789
2020-10-14,5.380257566601498
2020-10-15,5.3507129792366905
2020-10-16,5.37861802266913
2020-10-18,5.3921990135046505
2020-10-19,5.319635893651796
2020-10-20,5.448788836738916
2020-10-21,5.404771163997867
2020-10-22,5.41868556392372
2020-10-23,5.461563042194192
2020-10-25,5.316206402828687
2020-10-26,5.30179215324797
2020-10-27,5.302018578815691
2020-10-28,5.1132129803245885
2020-10-29,5.1434622019345975
2020-10-30,5.275871640374612
2020-11-02,5.408049606343908
2020-11-03,5.1594570568930544
2020-11-04,5.424562275529717
2020-11-05,4.969764591124448
2020-11-06,5.03067631910172
2020-11-09,5.194627301606848
2020-11-10,5.3730343503291325
2020-11-11,5.536325559273924
2020-11-12,5.5809847504372625
2020-11-13,5.388656253184987
2020-11-15,5.448993544425997
2020-11-16,5.435000749919152
2020-11-17,6.0035910728359285
2020-11-18,5.809629934582899
2020-11-19,5.811288605079583
2020-11-20,5.876620022925618
2020-11-23,5.928212579603781
2020-11-24,5.950231482175211
2020-11-25,5.831448258968904
2020-11-26,5.583740809069679
2020-11-27,5.4949649977068225
2020-11-30,5.405663915264192
2020-12-01,5.415661290314178
2020-12-02,5.746291156552391
2020-12-03,5.676020237916015
2020-12-04,5.743781180564506
2020-12-06,5.709503821421053
2020-12-07,5.622702410040575
2020-12-08,5.499006019593491
2020-12-09,5.445825212136718
2020-12-10,5.431555836770869
2020-12-11,5.155281003531856
2020-12-13,4.702179838814485
2020-12-14,4.623218779018422
2020-12-15,4.543604792837194
2020-12-16,4.345072405236808
2020-12-17,4.956250243542312
2020-12-18,5.158884107068317
2020-12-21,5.182432454967934
2020-12-22,4.991277791359565
2020-12-23,4.883139474474968
2020-12-24,4.8878077328519804
2020-12-28,4.899717872249944
2020-12-29,4.844301602114362
2020-12-30,5.0149723166344975
2020-12-31,4.969931393092223
2021-01-03,4.770521967597274
2021-01-04,4.703073627882114
2021-01-05,4.7801340371436645
2021-01-06,4.758881761086148
2021-01-07,5.123590693585761
2021-01-08,6.430012957984816
2021-01-11,9.350613577736484
2021-01-12,9.980912636348968
2021-01-13,10.081492657268193
2021-01-14,9.583663256800104
2021-01-15,9.530645639887762
2021-01-17,9.649317073811279
2021-01-18,10.03109138506219
2021-01-19,10.779456837654244
2021-01-20,11.048580037778805
2021-01-21,10.56592544383953
2021-01-22,11.447652342025258
2021-01-24,12.5370078519081
2021-01-25,13.013830524932956
2021-01-26,11.960433657531969
2021-01-27,11.883653328166693
2021-01-28,12.410395252204777
2021-01-29,14.614198125634324
2021-01-31,15.432836383393482
2021-02-01,16.525824727813678
2021-02-02,17.33033598179732
2021-02-03,19.69531905678587
2021-02-04,23.225506584056387
2021-02-05,23.464577589369135
2021-02-07,24.372374957564162
2021-02-08,24.304897118116383
2021-02-09,26.595727413018885
2021-02-10,23.859730288559064
2021-02-11,20.70860995346425
2021-02-12,22.232866411532658
2021-02-14,26.09385897045354
2021-02-15,27.712509871352392
2021-02-16,28.982516790946615
2021-02-17,30.0
2021-02-18,29.046195427643692
2021-02-19,30.0
2021-02-21,30.0
2021-02-22,30.0
2021-02-23,30.0
2021-02-24,29.3494579736937
2021-02-25,30.0
2021-02-26,30.0
2021-02-28,30.0
2021-03-01,30.0
2021-03-02,30.0
2021-03-03,30.0
2021-03-04,30.0
2021-03-05,30.0
2021-03-07,30.0
2021-03-08,30.0
2021-03-09,30.0
2021-03-10,30.0
2021-03-11,30.0
2021-03-12,30.0
2021-03-14,30.0
2021-03-15,30.0
2021-03-16,30.0
2021-03-17,30.0
2021-03-18,30.0
2021-03-19,30.0
2021-03-21,30.0
2021-03-22,30.0
2021-03-23,30.0
2021-03-24,30.0
2021-03-25,30.0
2021-03-26,30.0
2021-03-28,30.0
2021-03-29,30.0
2021-03-30,30.0
2021-03-31,30.0
2021-04-01,30.0
2021-04-02,30.0
2021-04-04,30.0
2021-04-05,30.0
2021-04-06,30.0
2021-04-07,28.85308182414301
2021-04-08,27.260604777598285
2021-04-09,24.21298867089762
2021-04-11,25.784557715447104
2021-04-12,25.483334791941623
2021-04-13,26.365145931495153
2021-04-14,22.242542866154103
2021-04-15,22.850434593726984
2021-04-16,20.561053870333023
2021-04-18,20.43571826607334
2021-04-19,19.779141689849506
2021-04-20,19.043095400327847
2021-04-21,17.667840347179126
2021-04-22,17.742307430805326
2021-04-23,17.910854742469517
2021-04-25,19.271932996671925
2021-04-26,19.04668798594718
2021-04-27,19.146854715239733
2021-04-28,20.445686212715174
2021-04-29,18.930702503515246
2021-04-30,18.776284332619465
2021-05-02,18.002016687102557
2021-05-03,17.83727440465955
2021-05-04,16.377622059636032
2021-05-05,15.875588076263057
2021-05-06,15.32235191404747
2021-05-07,15.362055779647719
2021-05-09,12.862297790975452
2021-05-10,12.754544614360261
2021-05-11,12.220826864202747
2021-05-12,12.973342236912096
2021-05-13,16.435881786165645
2021-05-14,14.375766431362432
2021-05-16,14.787950407942416
2021-05-17,14.62285573919581
2021-05-18,14.8187188746065
2021-05-19,14.504650637892622
2021-05-20,15.767962124795842
2021-05-21,14.079917738555203
2021-05-23,14.132741628838804
2021-05-24,13.919625104208006
2021-05-25,12.856709976533303
2021-05-26,11.248802924524835
2021-05-27,11.658585673851986
2021-05-28,12.444612732127155
2021-05-30,12.283167381110383
2021-05-31,12.240732871239935
2021-06-01,12.19862490735478
2021-06-02,12.244484314602968
2021-06-03,11.386137955886406
2021-06-04,12.896133273225661
2021-06-06,10.694422886012703
2021-06-07,10.609612848380834
2021-06-08,10.962171489377472
2021-06-09,10.001725254654854
2021-06-10,9.019291682483962
2021-06-11,7.604373263790997
2021-06-13,9.235452672047547
2021-06-14,9.220446672958266
2021-06-15,10.141304127090677
2021-06-16,10.353861429844532
2021-06-17,22.054299974886383
2021-06-18,22.476845256402274
2021-06-20,22.009850855785636
2021-06-21,21.60948811711135
2021-06-22,21.41786060659651
2021-06-23,20.014432117404827
2021-06-24,21.67932577190074
2021-06-25,21.94857615521789
2021-06-28,22.394077318768794
2021-06-29,21.39930751106697
2021-06-30,21.34494813345757
2021-07-01,21.23802120238281
2021-07-02,21.60793495539167
2021-07-05,19.23972834352598
2021-07-06,19.02956993709734
2021-07-07,16.158238106272858
2021-07-08,15.615447998171694
2021-07-09,12.201615123871811
2021-07-12,15.115018182860707
2021-07-13,14.616842791596714
2021-07-14,17.712700778124052
2021-07-15,15.855768956151943
2021-07-16,15.246510718639982
2021-07-18,15.37073953457716
2021-07-19,14.92703510687037
2021-07-20,9.416760347941835
2021-07-21,8.30175037946415
2021-07-22,10.657702668119589
2021-07-23,9.506852055252171
2021-07-25,9.850644320342129
2021-07-26,9.773413064474337
2021-07-27,10.272441149347223
2021-07-28,9.092213466978478
2021-07-29,9.387530404702702
2021-07-30,10.417244559785722
2021-08-01,8.574113190416425
2021-08-02,8.504931329694298
2021-08-03,6.689655539455666
2021-08-04,5.751772442377981
2021-08-05,7.981912946974873
2021-08-06,10.54993684498992
2021-08-08,12.91252433105101
2021-08-09,13.075996457244361
2021-08-10,13.662597157300283
2021-08-11,14.928718206061578
2021-08-12,13.164543981977046
2021-08-13,13.907105829244973
2021-08-16,11.730008628069125
2021-08-17,10.657834680957816
2021-08-18,11.242045265456483
2021-08-19,11.370808767037811
2021-08-20,11.072533239641134
2021-08-23,11.76435373226208
2021-08-24,10.794094032691062
2021-08-25,11.571562781635741
2021-08-26,13.066215982412555
2021-08-27,13.12829319138438
2021-08-29,11.04311534347076
2021-08-30,10.961688154522038
2021-08-31,9.341969380067393
2021-09-01,9.325575288461902
2021-09-02,9.63585283518669
2021-09-03,8.500881813254818
2021-09-06,8.92756637673907
2021-09-07,8.804579115306923
2021-09-08,10.33428773987543
2021-09-09,10.150537707184522
2021-09-10,9.41244096178598
2021-09-12,10.512166981016819
2021-09-13,10.439749759531036
2021-09-14,9.947545686705814
2021-09-15,9.314987245882252
2021-09-16,14.83665128946309
2021-09-17,16.766510919311614
2021-09-20,17.775904552763294
2021-09-21,15.787694521429616
2021-09-22,15.473801977065468
2021-09-23,17.66853221230074
2021-09-24,21.860967324454137
2021-09-26,20.98675683102133
2021-09-27,20.655261221251337
2021-09-28,21.39440687360382
2021-09-29,21.485943620129998
2021-09-30,19.682212028823066
2021-10-01,18.383622570607756
2021-10-03,15.995669037970844
2021-10-04,15.76538728334384
2021-10-05,16.301419546658085
2021-10-06,17.91311532912583
2021-10-07,18.356147440608755
2021-10-08,19.97645814106037
2021-10-10,21.713603001730885
2021-10-11,21.5857783335611
2021-10-12,22.735740613474164
2021-10-13,22.63438725302727
2021-10-14,23.426392772049986
2021-10-15,21.636989984561264
2021-10-17,24.66673091480024
2021-10-18,24.876327251676102
2021-10-19,26.553677121862663
2021-10-20,25.68098214164872
2021-10-21,24.63019002356233
2021-10-22,27.680252924453214
2021-10-24,25.77281906140999
2021-10-25,25.47077135728202
2021-10-26,23.98400669937713
2021-10-27,24.255238274704976
2021-10-28,22.867566962821996
2021-10-29,21.887534350618225
2021-10-31,22.576361618481002
2021-11-01,22.859046327572937
2021-11-02,23.301380244656084
2021-11-03,21.491720005540497
2021-11-04,23.156242482142602
2021-11-05,19.675738785238558
2021-11-07,16.59172975761813
2021-11-08,16.513921887462807
2021-11-09,19.38486604252803
2021-11-10,18.838747296298514
2021-11-11,24.008088863496887
2021-11-12,25.23476697503972
2021-11-14,24.362980825118157
2021-11-15,24.099185028200854
2021-11-16,24.846076061114882
2021-11-17,25.018741314950404
2021-11-18,23.18491302337703
2021-11-19,22.359401413935053
2021-11-21,23.168904050526933
2021-11-22,22.814829062454475
2021-11-23,26.06618748683081
2021-11-24,25.93029273866498
2021-11-25,26.211319389780357
2021-11-26,24.348546047906638
2021-11-28,19.863804340455587
2021-11-29,20.813697546105466
2021-11-30,18.90825829336875
2021-12-01,19.8366822286934
2021-12-02,18.233475364345026
2021-12-03,20.052316941733224
2021-12-05,18.401107583158264
2021-12-06,19.026226835336576
2021-12-07,19.681708263906692
2021-12-08,20.875578171272085
2021-12-09,21.699999825967954
2021-12-10,20.869323462374737
2021-12-12,19.800919931027973
2021-12-13,19.580312267854755
2021-12-14,17.03776891066965
2021-12-15,17.35464979115799
2021-12-16,13.222916085248608
2021-12-17,9.3063374980044
2021-12-19,9.414188602794768
2021-12-20,9.171559496195345
2021-12-21,9.58765411077675
2021-12-22,10.9927665251149
2021-12-23,10.744286686993298
2021-12-26,10.914140412868104
2021-12-27,11.004557437042005
2021-12-28,10.720408750337429
2021-12-29,9.595149918932147
2021-12-30,10.901097630040644
2021-12-31,9.95303935235429
2022-01-02,10.74660623309833
2022-01-03,10.707129275548706
2022-01-04,12.87511777654297
2022-01-05,13.348920403333205
2022-01-06,14.612717764677711
2022-01-07,15.926371307852499
2022-01-09,17.945414372304217
2022-01-10,18.12270679931742
2022-01-11,18.00430274483707
2022-01-12,17.150509686989032
2022-01-13,16.163294546423494
2022-01-14,14.71498078446029
2022-01-16,16.817688813731817
2022-01-17,16.907650733939686
2022-01-18,16.7348874157547
2022-01-19,17.675362077506975
2022-01-20,17.254807452349453
2022-01-21,14.598033785893985
2022-01-23,14.064822834177214
2022-01-24,13.900072640873145
2022-01-25,12.678859355747328
2022-01-26,11.854206865835382
2022-01-27,13.740792884196132
2022-01-28,12.233374968668214
2022-01-30,10.620330762219597
2022-01-31,10.411602125986906
2022-02-01,8.803223255722934
2022-02-02,9.854591900385405
2022-02-03,9.719067476685273
2022-02-04,10.981980366157346
2022-02-06,12.22930189879077
2022-02-07,12.503899807861558
2022-02-08,12.732525268790987
2022-02-09,13.723806029148736
2022-02-10,13.542472546373466
2022-02-11,11.734860672484832
2022-02-13,10.48258661302354
2022-02-14,10.400009735439447
2022-02-15,11.807028219970741
2022-02-16,12.55953482765285
2022-02-17,12.932943054375073
2022-02-18,10.745172646480139
2022-02-20,10.868902901886097
2022-02-21,10.474038538328191
2022-02-22,9.977346693303218
2022-02-23,10.686975585203758
2022-02-24,11.825528492922695
2022-02-25,12.826325191759185
2022-02-27,12.825321854181231
2022-02-28,11.44062170065357
2022-03-01,10.212690380530525
2022-03-02,4.582706661264603
2022-03-03,6.990058422931336
2022-03-04,6.990193570904715
2022-03-06,3.294708193762248
2022-03-07,1.1497258996105117
2022-03-08,4.247675226998441
2022-03-09,7.759252931273068
2022-03-10,9.952096033719732
2022-03-11,11.094332630203276
2022-03-13,11.691536787121844
2022-03-14,13.097510458010193
2022-03-15,15.910179659777548
2022-03-16,16.412517649143098
2022-03-17,1.5327121952970852
2022-03-18,-0.6223600581973983
2022-03-20,-1.3423975733476265
2022-03-21,-1.059411008999606
2022-03-22,0.30601456279166217
2022-03-23,0.9992980363767552
2022-03-24,-0.7397889813043322
2022-03-25,-0.39723821305829066
2022-03-27,2.9207773992534127
2022-03-28,3.3252357687894434
2022-03-29,3.888861851624103
2022-03-30,3.844010956066964
2022-03-31,3.010743762788232
2022-04-01,3.3087702046181575
2022-04-03,4.568118073797629
2022-04-04,5.202379787272432
2022-04-05,3.617497025363154
2022-04-06,6.333385168773416
2022-04-07,5.177980692983202
2022-04-08,4.753034942565364
2022-04-10,6.784571952386795
2022-04-11,7.423457685444716
2022-04-12,8.00813579829842
2022-04-13,4.274980169078538
2022-04-14,2.774812074532488
2022-04-17,5.550392014596743
2022-04-18,5.796457765096034
2022-04-19,5.993141364313907
2022-04-20,9.888900547908658
2022-04-21,7.226861412424995
2022-04-22,8.217571414797499
2022-04-24,4.638187197836864
2022-04-25,4.383784789436542
2022-04-26,2.7660191142368338
2022-04-27,0.3500533874558344
2022-04-28,2.151500205668269
2022-04-29,3.060381338700654
2022-05-01,3.3083528464822707
2022-05-02,3.3934645004024704
2022-05-03,6.406186630814318
2022-05-04,5.1348719764883235
2022-05-05,3.895385261819144
2022-05-06,5.9316149133436085
2022-05-08,6.825214779283209
2022-05-09,6.598717718899439
2022-05-10,3.2491972961301987
2022-05-11,2.162178374416749
2022-05-12,1.0668941145094966
2022-05-13,-1.8869925887079044
2022-05-15,-1.2380246066739502
2022-05-16,-0.7716158236206652
2022-05-17,-4.259006886011557
2022-05-18,0.1653313418504118
2022-05-19,-2.5537570210869753
2022-05-20,-4.442621521589352
2022-05-22,-6.558342879302047
2022-05-23,-6.312660716012095
2022-05-24,-5.028287906126304
2022-05-25,-7.240932649488479
2022-05-26,-7.609788857710366
2022-05-27,-7.047336039115974
2022-05-29,-6.364112555084618
2022-05-30,-6.318174924476454
2022-05-31,-5.344523918128789
2022-06-01,-6.910619735688664
2022-06-02,-3.3750671670301995
2022-06-03,-3.666594213682836
2022-06-05,-3.0502345894976473
2022-06-06,-2.9531589691137423
2022-06-07,2.3363953240886284
2022-06-08,1.6425672280623185
2022-06-09,2.4887544503370944
2022-06-10,3.218356331078746
2022-06-12,6.622160942431048
2022-06-13,6.569160153816637
2022-06-14,2.0208980581064786
2022-06-15,4.131631206523258
2022-06-16,-12.815497510400487
2022-06-17,-12.80057240493294
2022-06-19,-12.784263562647066
2022-06-20,-12.839949215575738
2022-06-21,-12.839886559230484
2022-06-22,-12.835157803244726
2022-06-23,-12.855466783439747
2022-06-24,-12.852252999825186
2022-06-26,-12.789204333769991
2022-06-27,-12.827930502987476
2022-06-28,-12.825710584197342
2022-06-29,-12.881058331509383
2022-06-30,-12.815083982653032
2022-07-01,-12.786140079516805
2022-07-03,-12.805922350725714
2022-07-04,-12.816206753346975
2022-07-05,-12.828426094974894
2022-07-06,-12.862178019755586
2022-07-07,-12.757016338602455
2022-07-08,-12.737747064072412
2022-07-10,-12.751272618862735
2022-07-11,-12.7747041495657
2022-07-12,-12.779810856597432
2022-07-13,-12.783224369771325
2022-07-14,-12.566252972441625
2022-07-15,-12.4958739888935
2022-07-17,-12.472324277341684
2022-07-18,-12.470704137488603
2022-07-19,-11.873288722458298
2022-07-20,-11.378073025892752
2022-07-21,-11.223328485478252
2022-07-22,-12.087567593637162
2022-07-24,-12.426728379310152
2022-07-25,-12.085415594021763
2022-07-26,-3.034445187276539
2022-07-27,-2.587010887598281
2022-07-28,-2.876712360198252
2022-07-29,-3.6743147565842764
2022-07-31,-3.6638028686851967
2022-08-01,-3.418555066393794
2022-08-02,-2.519871273850689
2022-08-03,-1.1643863269231807
2022-08-04,-0.7931264485355866
2022-08-05,-1.1860313507862321
2022-08-07,0.13559325432144392
2022-08-08,0.3250444094632534
2022-08-09,1.3807946362373555
2022-08-10,1.8864366301321618
2022-08-11,1.6697830722336557
2022-08-12,1.9515121726146722
2022-08-14,2.2185781845140427
2022-08-15,2.2566355127515694
2022-08-16,1.73010553054509
2022-08-17,2.236589408191303
2022-08-18,0.41885172252785685
2022-08-19,-0.0491439406732279
2022-08-21,0.2642767839969668
2022-08-22,0.3742327814810197
2022-08-23,0.8642673932361891
2022-08-24,0.7832409849827657
2022-08-25,0.9610866359621638
2022-08-26,0.967215414090165
2022-08-28,1.190872566996046
2022-08-29,1.9640037311547718
2022-08-30,1.6168320643577843
2022-08-31,1.081746222080409
2022-09-01,1.589382008666123
2022-09-02,1.6791607132098083
2022-09-04,0.7045032369591288
2022-09-05,0.6846133915434381
2022-09-06,1.1415416107293408
2022-09-07,1.6237900217587677
2022-09-08,0.9128133641621673
2022-09-09,1.3634906747566993
2022-09-11,1.7209478489475942
2022-09-12,1.6832355639850747
2022-09-13,1.6150474790296874
2022-09-14,3.2069427574138896
2022-09-15,3.8371955610195756
2022-09-16,4.486338981254693
2022-09-18,4.259668669516553
2022-09-19,4.322350262070866
2022-09-20,4.840753611406062
2022-09-21,5.055923744710093
2022-09-22,1.876166149928245
2022-09-23,1.583541567597272
2022-09-25,2.3821786942596956
2022-09-26,2.832952318200358
2022-09-27,3.163485949510704
2022-09-28,1.647391857561494
2022-09-29,0.545652250149945
2022-09-30,0.8063711466228032
2022-10-02,1.419405841865382
2022-10-03,0.9882324164930055
2022-10-04,0.7855296603311661
2022-10-05,0.6433516006464165
2022-10-06,1.407549751088786
2022-10-07,3.7567445993854536
2022-10-09,4.657494553716805
2022-10-10,4.46510653159215
2022-10-11,4.796134843662079
2022-10-12,4.2797544807155665
2022-10-13,3.7317385023088883
2022-10-14,6.268895397113697
2022-10-16,6.841125029066252
2022-10-17,6.604961271047935
2022-10-18,6.095689794840658
2022-10-19,6.090397419633263
2022-10-20,2.1613166709524503
2022-10-21,1.9348322391670056
2022-10-23,0.06001960189901749
2022-10-24,-0.1873822827021106
2022-10-25,-0.19571890134482042
2022-10-26,-0.6345582669077737
2022-10-27,-1.3446006190078013
2022-10-28,-3.1792698284691094
2022-10-30,-1.0268439311385722
2022-10-31,-0.702852582349263
2022-11-01,2.1726390880835016
2022-11-02,3.1831179989961553
2022-11-03,4.766983084881179
2022-11-04,5.492650575372012
2022-11-06,4.521302967403103
2022-11-07,4.750278708322812
2022-11-08,5.348605483434438
2022-11-09,4.16140324468882
2022-11-10,3.2386408044258115
2022-11-11,-0.7929916781364309
2022-11-13,-0.8774892003467415
2022-11-14,-0.006125405552411376
2022-11-15,-0.05902826237373557
2022-11-16,-1.0441331071697761
2022-11-17,-6.145046733135442
2022-11-18,-4.785241440962376
2022-11-20,-3.914857006322378
2022-11-21,-4.090941893799303
2022-11-22,-3.838884246408276
2022-11-23,-4.379066699759128
2022-11-24,-4.4762960883543235
2022-11-25,-5.387114269346611
2022-11-27,-5.12564248118749
2022-11-28,-5.217971936552563
2022-11-29,-5.279122131374891
2022-11-30,-4.887060112698806
2022-12-01,-6.511741814250117
2022-12-02,-6.963175296365602
2022-12-04,-6.745472439521368
2022-12-05,-6.679313436855554
2022-12-06,-5.4582791754032085
2022-12-07,-5.725963788995028
2022-12-08,-6.641991307621094
2022-12-09,-6.122785638662929
2022-12-11,-5.748770218669452
2022-12-12,-5.643938238618878
2022-12-13,-5.524361511725495
2022-12-14,-7.027561411727513
2022-12-15,-7.049529873140224
2022-12-16,-6.597568769003476
2022-12-18,-6.990972127653252
2022-12-19,-6.678312587065742
2022-12-20,-6.340069456893591
2022-12-21,-6.138484621626951
2022-12-22,-9.667313851150015
2022-12-23,-9.099476100093485
2022-12-26,-9.27176914649796
2022-12-27,-9.027106959133125
2022-12-28,-8.715682745687417
2022-12-29,-8.400265580897202
2022-12-30,-8.197558421054708
2023-01-02,-5.161131455670729
2023-01-03,-5.392427789020906
2023-01-04,-5.659468781829338
2023-01-05,-5.614847367328118
2023-01-06,-4.793639759834489
2023-01-08,-6.244876977452184
2023-01-09,-6.0489940918109895
2023-01-10,-6.488032670987431
2023-01-11,-6.294200403890742
2023-01-12,-6.413994206856266
2023-01-13,-6.951327684997282
2023-01-15,-6.12204889520674
2023-01-16,-6.239239295156344
2023-01-17,-6.210743252713158
2023-01-18,-6.51571140873775
2023-01-19,-9.673182234762036
2023-01-20,-9.172813110789907
2023-01-22,-8.686638130693092
2023-01-23,-8.461527722238253
2023-01-24,-8.149811500018838
2023-01-25,-8.156962954746684
2023-01-26,-8.482979494415583
2023-01-27,-7.921791471616407
2023-01-29,-7.64675403118687
2023-01-30,-7.50276683447385
2023-01-31,-4.538734127122523
2023-02-01,-5.286452491812903
2023-02-02,-5.993241266074244
2023-02-03,-5.983973624525796
2023-02-05,-4.365746470293808
2023-02-06,-3.9385619481667877
2023-02-07,-3.591884628768631
2023-02-08,-3.601110145062263
2023-02-09,-3.6773740469607894
2023-02-10,-3.220716869064734
2023-02-12,-2.739028568997842
2023-02-13,-2.8429924315159005
2023-02-14,-2.714721365302507
2023-02-15,-1.6805466484585638
2023-02-16,-4.37228854529066
2023-02-17,-4.475821979857442
2023-02-19,-4.773840865109593
2023-02-20,-4.6151993393316895
2023-02-21,-4.451678292807325
2023-02-22,-3.925210263795819
2023-02-23,-3.8980335437026308
2023-02-24,-3.8247098116913674
2023-02-26,-2.7333227295342173
2023-02-27,-2.7896074245291724
2023-02-28,-2.7336095403409075
2023-03-01,-2.470802295114507
2023-03-02,-2.12220088946428
2023-03-03,-1.9315623746927915
2023-03-05,-2.26201498093667
2023-03-06,-2.2121586868007674
2023-03-07,-2.115635254047316
2023-03-08,-1.814710261274156
2023-03-09,-1.8143181632651302
2023-03-10,-3.615180029787181
2023-03-12,-5.109672245150917
2023-03-13,-5.037915257405837
2023-03-14,-7.582138631316864
2023-03-15,-5.72658089953278
2023-03-16,-8.128083208991146
2023-03-17,-7.2398556632279005
2023-03-19,-6.543528737108413
2023-03-20,-6.06655865431882
2023-03-21,-5.966695859059289
2023-03-22,-4.739875403478346
2023-03-23,-5.538105710357114
2023-03-24,-6.224781618004919
2023-03-26,-6.372814039614131
2023-03-27,-6.111465102874939
2023-03-28,-5.098853866910653
2023-03-29,-4.420680464754045
2023-03-30,-4.30904423759353
2023-03-31,-4.193449046074989
2023-04-02,-4.4351323460594605
2023-04-03,-4.583472954603009
2023-04-04,-4.05126018828988
2023-04-05,-4.4995981238654315
2023-04-06,-4.6789626180751425
2023-04-07,-4.369139080051516
2023-04-09,-3.7961874581188426
2023-04-10,-3.896988432760131
2023-04-11,-3.710994134696477
2023-04-12,-3.666907426472306
2023-04-13,-3.9000740909894143
2023-04-14,-4.011288526074719
2023-04-16,-3.508902166742281
2023-04-17,-3.425130773401587
2023-04-18,-2.7864157196245567
2023-04-19,-2.6686089712712078
2023-04-20,-4.291457724962528
2023-04-21,-4.677662945340299
2023-04-23,-4.636723696022501
2023-04-24,-4.599906359180765
2023-04-25,-5.079478502333118
2023-04-26,-5.321550367260467
2023-04-27,-5.596093075989547
2023-04-28,-5.015548244201123
2023-04-30,-5.117048880909449
2023-05-01,-5.315311732758159
2023-05-02,-3.841871946244907
2023-05-03,-4.361447916601079
2023-05-04,-4.871010808011308
2023-05-05,-5.300553697204939
2023-05-07,-4.67540846683059
2023-05-08,-4.601350429714955
2023-05-09,-4.366667534658229
2023-05-10,-4.374646717033725
2023-05-11,-4.652321170425436
2023-05-12,-4.657113366724667
2023-05-14,-4.4998290357075845
2023-05-15,-4.480415820904442
2023-05-16,-4.3600280885236655
2023-05-17,-4.155674761567103
2023-05-18,-5.409636038712166
2023-05-19,-4.955118019536937
2023-05-21,-4.847291625029212
2023-05-22,-4.872070550907471
2023-05-23,-4.744869489878754
2023-05-24,-4.861942412730245
2023-05-25,-4.473859806676147
2023-05-26,-4.319218448041763
2023-05-28,-4.358525917894643
2023-05-29,-4.855292890633196
2023-05-30,-5.040503395967287
2023-05-31,-5.795277423198196
2023-06-01,-5.973762494930243
2023-06-02,-6.183157794626321
2023-06-04,-5.320304708932214
2023-06-05,-5.291476024569127
2023-06-06,-5.868043748019814
2023-06-07,-5.418350910395405
2023-06-08,-4.938451238174661
2023-06-09,-4.246759677263269
2023-06-11,-3.719764353853796
2023-06-12,-3.5323343011390387
2023-06-13,-3.7839413083932842
2023-06-14,-2.6991718493798507
2023-06-15,-1.8697816826933478
2023-06-16,-1.9912417926106598
2023-06-18,-1.6409303976024876
2023-06-19,-1.7109887952424276
2023-06-20,-1.3056384329442174
2023-06-21,-1.6851957916216689
2023-06-22,-4.237350174561245
2023-06-23,-3.744294849514897
2023-06-25,-4.059496277014577
2023-06-26,-4.158884966813372
2023-06-27,-3.9589339391043934
2023-06-28,-3.238837755637602
2023-06-29,-3.4797033220472753
2023-06-30,-2.2077082076651457
2023-07-02,-1.950750477506129
2023-07-03,-1.9292036106136863
2023-07-04,-0.24476607389033933
2023-07-05,-0.47478700598394913
2023-07-06,-0.175482146119673
2023-07-07,0.1792070988731391
2023-07-09,0.026286328370089287
2023-07-10,0.023507884061739596
2023-07-11,-0.425042625754751
2023-07-12,-0.14716803085696434
2023-07-13,-0.9810800720138357
2023-07-14,-1.5187807370677073
2023-07-16,-0.8620492814671646
2023-07-17,-0.8793837509780541
2023-07-18,-1.1514293520669203
2023-07-19,-0.7911804915323825
2023-07-20,-3.6725146069199632
2023-07-21,-3.075308188330212
2023-07-23,-2.9277686047250033
2023-07-24,-2.8602258856365093
2023-07-25,-2.13581420055093
2023-07-26,-2.178308278698283
2023-07-27,-2.3495494840984534
2023-07-28,-1.3114154376168488
2023-07-30,-1.792124172021296
2023-07-31,-1.856311748962494
2023-08-01,0.12479250778850855
2023-08-02,0.11898623769631266
2023-08-03,0.05608414030572049
2023-08-04,0.19742767421370644
2023-08-06,-0.2731453291020359
2023-08-07,-0.0017275214648284276
2023-08-08,-0.11578678629429877
2023-08-09,-0.10591974786773133
2023-08-10,0.28570174449498376
2023-08-11,0.39935518409594534
2023-08-13,0.7791829917788997
2023-08-14,0.9533279765096866
2023-08-15,1.5493366429769575
2023-08-16,1.4622450940574077
2023-08-17,-1.268521810384351
2023-08-18,-1.8408857113935382
2023-08-20,-1.5644131147314937
2023-08-21,-1.45956868682024
2023-08-22,-0.5957149299797521
2023-08-23,-0.22308464099243733
2023-08-24,-0.9035486796973395
2023-08-25,-0.19990571687576444
2023-08-27,0.9216025515015752
2023-08-28,1.2253430762985122
2023-08-29,0.7782006250538881
2023-08-30,-0.20743883215566775
2023-08-31,-0.6087199217105506
2023-09-01,-0.7310996021466114
2023-09-03,-0.41199225411978285
2023-09-04,-0.36376391973420874
2023-09-05,0.2096693764148915
2023-09-06,1.287455195404179
2023-09-07,2.6684153778286834
2023-09-08,2.1302515376279016
2023-09-10,2.947043578192751
2023-09-11,3.213936782495154
2023-09-12,3.214154362035975
2023-09-13,4.294520011501406
2023-09-14,3.7677288920093974
2023-09-15,5.410907213926734
2023-09-17,6.094736747668611
2023-09-18,5.945414928472776
2023-09-19,6.573202031129113
2023-09-20,7.643107724017531
2023-09-21,2.959474787694198
2023-09-22,1.4559116539402581
2023-09-24,1.0975609078120794
2023-09-25,1.1258117096851883
2023-09-26,1.6491869166321547
2023-09-27,1.228913540531905
2023-09-28,2.9158204642854013
2023-09-29,0.707139627623001
2023-10-01,0.7065439416979641
2023-10-02,2.217929911827498
2023-10-03,7.401656515672711
2023-10-04,7.515708178042933
2023-10-05,5.436729004553139
2023-10-06,4.928499518030337
2023-10-08,6.0508874141544435
2023-10-09,4.447351823895592
2023-10-10,3.1746626024932163
2023-10-11,3.8401110194438677
2023-10-12,4.648000711251165
2023-10-13,6.670444823727798
2023-10-15,6.035214414119805
2023-10-16,6.439408521106512
2023-10-17,6.988762023563969
2023-10-18,10.19502480194388
2023-10-19,4.052423702746867
2023-10-20,2.092983910812464
2023-10-22,-0.8179390111085388
2023-10-23,-0.14992713532463964
2023-10-24,-1.3329145854859694
2023-10-25,0.2582202240764339
2023-10-26,1.5419299949220373
2023-10-27,-0.5279037118164381
2023-10-29,-1.385603787727316
2023-10-30,-0.546736865249332
2023-10-31,4.2914361050270164
2023-11-01,5.238083899903772
2023-11-02,1.8541495702928334
2023-11-03,3.0420745046426023
2023-11-05,-0.44402487615638286
2023-11-06,-0.16890053317432044
2023-11-07,1.51505458030849
2023-11-08,1.3979779842065185
2023-11-09,1.9367607341643307
2023-11-10,3.48142107606259
2023-11-12,3.9914914705116606
2023-11-13,3.933889791845332
2023-11-14,4.359017640550348
2023-11-15,-0.4567724971577619
2023-11-16,-5.907597726933722
2023-11-17,-7.918145017044861
2023-11-19,-6.49411241357407
2023-11-20,-6.376101661090512
2023-11-21,-5.864459407540085
2023-11-22,-6.286301961103429
2023-11-23,-5.355438620574829
2023-11-24,-4.499948307105781
2023-11-26,-3.9433744898444623
2023-11-27,-3.6138580192504186
2023-11-28,-4.956813504587017
2023-11-29,-10.168425141747534
2023-11-30,-12.795997264912389
2023-12-01,-12.917770770558468
2023-12-03,-17.507220895138772
2023-12-04,-16.91322309191214
2023-12-05,-15.787566089165402
2023-12-06,-16.467089156183892
2023-12-07,-14.930124471430306
2023-12-08,-15.155512237646144
2023-12-10,-10.266369768272181
2023-12-11,-9.90828599453376
2023-12-12,-10.367796588053203
2023-12-13,-9.761526931263845
2023-12-14,-17.043654818564917
2023-12-15,-18.85832795277806
2023-12-17,-16.27346280525392
2023-12-18,-16.390288837114042
2023-12-19,-16.110620791959768
2023-12-20,-16.584122795173087
2023-12-21,-21.051052606090224
2023-12-22,-21.057372947578724
2023-12-25,-21.082749092362143
2023-12-26,-21.08655003989969
2023-12-27,-20.859960886452548
2023-12-28,-21.076912249614587
2023-12-29,-20.778796328318684
2024-01-01,-16.41201749906345
2024-01-02,-16.194456634321316
2024-01-03,-15.309785279966107
2024-01-04,-14.910537177973879
2024-01-05,-13.541152961878037
2024-01-07,-13.95155008014247
2024-01-08,-13.215456135563066
2024-01-09,-13.765099489071439
2024-01-10,-13.990012002693785
2024-01-11,-14.097296298361426
2024-01-12,-15.846371537977113
2024-01-14,-17.49270452483668
2024-01-15,-17.16657030900969
2024-01-16,-16.867994103112284
2024-01-17,-15.796357419036799
2024-01-18,-16.02091724263383
2024-01-19,-16.177375928596792
2024-01-21,-14.7667874071243
2024-01-22,-14.337300976202961
2024-01-23,-14.489382974072916
2024-01-24,-14.742359939887141
2024-01-25,-13.946832534241251
2024-01-26,-15.40258279950292
2024-01-28,-13.89519174815585
2024-01-29,-13.83852832563658
2024-01-30,-14.071036142748968
2024-01-31,-13.657218332518491
2024-02-01,-15.529048397169719
2024-02-02,-16.238744797396865
2024-02-04,-9.229157267296321
2024-02-05,-8.86348108560041
2024-02-06,-8.297556095645305
2024-02-07,-8.778299894266837
2024-02-08,-8.461493556491174
2024-02-09,-7.377537200298534
2024-02-11,-6.78146863503738
2024-02-12,-6.873571031021779
2024-02-13,-6.874283621652621
2024-02-14,-4.675912916969449
2024-02-15,-5.468595383823513
2024-02-16,-5.426420653469659
2024-02-18,-5.081376259264639
2024-02-19,-4.898972109975771
2024-02-20,-4.984212864238237
2024-02-21,-5.242940438047862
2024-02-22,-4.572378141665233
2024-02-23,-3.911866872630528
2024-02-25,-3.993267030993436
2024-02-26,-3.942630712415656
2024-02-27,-3.596622083294864
2024-02-28,-3.7756224778500638
2024-02-29,-4.538701172686026
2024-03-01,-4.957245956034197
2024-03-03,-5.933545940099624
2024-03-04,-5.710524677748652
2024-03-05,-4.656909442747637
2024-03-06,-6.944793795254444
2024-03-07,-6.724889291719688
2024-03-08,-7.621755575709834
2024-03-10,-8.373980991783183
2024-03-11,-8.135536665458574
2024-03-12,-7.105810789999156
2024-03-13,-5.803790863476655
2024-03-14,-4.6495399871075564
2024-03-15,-3.781603950334942
2024-03-17,-3.02401370625744
2024-03-18,-2.9980378548803985
2024-03-19,-2.7224263440371637
2024-03-20,-2.492404716949391
2024-03-21,-9.698341157824323
2024-03-22,-8.406214357967164
2024-03-24,-9.426542061686128
2024-03-25,-9.240651451416111
2024-03-26,-8.475275812555598
2024-03-27,-8.110504307886323
2024-03-28,-7.806861410422392
2024-03-31,-6.987793066083861
2024-04-01,-7.67548663335796
2024-04-02,-3.006045597824822
2024-04-03,-3.0482375318100248
2024-04-04,-3.5094035419370875
2024-04-05,-3.634606094678198
2024-04-07,-2.2245589058706927
2024-04-08,-2.0132137115814404
2024-04-09,-1.6434028387842654
2024-04-10,-2.3177197249307326
2024-04-11,1.6636898837164311
2024-04-12,1.705916952407574
2024-04-14,1.0623696067257755
2024-04-15,0.9672361886847867
2024-04-16,1.57497004951705
2024-04-17,2.151149335248564
2024-04-18,1.9609302981731345
2024-04-19,2.7427835698421847
2024-04-21,3.034527219819563
2024-04-22,3.1386555520341815
2024-04-23,2.6312803812322243
2024-04-24,1.7627546730773154
2024-04-25,2.1302169455731574
2024-04-26,3.994023817003531
2024-04-28,4.131200008071429
2024-04-29,4.004806336248024
2024-04-30,6.45369734572916
2024-05-01,7.547195677337274
2024-05-02,6.549435177896931
2024-05-03,5.368540316752384
2024-05-05,4.241574394025425
2024-05-06,4.317612255502337
2024-05-07,4.678078422683145
2024-05-08,4.565400015452743
2024-05-09,4.79835350516232
2024-05-10,4.488560200638804
2024-05-12,5.245178271998658
2024-05-13,5.169755951784375
2024-05-14,5.0675420719170505
2024-05-15,4.82817505321128
2024-05-16,-1.245515606298053
2024-05-17,0.346294146193171
2024-05-19,1.0492651766788992
2024-05-20,0.9950823861270383
2024-05-21,1.6261057950340951
2024-05-22,1.169737215554723
2024-05-23,1.9952835566949059
2024-05-24,3.1911559310676156
2024-05-26,3.4890559212449688
2024-05-27,3.596283661331015
2024-05-28,3.470569178895897
2024-05-29,4.275026038110315
2024-05-30,4.487956418184449
2024-05-31,3.5985648922610043
2024-06-02,2.662366509602309
2024-06-03,2.7411055115785286
2024-06-04,1.1437121749612178
2024-06-05,-0.0374231797288169
2024-06-06,-1.0212972467451285
2024-06-07,-1.1628499784658781
2024-06-09,2.4853489430078586
2024-06-10,2.7189885788346535
2024-06-11,2.2632964798731114
2024-06-12,1.5704979874896872
2024-06-13,-0.7125731017016618
2024-06-14,-2.246408340319063
2024-06-16,-2.942088931238604
2024-06-17,-2.5432415660387213
2024-06-18,-1.4128254215449747
2024-06-19,-2.408868789618485
2024-06-20,-8.469916801476757
2024-06-21,-7.3507167283378845
2024-06-23,-7.870447231617897
2024-06-24,-7.786975133457426
2024-06-25,-7.892294255155905
2024-06-26,-7.055459252438052
2024-06-27,-5.27792022552437
2024-06-28,-6.319974391407568
2024-06-30,-5.18038481292572
2024-07-01,-5.540316254430545
2024-07-02,-1.9328428434507405
2024-07-03,-2.1069248944136505
2024-07-04,-2.6850375154001775
2024-07-05,-2.4738438519362167
2024-07-07,-4.877707851612898
2024-07-08,-4.507079773038562
2024-07-09,-4.28992719188511
2024-07-10,-4.248060985271726
2024-07-11,-4.483275885375996
2024-07-12,-7.184465018787055
2024-07-14,-8.582566453846464
2024-07-15,-8.254209353891119
2024-07-16,-9.28885809767595
2024-07-17,-9.21553238973761
2024-07-18,-14.94589796022119
2024-07-19,-13.325359458297264
2024-07-21,-12.080181384426291
2024-07-22,-12.130517187285045
2024-07-23,-11.79475182359825
2024-07-24,-12.182843345137949
2024-07-25,-13.050950168362917
2024-07-26,-12.711338273321381
2024-07-28,-13.381993161749632
2024-07-29,-13.25130027854668
2024-07-30,-12.674427482654735
2024-07-31,-13.710402589838699
2024-08-01,-16.148316358261077
2024-08-02,-19.501896019029104
2024-08-04,-25.861970875190092
2024-08-05,-25.967451093580152
2024-08-06,-20.2208730139146
2024-08-07,-19.947066431479893
2024-08-08,-20.82184809357714
2024-08-09,-19.067988266736887
2024-08-11,-18.67270455177578
2024-08-12,-18.365127433170827
2024-08-13,-17.85594765598832
2024-08-14,-18.89851903700762
2024-08-15,-18.489874315902608
2024-08-16,-16.068068822305197
2024-08-18,-16.350785036956182
2024-08-19,-15.66196648657254
2024-08-20,-15.814140456036123
2024-08-21,-17.01800497872446
2024-08-22,-16.56370899589057
2024-08-23,-16.72927834558149
2024-08-25,-18.012797420624498
2024-08-26,-18.258274444493736
2024-08-27,-17.35799051512127
2024-08-28,-17.77754935038883
2024-08-29,-17.518893915390567
2024-08-30,-16.618731137488712
2024-09-01,-16.12317939328828
2024-09-02,-16.993034771565142
2024-09-03,-16.642231357048203
2024-09-04,-17.320075867021217
2024-09-05,-19.390143255261176
2024-09-06,-20.241647602729433
2024-09-08,-22.446386821825378
2024-09-09,-21.925917492470965
2024-09-10,-21.525156135638426
2024-09-11,-22.75894895157539
2024-09-12,-21.589518518967
2024-09-13,-22.074028399532214
2024-09-15,-21.7314321995892
2024-09-16,-21.713206542307017
2024-09-17,-21.05444928932289
2024-09-18,-19.75489744217578
2024-09-19,-16.789566110623102
2024-09-20,-17.246493331994753
2024-09-22,-16.71810511499877
2024-09-23,-16.605974099764325
2024-09-24,-16.847684893662578
2024-09-25,-17.37166241765225
2024-09-26,-16.003670550188875
2024-09-27,-14.180178599031048
2024-09-29,-15.395491810904847
2024-09-30,-15.659040166057329
2024-10-01,-13.187901670511577
2024-10-02,-13.558815553531296
2024-10-03,-12.629170461336749
2024-10-04,-11.383007199059618
2024-10-06,-7.5339508139206055
2024-10-07,-6.836217931989857
2024-10-08,-6.8610178114669775
2024-10-09,-6.9658860632844775
2024-10-10,-5.897906419260376
2024-10-11,-6.735357659103571
2024-10-13,-6.8582534369629125
2024-10-14,-6.830903186654178
2024-10-15,-6.8891429107875455
2024-10-16,-8.296975876674423
2024-10-17,-2.4687226500544983
2024-10-18,-2.2658421580464627
2024-10-20,-2.4837905164159095
2024-10-21,-2.1607952077426558
2024-10-22,-1.2410819493982628
2024-10-23,-0.6871256787192198
2024-10-24,0.11650665394411683
2024-10-25,-0.09943372014180789
2024-10-27,0.6796129115431288
2024-10-28,1.1051903025500023
2024-10-29,0.993821986286509
2024-10-30,0.8079001872550797
2024-10-31,2.58523676940821
2024-11-01,2.6237624122951724
2024-11-03,3.1488283033736026
2024-11-04,2.282576531515926
2024-11-05,3.576324309709957
2024-11-06,3.729919395401056
2024-11-07,5.0221011597389715
2024-11-08,4.67612918543554
2024-11-10,5.452095206191149
2024-11-11,5.587095919078663
2024-11-12,5.6931628604201325
2024-11-13,6.349922823071514
2024-11-14,5.664265568488219
2024-11-15,6.190639068390109
2024-11-17,5.5173428255665256
2024-11-18,5.54890097997907
2024-11-19,5.18762984724656
2024-11-20,5.365139820364062
2024-11-21,7.67667266144255
2024-11-22,8.921141952411253
2024-11-24,9.401346899444768
2024-11-25,8.721990413198093
2024-11-26,8.19470217611566
2024-11-27,8.48179990403046
2024-11-28,7.985998510072037
2024-11-29,7.869566155424584
2024-12-01,7.069148956386489
2024-12-02,6.636860402646953
2024-12-03,7.957550213876088
2024-12-04,7.577084069149693
2024-12-05,6.839904003120641
2024-12-06,7.133358268935184
2024-12-08,6.481806943513382
2024-12-09,6.394274106990842
2024-12-10,6.651241488925148
2024-12-11,7.305373288401691
2024-12-12,7.582090985633244
2024-12-13,8.358536151478821
2024-12-15,9.189269014361514
2024-12-16,8.876234539745006
2024-12-17,9.345843069840084
2024-12-18,9.091322793336936
2024-12-19,14.33618830485446
2024-12-20,13.39065436892016
2024-12-22,12.97472101513308
2024-12-23,12.879346984943545
2024-12-24,13.369053939165536
2024-12-25,13.054043852089558
2024-12-26,13.152452870083282
2024-12-27,12.713547623352694
2024-12-29,12.619874531362488
2024-12-30,12.455817895981657
2024-12-31,11.421960630307861
2025-01-12,11.645380541226977
2025-01-13,14.187743709835793
2025-01-14,13.560247023908325
2025-01-15,13.633704132476623
2025-01-16,14.12494613987359
2025-01-17,13.04390586272024
2025-01-19,13.714574528753163
2025-01-20,13.723464601328805
2025-01-21,12.569565363605433
2025-01-22,13.050324812665721
2025-01-23,12.873541471773267
2025-01-24,12.516006802814575
2025-01-26,12.310661813031441
2025-01-27,12.018366092639978
2025-01-28,11.066656333265088
2025-01-29,10.767601611168246
2025-01-30,11.105234662391641
2025-01-31,10.849117900043888
2025-02-02,11.164125398228197
2025-02-03,11.909979139042676
2025-02-04,12.065691623733876
2025-02-05,11.803306940360656
2025-02-06,11.404469414181769
2025-02-07,11.52308725754538
2025-02-09,12.221416240849896
2025-02-10,12.134029159294553
2025-02-11,11.857208519817311
2025-02-12,12.212170272439774
2025-02-13,12.83894788624394
2025-02-14,12.767206237433983
2025-02-16,12.033278962493874
2025-02-17,11.933907149127027
2025-02-18,11.90291621580289
2025-02-19,12.19958805166095
2025-02-20,12.180050500940824
2025-02-21,12.157255066448602
2025-02-23,10.544053045684192
2025-02-24,10.671921417119483
2025-02-25,9.822811545821095
2025-02-26,8.280919118659376
2025-02-27,8.148240433693768
2025-02-28,7.903846351213267
2025-03-02,6.524271007733999
2025-03-03,7.003725690219249
2025-03-04,6.0783851478203825
2025-03-05,5.591766039160019
2025-03-06,6.1165128181719455
2025-03-07,5.264209116072658
2025-03-09,5.767267535185436
2025-03-10,5.079404359642155
2025-03-11,3.5034533554933094
2025-03-12,4.932596144689847
2025-03-13,5.925745593031879
2025-03-14,5.515203948253622
2025-03-16,6.621628450908412
2025-03-17,6.269259156642777
2025-03-18,8.102543311056396
2025-03-19,8.158109218292495
2025-03-20,5.184520390322533
2025-03-21,5.118953688122799
2025-03-23,4.630786134591387
2025-03-24,5.15600134068816
2025-03-25,6.411964750256411
2025-03-26,6.310290591186959
2025-03-27,5.953738004463292
2025-03-28,6.071082838320805
2025-03-30,4.000996920497108
2025-03-31,2.910890976782029
2025-04-01,4.287731654054136
2025-04-02,4.576345360027038
2025-04-03,2.4172178915959845
2025-04-04,1.23672118877762
2025-04-06,0.6879503466929703
2025-04-07,-1.8639861842715164
2025-04-08,1.5476522376583048
2025-04-09,-0.25045690712162677
2025-04-10,3.600608926241156
2025-04-11,1.766253276506296
2025-04-13,4.252088222749789
2025-04-14,3.6480676165062853
2025-04-15,2.6651467582107786
2025-04-16,2.2546173278408133
2025-04-17,0.7433408800980389
2025-04-20,0.6817343506424436
2025-04-21,0.3835523364369641
2025-04-22,-0.8139385114047077
2025-04-23,1.4887855317497556
2025-04-24,1.350100220703914
2025-04-25,0.9007595863200665
2025-04-27,-0.23122315499411755
2025-04-28,0.17624022832336297
2025-04-29,-0.8793468876159283
2025-04-30,-1.9273645816523435
2025-05-01,-2.280408793708637
2025-05-02,-1.133175169437684
2025-05-04,0.8419261254348523
2025-05-05,0.36435812535799067
2025-05-06,2.6638862273404946
2025-05-07,2.5479110466795274
2025-05-08,2.4366785612680535
2025-05-09,3.418540912896875
2025-05-11,3.703386367032703
2025-05-12,4.088262505126055
2025-05-13,4.782824093780757
2025-05-14,5.933206845204449
2025-05-15,6.411802699276387
2025-05-16,5.430327075958958
2025-05-18,6.039900715963166
2025-05-19,5.893173183629407
2025-05-20,5.8199947219080705
2025-05-21,5.485295186022298
2025-05-22,5.982186113598254
2025-05-23,5.8473228366717604
2025-05-25,5.902949530154589
2025-05-26,6.417392417424849
2025-05-27,6.015052601180204
2025-05-28,5.854462785945154
2025-05-29,6.757607602613952
2025-05-30,5.382575922568848
2025-06-01,4.869203246967993
2025-06-02,4.878461161700873
2025-06-03,5.608118491500691
2025-06-04,5.848444228792478
2025-06-05,4.038746290717523
2025-06-06,4.402861261667347
2025-06-08,6.608081222458419
2025-06-09,6.305681622196917
2025-06-10,6.237922898325475
2025-06-11,6.382022590446207
2025-06-12,5.372495492853186
2025-06-13,4.25781836096556
2025-06-15,5.396377668158855
2025-06-16,5.653760213209229
2025-06-17,5.394980889489512
2025-06-18,5.687683474179675
2025-06-19,2.337809312636172
2025-06-20,1.8462654026206151
2025-06-22,1.4047660153145427
2025-06-23,1.6606458185078847
2025-06-24,0.1743914019901654
2025-06-25,-1.0716990230586827
2025-06-26,-2.1377880412829926
2025-06-27,-3.0882654224932233
2025-06-29,-2.8527626238969948
2025-06-30,-3.1044408427215195
2025-07-01,-1.8653609876109858
2025-07-02,-1.2330959686647371
2025-07-03,-1.2923762744549359
2025-07-04,0.4334345609707333
2025-07-06,-0.13827524933253513
2025-07-07,-0.31842156987340364
2025-07-08,0.22257451763135785
2025-07-09,0.4043265661442712
2025-07-10,-0.6038739349073142
2025-07-11,-0.10900953939176122
2025-07-13,0.14508495174902403
2025-07-14,-0.11583581110141006
2025-07-15,0.09273414284189997
2025-07-16,1.156734402465303
2025-07-17,-0.2746145696935219
2025-07-18,-0.5289608936749899
2025-07-20,-0.6326207301629752
2025-07-21,-0.5540241718839766
2025-07-22,-1.0474867294556516
2025-07-23,-1.7881695864393676
2025-07-24,-0.8905649115911183
2025-07-25,-0.5275461838375544
2025-07-27,-0.19293364053691073
2025-07-28,-0.11506739560727547
2025-07-29,-0.5517740117254026
2025-07-30,-1.7477602255178706
2025-07-31,0.29024696917750936
2025-08-01,0.9174706982989873
2025-08-03,-6.684554121125147
2025-08-04,-7.933838047530988
2025-08-05,-4.44104760729717
2025-08-06,-3.623121057320406
2025-08-07,-4.298055192867878
2025-08-08,-4.256862586320526
2025-08-10,-5.192442225361499
2025-08-11,-5.545689493668016
2025-08-12,-5.615913144752138
2025-08-13,-7.044030277531648
2025-08-14,-8.07597939515439
2025-08-15,-7.272858546152588
2025-08-17,-7.003623166795764
2025-08-18,-7.24448278846242
2025-08-19,-7.162707116284873
2025-08-20,-6.062166538154381
2025-08-21,-7.867838731431168
2025-08-22,-6.87369920084805
2025-08-24,-11.299419489572543
2025-08-25,-11.079947456052633
2025-08-26,-10.331168233902767
2025-08-27,-11.916100154699196
2025-08-28,-13.124150056147975
2025-08-29,-11.8188107419594
2025-08-31,-12.063399615239751
2025-09-01,-11.925996463685776
2025-09-02,-11.519623226604041
2025-09-03,-10.436892333401405
2025-09-04,-11.483122679920925
2025-09-05,-12.603143177861586
2025-09-07,-16.794121479687906
2025-09-08,-16.39082498266684
2025-09-09,-18.156723545770703
2025-09-10,-15.367049250647204
2025-09-11,-15.80547116988881
2025-09-12,-15.91642300171426
2025-09-14,-15.521723901374942
2025-09-15,-15.124731261397999
2025-09-16,-16.262348220041602
2025-09-17,-16.96257753729637
2025-09-18,-15.233946234363207
2025-09-19,-13.966774587489192
2025-09-21,-13.275802786372193
2025-09-22,-13.049770479881415
2025-09-23,-11.463704427222282
2025-09-24,-11.894696228347863
2025-09-25,-10.19577141327807
2025-09-26,-7.121731114100495
2025-09-28,-7.200328893693531
2025-09-29,-7.791103211617715
2025-09-30,-5.532446426206849
2025-10-01,-5.470348764443567
2025-10-02,-8.349320993155445
2025-10-03,-8.337662064777007
2025-10-05,-7.199757322817838
2025-10-06,-7.248583460524984
2025-10-07,-6.820759942280709
2025-10-08,-6.8147330951660825
2025-10-09,-6.362868044085629
2025-10-10,-6.00484055605834
2025-10-12,-9.51573850227144
2025-10-13,-8.469345974373173
2025-10-14,-9.580943069982904
2025-10-15,-9.960284948633552
2025-10-16,-7.652078827275529
2025-10-17,-11.93629175445328
2025-10-19,-9.885125441642282
2025-10-20,-9.810695549772241
2025-10-21,-9.652954781804878
2025-10-22,-9.968999848898832
2025-10-23,-10.40256896937451
2025-10-24,-8.197593178299867
2025-10-26,-7.921896867295372
2025-10-27,-7.191690799669469
2025-10-28,-6.551465569957172
2025-10-29,-6.611978250275884
2025-10-30,-4.432221357694532
2025-10-31,-1.747531777767022
