date,baseline,variant
2020-01-02,0.0,0.0
2020-01-03,0.0,0.0
2020-01-05,0.0,0.0
2020-01-06,0.0,0.0
2020-01-07,0.0,0.0
2020-01-08,0.0,0.0
2020-01-09,0.0,0.0
2020-01-10,0.0,0.0
2020-01-12,0.0,0.0
2020-01-13,0.0,0.0
2020-01-14,0.0,0.0
2020-01-15,0.0,0.0
2020-01-16,0.0,0.0
2020-01-17,0.0,0.0
2020-01-19,0.0,0.0
2020-01-20,0.0,0.0
2020-01-21,0.0,0.0
2020-01-22,0.0,0.0
2020-01-23,0.0,0.0
2020-01-24,0.0,0.0
2020-01-26,0.0,0.0
2020-01-27,0.0,0.0
2020-01-28,0.0,0.0
2020-01-29,0.0,0.0
2020-01-30,0.0,0.0
2020-01-31,0.0,0.0
2020-02-02,0.0,0.0
2020-02-03,0.0,0.0
2020-02-04,0.0,0.0
2020-02-05,0.0,0.0
2020-02-06,0.0,0.0
2020-02-07,0.0,0.0
2020-02-09,0.0,0.0
2020-02-10,0.0,0.0
2020-02-11,0.0,0.0
2020-02-12,0.0,0.0
2020-02-13,0.0,0.0
2020-02-14,0.0,0.0
2020-02-16,0.0,0.0
2020-02-17,0.0,0.0
2020-02-18,0.0,0.0
2020-02-19,0.0,0.0
2020-02-20,0.0,0.0
2020-02-21,0.0,0.0
2020-02-23,0.0,0.0
2020-02-24,0.0,0.0
2020-02-25,0.0,0.0
2020-02-26,0.0,0.0
2020-02-27,0.0,0.0
2020-02-28,0.0,0.0
2020-03-01,0.0,0.0
2020-03-02,0.0,0.0
2020-03-03,0.0,0.0
2020-03-04,0.0,0.0
2020-03-05,0.0,0.0
2020-03-06,0.0,0.0
2020-03-08,0.0,0.0
2020-03-09,0.0,0.0
2020-03-10,0.0,0.0
2020-03-11,0.0,0.0
2020-03-12,0.0,0.0
2020-03-13,0.0,0.0
2020-03-15,0.0,0.0
2020-03-16,0.0,0.0
2020-03-17,0.0,0.0
2020-03-18,0.0,0.0
2020-03-19,0.0,0.0
2020-03-20,-0.0224029919808793,-0.0212828423818353
2020-03-22,-0.0225634678062008,-0.0214352944158908
2020-03-23,0.0042736671615632,0.0040599838034851
2020-03-24,0.0217850562261803,0.0206958034148713
2020-03-25,-0.0005078039703395,-0.0004824137718225
2020-03-26,0.0127630416249866,0.0121248895437373
2020-03-27,0.0020942928068528,0.0019895781665101
2020-03-29,-0.001697847279249,-0.001697847279249
2020-03-30,0.0055237119973861,0.0052475263975168
2020-03-31,-0.011138419449,-0.01058149847655
2020-04-01,-0.0070302676325963,-0.0066787542509665
2020-04-02,-0.0029463527232511,-0.0027990350870886
2020-04-03,-0.0081612823232386,-0.0077532182070767
2020-04-05,0.0045112202394534,0.0045112202394534
2020-04-06,0.011738232844725,0.0111513212024888
2020-04-07,0.0092055658017637,0.0087452875116756
2020-04-08,0.0059082689110567,0.0056128554655039
2020-04-09,0.0055370099191569,0.0052601594231991
2020-04-10,0.0025072922580633,0.0025072922580633
2020-04-12,-0.0003667527704961,-0.0003667527704961
2020-04-13,0.0048142512158562,0.0045735386550634
2020-04-14,0.0074465425589063,0.0070742154309609
2020-04-15,-0.0154343150222796,-0.0146625992711656
2020-04-16,0.0036986313316482,0.0035136997650658
2020-04-17,0.0022722705092057,0.0021586569837454
2020-04-19,0.0074376733090195,0.0074376733090195
2020-04-20,-0.0087199336268284,-0.008283936945487
2020-04-21,-0.0204034060690018,-0.0193832357655517
2020-04-22,0.0030023418762019,0.0028522247823918
2020-04-23,0.0033024278573225,0.0031373064644564
2020-04-24,0.0059748133490091,0.0056760726815587
2020-04-26,-0.0011536857829599,-0.0010960014938119
2020-04-27,0.0011437899337116,0.001086600437026
2020-04-28,0.0004573075838769,0.0004344422046831
2020-04-29,0.013502852138453,0.0128277095315303
2020-04-30,0.0093270010980384,0.0088606510431364
2020-05-01,-0.0053101136363442,-0.005044607954527
2020-05-03,-0.0059574329523305,-0.005659561304714
2020-05-04,0.0098593265623685,0.0093663602342501
2020-05-05,0.0080426721720887,0.0076405385634843
2020-05-06,-0.0049812055267398,-0.0047321452504028
2020-05-07,-0.0033092739498703,-0.0031438102523768
2020-05-08,0.013250221546637,0.0125877104693051
2020-05-10,-0.0005918848860378,-0.0005918848860378
2020-05-11,-0.0009158906812851,-0.0008700961472209
2020-05-12,-0.0105109056681023,-0.0099853603846971
2020-05-13,-0.0032514916129253,-0.0030889170322791
2020-05-14,0.001470767944018,0.0013972295468171
2020-05-15,0.0034254088463987,0.0032541384040788
2020-05-17,0.0009409702489677,0.0008939217365193
2020-05-18,0.0194841953123594,0.0185099855467414
2020-05-19,-0.0116723658881648,-0.0110887475937566
2020-05-20,0.0052859411862566,0.0050216441269438
2020-05-21,-0.00016316599421,-0.0001550076944995
2020-05-22,-0.0014597480893377,-0.0013867606848709
2020-05-24,0.0002807001784363,0.0002807001784363
2020-05-25,0.0016755913131021,0.001591811747447
2020-05-26,0.0148392827482135,0.0140973186108028
2020-05-27,-0.0023169119881374,-0.0022010663887305
2020-05-28,0.0047069075538757,0.0044715621761819
2020-05-29,0.0008404065599467,0.0007983862319494
2020-05-31,0.0012569642145858,0.0011941160038565
2020-06-01,0.0048159812994605,0.0045751822344875
2020-06-02,0.0097472303907357,0.0092598688711989
2020-06-03,0.0091903522330261,0.0087308346213748
2020-06-04,0.0104746023568222,0.0099508722389811
2020-06-05,0.0176893727197389,0.0168049040837519
2020-06-07,0.004320978120875,0.0041049292148313
2020-06-08,-0.00443165454273,-0.0042100718155935
2020-06-09,-0.0051188141586502,-0.0048628734507177
2020-06-10,-0.012783765648708,-0.0121445773662726
2020-06-11,-0.0159553856442208,-0.0151576163620097
2020-06-12,0.0068216825025908,0.0065565706219026
2020-06-14,-0.0075754867923135,-0.0075754867923135
2020-06-15,0.018379379804676,0.0172907660849077
2020-06-16,0.0040750812928707,0.0038713272282271
2020-06-17,0.000752862820275,0.0007412133195641
2020-06-18,0.0020763556585934,0.001997951502173
2020-06-19,0.0009195920328373,0.0007988999342799
2020-06-21,-0.0077732704854601,-0.0074102248368042
2020-06-22,0.0101117532240457,0.0095547918932438
2020-06-23,-0.0084164930650462,-0.0079434828133593
2020-06-24,-0.0228441011765326,-0.0217271855466255
2020-06-25,0.0053306280216141,0.0050386733063015
2020-06-26,-0.0159356888886406,-0.0152409084195368
2020-06-28,-0.0020901226678653,-0.0020901226678653
2020-06-29,0.0060852248380407,0.0057544779316584
2020-06-30,0.0023702248878292,0.0021985279516922
2020-07-01,0.0079808182826797,0.0076896545148652
2020-07-02,0.0005524598382422,0.0003968261222475
2020-07-03,-0.0015913969727165,-0.0014580609837209
2020-07-05,0.0031174373662938,0.0031174373662938
2020-07-06,0.0032557850528933,0.003171297770464
2020-07-07,-0.0055775490463689,-0.0053487212889509
2020-07-08,0.0004969570055068,0.0003703500006733
2020-07-09,-0.0065433691308657,-0.0062162006743224
2020-07-10,0.0046771159896343,0.0044694870103225
2020-07-12,-0.0031221356610141,-0.0029402413326784
2020-07-13,-0.0056032979148854,-0.0053990404355331
2020-07-14,0.0042749112924767,0.0041131373145861
2020-07-15,-0.0024266291828157,-0.0022295489487491
2020-07-16,0.0028134327541136,0.0026243713667507
2020-07-17,0.0040457516260323,0.003917333465485
2020-07-19,0.0015987043968095,0.0015987043968095
2020-07-20,0.0014159790215342,0.0012744213750254
2020-07-21,-0.0016032775062653,-0.0015961195038407
2020-07-22,-0.0024762024207034,-0.0023523922996682
2020-07-23,-0.0129206290315886,-0.012249676409467
2020-07-24,-0.0013270420540432,-0.0012851586349329
2020-07-26,-0.0022356575604652,-0.0022356575604652
2020-07-27,0.0026778722944882,0.0026423529047831
2020-07-28,-0.0059222157999327,-0.005649354132718
2020-07-29,-0.0001127422016388,-8.369682098910539e-05
2020-07-30,-0.0024905254682852,-0.0024579507476118
2020-07-31,0.0036751832964765,0.0033952494409743
2020-08-02,-0.0033024260539501,-0.0031624076794503
2020-08-03,0.0081063984889222,0.007751524720375
2020-08-04,-0.0063408252956352,-0.0059748208634228
2020-08-05,0.0077717398944541,0.007525648695754
2020-08-06,-0.0062647678632025,-0.005995250928234
2020-08-07,0.004934861456338,0.0048667067429206
2020-08-09,-4.69239675405797e-05,-4.69239675405797e-05
2020-08-10,0.0048157446857177,0.0046146365564207
2020-08-11,0.0227025762712029,0.021720665939229
2020-08-12,0.0140018418475835,0.0132850570692617
2020-08-13,0.0049260558029045,0.0047304931346453
2020-08-14,0.0010852389047377,0.0009512211217204
2020-08-16,0.0018151913766715,0.0017418216765747
2020-08-17,-0.0056672792473455,-0.0053839152849782
2020-08-18,-0.0029331550110039,-0.0028203739113671
2020-08-19,0.0094888779933406,0.0090144340936736
2020-08-20,-0.0029585481357001,-0.0028280091270727
2020-08-21,-0.0045899133108902,-0.0043780526399105
2020-08-23,0.0020263130378315,0.0019249973859399
2020-08-24,0.0058457051229041,0.0056245457317356
2020-08-25,0.0127942181691216,0.0121709987446637
2020-08-26,-1.8651277998604776e-05,1.4545491404979592e-05
2020-08-27,0.0145200353995371,0.0139022827707661
2020-08-28,-0.0148048131996667,-0.0141840447345105
2020-08-30,0.0019931755681315,0.0018935167897249
2020-08-31,-0.0033853736750553,-0.0032320252621959
2020-09-01,-0.0029959131022944,-0.0028461174471796
2020-09-02,0.0004509547751601,0.0004928103607299
2020-09-03,-0.0154267948143018,-0.0146998930306552
2020-09-04,0.0065057289356706,0.0062745335833096
2020-09-06,-0.0043054137961783,-0.0043054137961783
2020-09-07,0.0034006894588554,0.0032030933065524
2020-09-08,-0.028613246498363,-0.0272399914308427
2020-09-09,0.0171925603178939,0.0163795421156466
2020-09-10,-0.0144014594121353,-0.0137250489492542
2020-09-11,-0.0078672339181461,-0.0075356178919167
2020-09-13,0.004070417801683,0.004070417801683
2020-09-14,-0.0013106085968863,-0.001245078167042
2020-09-15,0.0064486575852669,0.0061759073621428
2020-09-16,-0.0018284312130362,-0.0018459692788638
2020-09-17,-0.0079791181596988,-0.0075978491750164
2020-09-18,0.0015773796878537,0.0015523081805961
2020-09-20,-0.0080773218513487,-0.0080773218513487
2020-09-21,-0.0053175940524528,-0.0051025256844833
2020-09-22,0.0001629204455413,0.0001191397852422
2020-09-23,-0.0024212239479308,-0.0022817730411003
2020-09-24,0.0054705930252609,0.0051970633739979
2020-09-25,0.0042818693147363,0.0040677758489995
2020-09-27,0.0015973125153354,0.0015973125153354
2020-09-28,0.0072475886988072,0.0069030844981584
2020-09-29,-0.0042767010317367,-0.004080360777004
2020-09-30,0.0096197117195597,0.0091742033856093
2020-10-01,-0.0050249680547366,-0.0047225941401839
2020-10-02,-0.0049148312833245,-0.004685136782276
2020-10-04,0.0039373299895102,0.0039373299895102
2020-10-05,0.0150689942469084,0.0143807557099643
2020-10-06,-0.0046549932018095,-0.004422243541719
2020-10-07,0.0171725594813694,0.0163288585556182
2020-10-08,0.0128371803341078,0.0122244599761137
2020-10-09,0.00113325308761,0.0010904721451538
2020-10-11,-0.0025226622285414,-0.0024235827947183
2020-10-12,0.0031774875264249,0.0029903602799844
2020-10-13,-0.0042884729033656,-0.0040887663259927
2020-10-14,-0.0011206697952568,-0.0010646363054939
2020-10-15,-0.0018133273505703,-0.001692752980351
2020-10-16,-0.001061267685355,-0.0009796732258086
2020-10-18,0.0046057642066676,0.0043890497491286
2020-10-19,-0.0046139984508652,-0.0043965110608401
2020-10-20,0.0020785368951539,0.002001616870662
2020-10-21,-0.0064764387292037,-0.0061654387927432
2020-10-22,0.0121598555008399,0.0116305033869818
2020-10-23,-0.008070469851353,-0.0077003103790426
2020-10-25,-0.005905827742768,-0.0056346738722551
2020-10-26,-0.0110189160804397,-0.0104679601177381
2020-10-27,-0.0081784809439524,-0.0077695568967548
2020-10-28,-0.0142785206659151,-0.0135645946326194
2020-10-29,-0.0003301274466864,-0.0002884488685448
2020-10-30,0.0040331525628194,0.0038314949346784
2020-11-01,-0.0125916600272983,-0.0119620770259334
2020-11-02,0.0193810056433201,0.0184001170741934
2020-11-03,0.0263129292867412,0.0250458211542341
2020-11-04,-0.0189841083436073,-0.0181211526745391
2020-11-05,0.0073333145091634,0.0070068629156785
2020-11-06,0.0019014359284266,0.0018187322672831
2020-11-08,0.0053161404121535,0.0053161404121535
2020-11-09,0.0275137389315731,0.0262701468525297
2020-11-10,0.0187889882289329,0.0178744920423266
2020-11-11,-0.0007441522535869,-0.0007069446409075
2020-11-12,-0.0194084260149128,-0.0184452864779959
2020-11-13,0.0021441423347716,0.0020673389345496
2020-11-15,0.0042684892481328,0.0042684892481328
2020-11-16,0.0056253777552248,0.0052380142300687
2020-11-17,-0.0077670762526821,-0.0074265091014344
2020-11-18,-0.0055646849499447,-0.0052068522840141
2020-11-19,-0.0077603794737574,-0.007372361621598
2020-11-20,0.0042775409010633,0.0040524831653932
2020-11-22,0.0009196900599179,0.0009196900599179
2020-11-23,0.0127074425484079,0.0120950519996573
2020-11-24,0.0112948276007087,0.0107300862206733
2020-11-25,0.0032103157785821,0.0030812911210043
2020-11-26,-0.0068588855216084,-0.0065252114312708
2020-11-27,-0.0025875145463235,-0.0024486813041064
2020-11-29,-0.0003047970054008,-0.0003047970054008
2020-11-30,0.0024698106830038,0.0023820132134067
2020-12-01,0.0044855272033008,0.0042249388821074
2020-12-02,0.0036645143989355,0.0034902413207802
2020-12-03,0.0002136171403532,0.0002113348612522
2020-12-04,0.009552443319263,0.0090670003777491
2020-12-06,0.0010436710948311,0.0009914875400896
2020-12-07,-0.0064189181540066,-0.0060979691039581
2020-12-08,0.0029435100572356,0.0028269314448878
2020-12-09,-0.0021991094618495,-0.002100608196105
2020-12-10,-0.0008636134853173,-0.0008395630144482
2020-12-11,-0.0048945548166452,-0.0046347848633501
2020-12-13,0.0021272095580808,0.0020336412102071
2020-12-14,-0.00143835293344,-0.0013979807506131
2020-12-15,0.0050968507024786,0.0048420200078847
2020-12-16,0.0011046241241579,0.0010801570649125
2020-12-17,0.0022555577112155,0.0021206180736821
2020-12-18,0.0042477144920929,0.004020697719224
2020-12-20,-0.0025379058075661,-0.0024110105171878
2020-12-21,-0.006062849415875,-0.0057597069450813
2020-12-22,0.0011184692882411,0.001062545823829
2020-12-23,0.0035120778761099,0.0033364739823044
2020-12-24,0.0036127343319414,0.0034320976153443
2020-12-25,2.1564220308745163e-05,2.1564220308745163e-05
2020-12-27,-0.000183538566299,-0.000183538566299
2020-12-28,0.0051514800475387,0.0049082697111497
2020-12-29,-0.0037561388175918,-0.0035975095523829
2020-12-30,-0.0013529156625745,-0.0012767142358036
2020-12-31,0.0069514016457388,0.0065727625806457
2021-01-01,0.0001913855517301,0.0001913855517301
2021-01-03,0.0,0.0
2021-01-04,-0.0111037553062509,-0.0105185598658945
2021-01-05,0.0045902781298194,0.0043607642233285
2021-01-06,0.0040678159978186,0.0038412248642974
2021-01-07,0.0159976027047006,0.0151780603703095
2021-01-08,0.012388074079416,0.0117799227387256
2021-01-10,-0.0005286870466789,-0.0005286870466789
2021-01-11,-0.0018551469749658,-0.0017728790801744
2021-01-12,-0.0028541538865337,-0.0027114371512784
2021-01-13,0.0055406982036665,0.0052410766460167
2021-01-14,-0.0017211338130261,-0.0016876589953346
2021-01-15,-0.0035227480991235,-0.0033295776808362
2021-01-17,0.0014265558177799,0.0013552280268909
2021-01-18,0.0037904367037704,0.0036333617438176
2021-01-19,0.0029278689315264,0.0027532306996628
2021-01-20,0.0083016786187621,0.0079027842873999
2021-01-21,-0.0057849735431019,-0.0055258810353783
2021-01-22,-0.0003210702052428,-0.0003050166949807
2021-01-24,0.0023068946492321,0.0022265203012725
2021-01-25,0.0067595944425573,0.0064670038831271
2021-01-26,-0.0016250514699521,-0.0015437988964545
2021-01-27,-0.0171580982086183,-0.0162890593775157
2021-01-28,0.0053298851662855,0.005053687030276
2021-01-29,-0.0141522448741391,-0.0134665051282255
2021-01-31,-0.0037020717162681,-0.0037020717162681
2021-02-01,0.0296135021091437,0.0281328502467568
2021-02-02,0.0150419557356389,0.014262797937141
2021-02-03,0.0002045963003471,0.00016175147211
2021-02-04,0.0129475112807486,0.0123191320626662
2021-02-05,-0.00788063441933,-0.0075040588510326
2021-02-07,0.0013557333590057,0.0012879466910554
2021-02-08,0.0054111876657563,0.0051211337504336
2021-02-09,-0.0070392237314373,-0.0066872166345957
2021-02-10,-0.0022679160176604,-0.002026133991846
2021-02-11,0.0009920270892411,0.0009202428401617
2021-02-12,0.0068084377463464,0.006395795389393
2021-02-14,-0.0057354667374875,-0.0053545507003593
2021-02-15,-0.0002708655086316,-0.0003386882274791
2021-02-16,-0.0048629204461441,-0.0047479554680558
2021-02-17,0.0095596682584655,0.0091864267900134
2021-02-18,-0.0171339620117744,-0.016335213710884
2021-02-19,-0.0125573002752268,-0.0120927873946069
2021-02-21,-0.0009925342740162,-0.0009429075603154
2021-02-22,-0.0174984648502597,-0.0169155079464557
2021-02-23,-0.0047075392173437,-0.0041431926403143
2021-02-24,0.0069196291339088,0.006141222812744
2021-02-25,-0.0245126883199489,-0.0245526501003853
2021-02-26,0.0239839527362513,0.0230894390287339
2021-02-28,-0.0028455296054008,-0.0029285497406294
2021-03-01,0.0113906469584117,0.0111241462121763
2021-03-02,-0.0141212802117702,-0.0127379679252629
2021-03-03,-0.0163557324076317,-0.0162353442548953
2021-03-04,0.0042040830632408,0.0031647331814354
2021-03-05,0.0247297777966382,0.0234935835708871
2021-03-07,-0.0013250762390863,-0.0013338599458916
2021-03-08,-0.0034170480398978,-0.0030230123907906
2021-03-09,0.0088286661021117,0.0087671698486771
2021-03-10,-0.0033034821513125,-0.0026114772334698
2021-03-11,0.0001053816795608,-0.0001068671653362
2021-03-12,-0.0060526753572748,-0.0063349255814312
2021-03-14,-2.747423245341718e-05,0.0005015460974968
2021-03-15,0.0069214710277156,0.0064320666185589
2021-03-16,-0.0012875544941139,-0.0012225707797855
2021-03-17,-0.0136019387029219,-0.0129272144979775
2021-03-18,-0.0162261567741377,-0.0154170496039027
2021-03-19,0.0096899917484989,0.0087838044870809
2021-03-21,0.0030592404901015,0.0029065665640708
2021-03-22,0.0031957218287643,0.0032624762125576
2021-03-23,0.0056328182150175,0.0057039048732194
2021-03-24,0.0133197259718038,0.0125921961448956
2021-03-25,-0.0076021467935808,-0.0071594865241487
2021-03-26,0.0053364802025857,0.0045303904166751
2021-03-28,0.0005452430196619,0.0005891699998204
2021-03-29,0.0031742327229902,0.0025331710805839
2021-03-30,0.0004321486427076,0.0004097163383596
2021-03-31,-0.000261930282035,-0.0004015729363832
2021-04-01,0.0080694147156079,0.0082700516138114
2021-04-02,0.0021717544161208,0.0017356945281038
2021-04-04,0.0011138637470267,0.0013357743029104
2021-04-05,-0.0077587389589961,-0.007683104736218
2021-04-06,-0.0012733642057036,-0.0005911015441547
2021-04-07,0.0038212791229748,0.0032949475863349
2021-04-08,0.0011049651313981,0.0014893262343125
2021-04-09,0.0020331773793562,0.0017173220796339
2021-04-11,-0.0002435756511238,-0.0001173606860453
2021-04-12,-0.0001467865772976,-0.000410467543867
2021-04-13,0.0036574080869535,0.0039503884613837
2021-04-14,-0.0015715277733858,-0.0015917391305966
2021-04-15,0.0106132337866913,0.0104898245579742
2021-04-16,0.0011507606355087,0.0008467755498401
2021-04-18,-0.0010592348565773,-0.0009114757424792
2021-04-19,-0.0057783922950748,-0.0053995489385438
2021-04-20,-0.0066287049642053,-0.0062962755414666
2021-04-21,0.0057776543404339,0.0055715259637778
2021-04-22,0.0013935955685948,0.001362639667603
2021-04-23,-0.0055060239698496,-0.0053443577844466
2021-04-25,-0.001270557424469,-0.0012070295532455
2021-04-26,0.0025201337489166,0.0024341797356149
2021-04-27,-0.0035167672644164,-0.0034577412717979
2021-04-28,0.000655085475562,0.0007065582766666
2021-04-29,-0.0007650866561387,-0.0008046658446261
2021-04-30,0.0129499536993593,0.0124249555528222
2021-05-02,0.0003551350340651,0.0003373782823618
2021-05-03,0.0036168328046024,0.0034733965216358
2021-05-04,0.0022506393803438,0.0022797249644772
2021-05-05,0.0003577624739756,0.0003093609688343
2021-05-06,0.0031205985985209,0.0028697469337826
2021-05-07,-0.0125790235037889,-0.0117415128601633
2021-05-09,-0.0006267997882839,-0.0007069203353015
2021-05-10,-0.0146839293911044,-0.0137579710567369
2021-05-11,-0.006018688703938,-0.0056166471675821
2021-05-12,-0.0038488122454157,-0.0038047579507184
2021-05-13,0.00530661807644,0.0050706455094926
2021-05-14,0.0058888754401129,0.005540192636815
2021-05-16,-8.136548839099422e-05,-8.136548839099422e-05
2021-05-17,0.0014040549795177,0.0013626506701393
2021-05-18,-0.0148148055439227,-0.0140739801657525
2021-05-19,0.0063035157066271,0.0058775699616421
2021-05-20,0.0012498041016757,0.0013457695240291
2021-05-21,0.0064026667560823,0.0060040532072366
2021-05-23,0.0004151023856961,0.0003943472664113
2021-05-24,0.0026423062892559,0.0025973335232117
2021-05-25,0.007736321511498,0.0074270821488001
2021-05-26,0.0034750033086581,0.0032339127010662
2021-05-27,-0.0061353412722868,-0.0059049660361517
2021-05-28,0.0028764999214958,0.0027048328953334
2021-05-30,-0.0051305548773993,-0.0048450384311519
2021-05-31,-0.0044667429217266,-0.0041877876663703
2021-06-01,0.001095556357908,0.0009122847944801
2021-06-02,0.0057627870303951,0.005566853457022
2021-06-03,-0.0053008235726531,-0.0051185882469524
2021-06-04,0.0116671788277085,0.0111756054993342
2021-06-06,-0.0017955875984457,-0.0016519639071272
2021-06-07,0.0004099673503197,0.0003397646770311
2021-06-08,0.0041584373816103,0.0041105024963645
2021-06-09,0.0078373592816243,0.0075687246128006
2021-06-10,0.0050125189635952,0.0048053307463928
2021-06-11,-0.0008181999731973,-0.0008798802589528
2021-06-13,-0.0018083098026974,-0.0018083098026974
2021-06-14,-0.005570214552792,-0.0052920721448875
2021-06-15,-0.0031704812113747,-0.0029716538656077
2021-06-16,-0.0018163896246287,-0.0017477701031839
2021-06-17,0.0077347959083871,0.0072906893848351
2021-06-18,0.0134571675865233,0.013003085747782
2021-06-20,0.0001243446430512,0.000212533903505
2021-06-21,-0.0120190381072107,-0.0114403621030884
2021-06-22,-0.0020450751662508,-0.001942554939514
2021-06-23,0.0001656764345994,0.0002043655911449
2021-06-24,0.0028118652994739,0.0026755967065903
2021-06-25,-0.0064068221329504,-0.0061030654816558
2021-06-27,6.246407150212185e-05,7.579810488272529e-05
2021-06-28,0.0056219588629289,0.0053225808923763
2021-06-29,-0.0012575809130619,-0.0011584783177722
2021-06-30,0.0053717386157765,0.0050882866684107
2021-07-01,0.0078213120096453,0.0074379982722587
2021-07-02,0.0047552074419954,0.0044635044331844
2021-07-04,-0.0003817414480982,-0.0003817414480982
2021-07-05,-0.0001788876463671,-0.000169903595541
2021-07-06,0.0113401259308578,0.0108618094072789
2021-07-07,0.0103231914772414,0.0098071133698858
2021-07-08,0.0022807753790132,0.0022088582547971
2021-07-09,-0.0059960184390279,-0.0057058015325301
2021-07-11,-0.0008182271697558,-0.0008182271697558
2021-07-12,-0.0011339208025198,-0.0010528872987091
2021-07-13,-0.0005695851771851,-0.0005297245049034
2021-07-14,0.0093676377712823,0.0089160754725682
2021-07-15,0.0130325483837006,0.012380641525403
2021-07-16,-0.0003990536028938,-0.0003790882689821
2021-07-18,0.0042967673293845,0.0040849071732098
2021-07-19,0.0017700094728863,0.0016870529919948
2021-07-20,-0.0055490582498114,-0.0052122138103109
2021-07-21,-0.0063164171262305,-0.0059865668998795
2021-07-22,0.0039818068364492,0.0037679288071675
2021-07-23,-0.0110577315677984,-0.0104565571628329
2021-07-25,-0.0011483835046339,-0.0011483835046339
2021-07-26,-0.003886044834918,-0.003693622489701
2021-07-27,0.0093687449440771,0.0089062564528405
2021-07-28,0.0032024256278238,0.0030403232471613
2021-07-29,0.0086052754336238,0.0081906158589711
2021-07-30,-0.0059985022241823,-0.0057025229897793
2021-08-01,-0.0007439232133562,-0.0007067270526884
2021-08-02,0.0022683174941042,0.0021708434426896
2021-08-03,-0.0081712990176742,-0.0077635050847817
2021-08-04,-0.0042552860604675,-0.0040389813390845
2021-08-05,-0.0054423565810632,-0.0051604719271136
2021-08-06,-0.0236289704070008,-0.0224492987338469
2021-08-08,-0.0170729543272503,-0.0162166540656843
2021-08-09,0.0016103225176866,0.0015266603490742
2021-08-10,-0.0002829889446233,-0.0002547105064635
2021-08-11,0.0139554447244776,0.0132617229321367
2021-08-12,-0.0049677225326606,-0.0047139822801188
2021-08-13,0.0108512590317142,0.010317579848198
2021-08-15,-0.000441793059524,-0.000441793059524
2021-08-16,0.0028583060894931,0.002724069268609
2021-08-17,0.0045707522765712,0.0043401168634554
2021-08-18,0.001468102912957,0.0014045778923425
2021-08-19,-0.0034401114417194,-0.0032690101277398
2021-08-20,-0.0075178351533831,-0.0071328245524041
2021-08-22,-0.000667420218819,-0.000667420218819
2021-08-23,0.0115839137547928,0.0110071573487898
2021-08-24,0.0004002263224078,0.0003923550958912
2021-08-25,-0.0052739441295983,-0.0050447819027812
2021-08-26,0.0082052320910823,0.0078069386791613
2021-08-27,0.0105645203300686,0.010015197157609
2021-08-29,0.0012132435059519,0.0011525813306543
2021-08-30,-0.0060066524755433,-0.0056932006743784
2021-08-31,-0.0038856966581493,-0.0036684407292191
2021-09-01,-0.0017751179731398,-0.0017140944787375
2021-09-02,-0.004391873784813,-0.0041719647070704
2021-09-03,0.0042475259412926,0.0040107460717524
2021-09-05,-0.0002489196960011,-0.0002647992793246
2021-09-06,-0.0028707062151496,-0.0027110234663674
2021-09-07,-0.009585850665988,-0.0091071240304558
2021-09-08,-0.0060752294535781,-0.0058009611206297
2021-09-09,-1.8943549816907712e-05,1.586747187434444e-05
2021-09-10,0.0022676158514307,0.0021393976368259
2021-09-12,-2.0977640090791283e-05,-2.0977640090791283e-05
2021-09-13,0.0040556495925816,0.0038376179537241
2021-09-14,0.0065735234262449,0.006245008963502
2021-09-15,-0.0057654337020542,-0.0050735559591891
2021-09-16,-0.0174831771183749,-0.0166085618725222
2021-09-17,-0.0002949375215975,-0.0002682201746559
2021-09-19,0.0038961439654507,0.0038961439654507
2021-09-20,0.0101652060597829,0.0096673143697983
2021-09-21,0.0075258799905844,0.0071791771852927
2021-09-22,-0.0022467925595763,-0.0022012848664729
2021-09-23,-0.0119259709081324,-0.0112908307174417
2021-09-24,0.0069025915152254,0.0064095625076459
2021-09-26,0.0009602592744673,0.0009602592744673
2021-09-27,0.0043010138767505,0.0040598004701426
2021-09-28,-9.782281752479528e-05,1.9753962042068745e-05
2021-09-29,-0.0004881387968087,-0.0004174175520185
2021-09-30,0.0148040360453032,0.0139988191628164
2021-10-01,-0.0008746937380923,-0.0008074332778081
2021-10-03,0.0004628448447714,0.0004873865726132
2021-10-04,0.0122264232187152,0.0115939195513898
2021-10-05,-0.0011748983240125,-0.0011382416185823
2021-10-06,-0.0044301106188805,-0.0042819208749351
2021-10-07,-0.0041172260349067,-0.0040231661864455
2021-10-08,0.0034467868426599,0.0033096961727389
2021-10-10,0.0006781600082215,0.0006442520078104
2021-10-11,0.0025183272409721,0.0021350647666591
2021-10-12,0.0051434403111596,0.0047178052042073
2021-10-13,0.010752670590522,0.009417915863244
2021-10-14,-0.0034718818846625,-0.0035695981590007
2021-10-15,-0.0155899436266975,-0.015229854344798
2021-10-17,0.0036248864842913,0.0028384447270011
2021-10-18,-0.0094595212412319,-0.009057174669667
2021-10-19,0.0018020882730089,0.0021639498986112
2021-10-20,0.0093634350839735,0.0091207126035401
2021-10-21,-0.002199825515205,-0.0033136231083867
2021-10-22,0.004781510448234,0.0043124993418272
2021-10-24,0.0016058217879768,0.001525530698578
2021-10-25,0.0011622256581254,0.0013293412040443
2021-10-26,-0.0074556913343631,-0.007383628707971
2021-10-27,-0.0023672849563134,-0.0043699489516049
2021-10-28,-0.000479714160478,0.0007533942956369
2021-10-29,-0.0117832144395189,-0.0127055006082824
2021-10-31,-0.0021406693281081,-0.0026385864653707
2021-11-01,0.0080566868736855,0.0087926349514041
2021-11-02,-0.0009360336358055,0.0004707172623144
2021-11-03,-0.0159584197327274,-0.0152315680157095
2021-11-04,0.0038065576090982,0.0044409404280941
2021-11-05,0.0069977811877279,0.0069046904734655
2021-11-07,0.0007022618948675,0.0006062451129803
2021-11-08,0.003096881054833,0.0024562220218809
2021-11-09,0.0062440274887265,0.0059314920445993
2021-11-10,0.0048836249049057,0.0028088557785812
2021-11-11,0.0033091389293331,0.00231391377577
2021-11-12,-0.0047575109685745,-0.0038390720917397
2021-11-14,0.0008710138365106,0.0002218001961161
2021-11-15,0.0023909290697323,0.003030618410874
2021-11-16,-0.0058765633236251,-0.0049758160807735
2021-11-17,-0.0036656117213051,-0.003134392196344
2021-11-18,-0.0008425036583964,-0.0009318372756242
2021-11-19,-0.0181805085286416,-0.0173362552683423
2021-11-21,-0.0001586409959778,4.49280587373563e-05
2021-11-22,-0.0016715879737407,-0.0025816747952285
2021-11-23,0.0053417575399608,0.0065064497287677
2021-11-24,-0.0034315849630529,-0.0034903848332223
2021-11-25,-0.0031259475411331,-0.0023181463506357
2021-11-26,-0.0156246996318543,-0.0138108356987324
2021-11-28,0.0067525116464215,0.0054779888399265
2021-11-29,-0.0061579737581678,-0.0049437341429428
2021-11-30,-0.0118072083773863,-0.0124481742588135
2021-12-01,0.0041250458408348,0.0042144431830634
2021-12-02,-0.0033847305332318,-0.0039353529981423
2021-12-03,0.0032940265636054,0.0035009202547994
2021-12-05,0.0024160989484756,0.0021221403050474
2021-12-06,0.0046707430508905,0.0043196870203759
2021-12-07,-0.0019298750574414,-0.0020693883095231
2021-12-08,0.0151029792454737,0.0145937089455302
2021-12-09,-0.0098303589228125,-0.0099745362784141
2021-12-10,0.0023137925905194,0.0033272231441104
2021-12-12,0.0010603130709252,0.0010589367695889
2021-12-13,0.0004087082127139,-2.203013430226617e-05
2021-12-14,0.0039224008371676,0.0033448922774317
2021-12-15,-0.0054432815128395,-0.0066865131719517
2021-12-16,0.015499226440286,0.015561935763981
2021-12-17,-0.0038611288196722,-0.0030419496736011
2021-12-19,0.0013320230061701,0.0017763427530915
2021-12-20,0.0022446416771517,0.0019785669510002
2021-12-21,-0.0069875160564628,-0.00721321747067
2021-12-22,-0.0031425256623682,-0.0028717447894553
2021-12-23,0.0029751758566516,0.0027700532319382
2021-12-24,-0.0003282578493899,-0.0003282578493899
2021-12-26,0.0007885040921322,0.0006944184518732
2021-12-27,-0.0002060660510392,-0.0004160345084002
2021-12-28,0.0028915368863979,0.0030812539880568
2021-12-29,0.0022327032208075,0.0020698613288548
2021-12-30,-0.0017446215472651,-0.001604531331153
2021-12-31,0.0027566625669579,0.0027211758602053
2022-01-02,-0.0007138206025804,-0.0010733433215903
2022-01-03,-0.0030156181940023,-0.0025485030806013
2022-01-04,0.0037753119051242,0.0037848040903278
2022-01-05,0.0062617721621598,0.0055260950196254
2022-01-06,-0.0038134457643398,-0.0036731900382406
2022-01-07,0.0011028904312018,0.0011011516930331
2022-01-09,-0.0009743552513351,-0.0009744319357728
2022-01-10,-0.0021833876415962,-0.002469453621989
2022-01-11,-0.001711589778181,-0.0013125866530856
2022-01-12,-0.0053926867329053,-0.0052731075188694
2022-01-13,0.0061134717793638,0.0054108184038674
2022-01-14,-0.0040707004164162,-0.004183223068307
2022-01-16,-0.0016967045645753,-0.0014507872394482
2022-01-17,-0.0003510290785527,-0.0005430963944363
2022-01-18,0.0040818760977998,0.0039294276899694
2022-01-19,-0.0002259089516538,-0.0003192345388297
2022-01-20,0.0122148587913075,0.0117077226266472
2022-01-21,0.0051291357656093,0.0048222326103842
2022-01-23,-0.0028382068261925,-0.0025452538512075
2022-01-24,0.0042132885539059,0.0046429315296031
2022-01-25,0.0014638349993123,0.001518171847477
2022-01-26,-0.0070435640398476,-0.0081070281361907
2022-01-27,0.0068249612715252,0.0059854789200043
2022-01-28,9.423208677428184e-05,8.902616906074248e-05
2022-01-30,-0.0017889953440349,-0.0019318625274135
2022-01-31,-0.0023102071730858,-0.001962927899516
2022-02-01,-0.0068726816389999,-0.006302973262689
2022-02-02,0.0026505998947201,0.0018801250488107
2022-02-03,-0.0119262425622993,-0.0116215018315234
2022-02-04,-0.0044751628597522,-0.0046122842872713
2022-02-06,-0.0009556296907902,-0.0010281159983627
2022-02-07,0.0010744072993906,0.001203921258904
2022-02-08,-0.0029073274980875,-0.0031708196773314
2022-02-09,-0.0028551352803987,-0.0024747026540154
2022-02-10,-0.0110868642576793,-0.012396840348511
2022-02-11,0.0023520795987408,0.0026517009213578
2022-02-13,-0.000672232559737,-0.0004427987676645
2022-02-14,-0.0049146091940908,-0.0058073763703623
2022-02-15,0.0040264032561212,0.0034167083846231
2022-02-16,0.0002182527560139,0.0005637530840558
2022-02-17,2.8999912879301704e-05,0.0006988578297985
2022-02-18,0.0010435102136021,0.0003113963404644
2022-02-20,0.0010413918817744,0.0013798031975896
2022-02-21,0.0011285107061798,0.0005802373387571
2022-02-22,-0.005619480979923,-0.0060508773326564
2022-02-23,0.0040445915372602,0.0039746340695694
2022-02-24,0.0084775694603425,0.0065178661525197
2022-02-25,-0.0011996744230265,-0.0013519843203873
2022-02-27,0.0008458422978923,0.0018073864932557
2022-02-28,-0.0067605360609303,-0.0050567837033133
2022-03-01,-0.0013605617101566,-0.0001923520210187
2022-03-02,-0.0113562162047547,-0.0120160423035681
2022-03-03,0.0014058330653259,0.0006951211478954
2022-03-04,-0.001931733560723,-0.0019465387484207
2022-03-06,-0.0041259703728462,-0.0034349774700217
2022-03-07,-0.0005210041301104,-0.0007900601726421
2022-03-08,-0.011861830591003,-0.0125899653244729
2022-03-09,0.0070813650950667,0.0058953642733034
2022-03-10,0.0057770070162457,0.0053529132875171
2022-03-11,0.0007732615838111,-6.069496784490516e-05
2022-03-13,0.0006230712855246,0.0001109894165507
2022-03-14,0.008152656577345,0.0073893361088132
2022-03-15,0.0073114973451045,0.0070162647488572
2022-03-16,-0.0177173160539418,-0.0141411305492718
2022-03-17,-0.0084183887906639,-0.0078827691451708
2022-03-18,-0.0007310362981977,-0.0004297401779916
2022-03-20,-0.0021701538705157,-0.00227220623179
2022-03-21,-0.0125715343529406,-0.0117011230265674
2022-03-22,0.0048592697418243,0.0046100592847828
2022-03-23,-0.0062313705802228,-0.0055616893241902
2022-03-24,-0.0042555517313095,-0.0033825978304213
2022-03-25,-0.0035805434948543,-0.0037180295926089
2022-03-27,0.0014493160693123,0.001331840679645
2022-03-28,0.0073373057030505,0.0063843508375632
2022-03-29,0.0011747695951387,-3.3621017370259266e-05
2022-03-30,0.0010732967739972,0.0014595656335753
2022-03-31,0.0012218524395766,0.0007001977992541
2022-04-01,0.001477041335417,7.929319641417272e-05
2022-04-03,0.000325533012359,-9.086063099129346e-05
2022-04-04,-0.0044431357126665,-0.0034033123430745
2022-04-05,0.0071663981239782,0.0055806199151271
2022-04-06,0.0050134524907055,0.0061239716987109
2022-04-07,-0.0024057670759001,-0.0023324723870189
2022-04-08,0.00045761218904,-0.000593372401246
2022-04-10,0.0020825316211925,0.0018189015191553
2022-04-11,0.0071049109251886,0.0080024257217868
2022-04-12,-0.0050098403676964,-0.0039439195023706
2022-04-13,-0.0034253055658006,-0.0024103714863929
2022-04-14,0.0030282649738218,0.0021408873247109
2022-04-15,-0.0026212322761051,-0.0026212322761051
2022-04-17,0.0046078792757067,0.0042154115905301
2022-04-18,0.0008856945431352,0.0012072752488088
2022-04-19,0.0065526110663984,0.0051081011419939
2022-04-20,-0.0030746315627701,-0.0026210150524032
2022-04-21,0.0039829224529648,0.0037673831796467
2022-04-22,0.006602616340805,0.0073566454399728
2022-04-24,0.0010204051760891,0.0011361385815817
2022-04-25,-0.000383253759019,0.0001502797971823
2022-04-26,-0.0066520972516778,-0.005463108209465
2022-04-27,0.0014801341418275,0.0009782549119744
2022-04-28,-0.007780790157259,-0.0076745031057161
2022-04-29,0.006840692823504,0.0065460829447276
2022-05-01,-0.0012075093354817,-0.0010662559677361
2022-05-02,0.0012523108974344,0.0007949568561931
2022-05-03,0.0004355289472179,0.0005257866296405
2022-05-04,-0.0045426001333713,-0.0041948597907196
2022-05-05,0.0048485174099583,0.0043339264024654
2022-05-06,0.0017240182355826,0.0017235612134241
2022-05-08,0.0026325117700842,0.0025836290749432
2022-05-09,0.0136620034769765,0.0136661566449168
2022-05-10,0.0043680476981167,0.0043864934262727
2022-05-11,-0.0149934776170556,-0.014323787136609
2022-05-12,-0.0053522744791448,-0.0045747372356977
2022-05-13,-0.0040568043833674,-0.0038237084624644
2022-05-15,-0.0025694869942172,-0.0024712241727925
2022-05-16,-0.0018176460422831,-0.0016493831195485
2022-05-17,0.0041240664880279,0.0036252245529532
2022-05-18,0.0071179725944452,0.0068361380387408
2022-05-19,0.0006578787507569,0.0006947943855169
2022-05-20,0.0025020001539304,0.002443543846222
2022-05-22,-0.0010890199314496,-0.0010505471392419
2022-05-23,0.0097855496200263,0.0093903299649197
2022-05-24,0.0018101552972968,0.0020270154748867
2022-05-25,-0.0016549131563594,-0.001611747660097
2022-05-26,-0.0077907328543851,-0.0074226843111883
2022-05-27,-0.0080572220449978,-0.0077534501822796
2022-05-29,-0.0041067378530844,-0.003926723003066
2022-05-30,-0.003202754150861,-0.0031219410338809
2022-05-31,0.0024745781570671,0.0024695321743457
2022-06-01,-0.0065662017043696,-0.0066023051355248
2022-06-02,-0.0054633502865319,-0.0052086377038053
2022-06-03,-0.0060587066622241,-0.0059402930607712
2022-06-05,0.0007196411731427,0.0006836591144855
2022-06-06,-0.0046009558818448,-0.0045145667751457
2022-06-07,-0.0037392853708138,-0.0036371099027218
2022-06-08,-0.0082941812344218,-0.0080373043073458
2022-06-09,0.0001680171233144,-0.0002201084430018
2022-06-10,-0.0040972442453769,-0.0044145354251462
2022-06-12,0.0025353859622623,0.0021600423178332
2022-06-13,-0.0056426487052327,-0.0054140459887254
2022-06-14,-0.0033069502735501,-0.0015803618378098
2022-06-15,0.0205319559829311,0.0235879022582413
2022-06-16,0.0254894227605086,0.0241498340279695
2022-06-17,0.0013196683180209,0.0015173881197103
2022-06-19,-0.0044744200690735,-0.0042688513353397
2022-06-20,0.0021753547243306,0.0020854482105709
2022-06-21,-0.0042473020041907,-0.0042117506240829
2022-06-22,0.023667928828976,0.0222686281560341
2022-06-23,0.000273774976651,0.0001657024400879
2022-06-24,-0.0118164034430432,-0.0109256429590512
2022-06-26,0.0030345771863073,0.0028347206616461
2022-06-27,-0.0115137073365169,-0.0110006220295782
2022-06-28,-0.0062970052894658,-0.0061010985154354
2022-06-29,0.0008506412963678,0.0005214146913133
2022-06-30,0.0221201239326067,0.0208818219305323
2022-07-01,-0.002187246167927,-0.0028066644121602
2022-07-03,0.000214046940806,0.000246796239919
2022-07-04,-0.0078599490001611,-0.0072960128759248
2022-07-05,0.0180715405186113,0.0170457292105112
2022-07-06,-0.0034971224486555,-0.0026840083375089
2022-07-07,-0.0157741616307418,-0.0150388320927545
2022-07-08,-0.0089962140276188,-0.0084746766385468
2022-07-10,-0.0001594218144803,-6.144609499217158e-05
2022-07-11,-0.0016025617575963,-0.0017506983189306
2022-07-12,0.0296080790185726,0.0281848464844302
2022-07-13,-0.0052199606796149,-0.005336304665931
2022-07-14,-0.0099174932110975,-0.0089416358279827
2022-07-15,0.0022639992933066,0.0022421096781956
2022-07-17,0.0058996221999112,0.005622012118041
2022-07-18,-0.0206242707713969,-0.0195574801174341
2022-07-19,0.0004879071998515,0.0008070649031205
2022-07-20,0.0100269439080693,0.0093010742743501
2022-07-21,0.0222049907604489,0.020945439444453
2022-07-22,0.0104714087873092,0.0097026584717455
2022-07-24,-0.0010220808623083,-0.0009707901708891
2022-07-25,-0.0105817621306109,-0.0065359592623874
2022-07-26,-0.003782013844838,-0.0035833616549293
2022-07-27,0.0016984341460803,0.0016027497746665
2022-07-28,0.0111503333784281,0.0105947542744717
2022-07-29,0.003481507320276,0.0033497680294963
2022-07-31,0.0004510504222776,0.0004291988295474
2022-08-01,0.0225406318692831,0.0213985052323633
2022-08-02,-0.0154696571514197,-0.0148127260567644
2022-08-03,0.0112876808338095,0.0106405196803616
2022-08-04,0.0194035774752134,0.0185459372067147
2022-08-05,-0.0168421716528028,-0.0162750325420488
2022-08-07,0.0003515922676011,0.0002744108846006
2022-08-08,-0.0038406841282113,-0.0016277442621456
2022-08-09,-0.0023942717572043,-0.0021856390717892
2022-08-10,0.0124027710375251,0.01176090904934
2022-08-11,-0.0096883713544319,-0.0091518374072933
2022-08-12,0.0047158364053447,0.0045044072072835
2022-08-14,0.0002084084136479,0.0002004271108265
2022-08-15,0.0111605399361434,0.0105650228699332
2022-08-16,-0.0007050631484563,-0.0006110715248404
2022-08-17,-0.0087077098577457,-0.0085516016265397
2022-08-18,-0.0140911359288141,-0.013354151140115
2022-08-19,-0.0084303858760342,-0.0079782601217403
2022-08-21,-0.0005452080462956,-0.0005381424011844
2022-08-22,-0.0127743075440677,-0.0121664046923064
2022-08-23,-0.006431372637367,-0.0061810171530989
2022-08-24,-0.007775892446542,-0.0074718914764947
2022-08-25,0.0126809271434034,0.0119919477697584
2022-08-26,-0.0113140496763382,-0.010603008196254
2022-08-28,-0.0052707217083403,-0.0049970894480627
2022-08-29,-0.0081715174584541,-0.0079808918905548
2022-08-30,0.0109206022516277,0.0103473680346624
2022-08-31,-0.0001250609283482,-0.0001865563428627
2022-09-01,0.0023002995922112,0.0021166083945656
2022-09-02,0.000505325673495,0.0006764453530798
2022-09-04,-0.0045423474393821,-0.0043024531233747
2022-09-05,-0.0015560054133336,-0.001503777650701
2022-09-06,-0.0092711754032348,-0.009073019786683
2022-09-07,0.0282524228202176,0.0267559168966886
2022-09-08,-0.0015187984514032,-0.0015442791096274
2022-09-09,-0.0003364712794369,-0.0005565187824705
2022-09-11,0.0015051498063687,0.0014457704820876
2022-09-12,0.0012885900531507,0.001177388153163
2022-09-13,-0.0280938972443269,-0.0279132384189144
2022-09-14,0.0011044673971671,0.0010896166811203
2022-09-15,-0.000721760066075,-0.0006461313387507
2022-09-16,-0.0004379700349744,-9.687708967440964e-05
2022-09-18,0.0041779693983383,0.0038767192244836
2022-09-19,0.0020111199612182,0.0018724270679987
2022-09-20,-0.0013685157608359,-0.0011525270916265
2022-09-21,-0.0191311242163544,-0.0171209048947811
2022-09-22,-0.0078403561712568,-0.0075075798857894
2022-09-23,-0.0140835937230484,-0.0131920142790964
2022-09-25,-0.0042160287095175,-0.0041075919248624
2022-09-26,-0.0034179167106376,-0.0026993808210559
2022-09-27,-0.0088473491998996,-0.008100779895997
2022-09-28,0.0265403903807734,0.0251790549947498
2022-09-29,-0.007533381773836,-0.00716423193347
2022-09-30,-0.0034004256465337,-0.0032420981013709
2022-10-02,-0.0078142887721694,-0.0073678873518527
2022-10-03,0.0264808690536983,0.0251669555361043
2022-10-04,0.0039224527768557,0.0037128830178014
2022-10-05,-0.0094789985396126,-0.0088534041969425
2022-10-06,-0.0153529987314834,-0.0144345161071202
2022-10-07,-0.0239436752674522,-0.0226649039519069
2022-10-09,-0.0013574956016882,-0.0012984665771582
2022-10-10,-0.000472676684572,-0.0004390518327023
2022-10-11,-0.0034214373968879,-0.0032568715434966
2022-10-12,0.0084191742788974,0.0079759114193765
2022-10-13,0.0066014925651811,0.006428642932534
2022-10-14,-0.0161185469860356,-0.0153187912597355
2022-10-16,0.0015617412084998,0.001491338155463
2022-10-17,0.0212351263444248,0.0201827566088915
2022-10-18,0.0112755557446253,0.0107126209656541
2022-10-19,-0.0298214957932241,-0.0282209904005306
2022-10-20,-0.0059331065806117,-0.0041707866013613
2022-10-21,0.0317583952569933,0.0302804709851057
2022-10-23,0.0052830077460084,0.0050324851167431
2022-10-24,0.0016929435023065,0.0014445163450041
2022-10-25,0.0005067695250271,0.0004654297519446
2022-10-26,0.0012829117133621,0.0011874433713482
2022-10-27,-0.0185242189960462,-0.0176169807683242
2022-10-28,0.0234357286249475,0.0220902005250703
2022-10-30,-0.0049805989302583,-0.004791231050593
2022-10-31,-0.0045853360160796,-0.0037068610394075
2022-11-01,-0.0098011759922407,-0.0092007219320403
2022-11-02,-0.032528849712041,-0.030740740654687
2022-11-03,-0.0143848859045574,-0.0136014357354461
2022-11-04,0.014448400554107,0.0137025217030712
2022-11-06,-0.0026789986168651,-0.0025347969541351
2022-11-07,0.0134234111000053,0.0127769399863694
2022-11-08,0.0207878216334957,0.0197171252041602
2022-11-09,-0.0149074858346471,-0.0142185358702137
2022-11-10,0.0516861814358482,0.0488275088700799
2022-11-11,0.0090997436159829,0.0086361456708413
2022-11-13,-0.0032678290079996,-0.0029408076333582
2022-11-14,0.0030401811626583,0.0030769478433457
2022-11-15,0.0021225516819392,0.0018989736462095
2022-11-16,0.0084903677555863,0.0075145942465783
2022-11-17,-0.0080194018960412,-0.0075503731835458
2022-11-18,0.0057073711538737,0.0053970611487523
2022-11-20,-0.0006368961387067,-0.000650670360054
2022-11-21,-0.0056709355673875,-0.0053997770422893
2022-11-22,0.00878988227791,0.0081068208837202
2022-11-23,0.0175964683191998,0.0170529595301257
2022-11-24,0.0017745560187034,0.002335764184093
2022-11-25,-0.0001065246201341,-5.976868359602673e-05
2022-11-27,-0.0041928525436779,-0.003983094763927
2022-11-28,-0.0144837902419101,-0.013719391466127
2022-11-29,-0.0086252959796775,-0.0081695065041862
2022-11-30,0.0291798664029798,0.0275482729416215
2022-12-01,-0.0026868070720287,-0.002465791466942
2022-12-02,-0.0031947542942418,-0.0031124111293743
2022-12-04,0.0015539995186104,0.0014832724012542
2022-12-05,-0.0040281145122222,-0.0038365158474615
2022-12-06,-0.0110464150239151,-0.010455094681306
2022-12-07,-0.0007168294971811,-0.0007452868722565
2022-12-08,0.0123160370522001,0.0117782472572524
2022-12-09,-0.0004272260913592,-0.000392057198528
2022-12-11,-0.002018773167923,-0.0019394028953563
2022-12-12,0.0124908371285092,0.0118589288534914
2022-12-13,0.0002525576280467,0.0002720178169771
2022-12-14,-0.0047149471313655,-0.0045277189247727
2022-12-15,-0.0268784217834459,-0.0255204692168251
2022-12-16,-0.0073359826976472,-0.0069033820176956
2022-12-18,0.0033267295426844,0.0031665140944293
2022-12-19,-0.0027826166006744,-0.0026506043301448
2022-12-20,-0.0042468179472977,-0.004001767066685
2022-12-21,0.002010891299538,0.0018411670374325
2022-12-22,-0.0165708175453043,-0.0157713338722868
2022-12-23,0.0083488331452854,0.0079911220439722
2022-12-26,0.006207032204976,0.0058701977002823
2022-12-27,-0.0017023731814026,-0.0016592259195885
2022-12-28,-0.0043693670006964,-0.0040674350422745
2022-12-29,0.0066680197311019,0.0063021448188433
2022-12-30,0.0004469169993632,0.0009702521369767
2023-01-02,-0.0016755576928995,-0.0016034323520753
2023-01-03,-0.0147989258556555,-0.014070018985404
2023-01-04,0.0070946773706339,0.0067333543231921
2023-01-05,-0.0092987425966674,-0.0087167968593029
2023-01-06,0.0044317580693225,0.0041587242675095
2023-01-08,0.0025528957573672,0.0024638916313014
2023-01-09,-0.0038413986989502,-0.0037628688202349
2023-01-10,0.0106043881625714,0.0101112625684379
2023-01-11,0.0102498127174606,0.0096908875030189
2023-01-12,-0.007747362545792,-0.0075640458280327
2023-01-13,0.0125721675645542,0.0122126813921686
2023-01-15,-0.0006820378403646,-0.0006520127869891
2023-01-16,-0.0005874183831844,-0.0005537658418317
2023-01-17,0.0025308303962434,0.0024608490320227
2023-01-18,-0.0210944441582858,-0.0206539105820904
2023-01-19,0.0012844004827017,0.0011026163362806
2023-01-20,0.0194050395377372,0.0185512040698851
2023-01-22,-0.0010852367185796,-0.0010165599810798
2023-01-23,0.013305159815679,0.012838764144471
2023-01-24,-0.0079633190134555,-0.0076251752487649
2023-01-25,-8.176066301912588e-05,6.365967557685392e-05
2023-01-26,0.0160104230204183,0.0152882794867984
2023-01-27,0.0019797830894405,0.0019895811205395
2023-01-29,0.001924180268908,0.0018157052422382
2023-01-30,-0.0080995891995816,-0.0064417391234227
2023-01-31,0.0039510465980381,0.0037437335514748
2023-02-01,-0.0052990575659791,-0.0050940789466532
2023-02-02,7.958159979870594e-05,5.565833746554696e-05
2023-02-03,0.0096579614730964,0.0094620757523235
2023-02-05,0.0028974273607467,0.0027521941464267
2023-02-06,0.0092934806587399,0.0087837285305456
2023-02-07,0.0171224764319675,0.0162708802782804
2023-02-08,-0.0007422428569184,-0.0006940567515057
2023-02-09,-0.0032778624490126,-0.0031832370135394
2023-02-10,0.0116213352802807,0.0109397432443649
2023-02-12,-0.0026888544066545,-0.0025240827739361
2023-02-13,0.0055927583374733,0.0052917619801276
2023-02-14,0.0020845384236323,0.0016812838164398
2023-02-15,0.0107362182286279,0.0123765312001308
2023-02-16,-0.0106580431677311,-0.0102089519736791
2023-02-17,-0.0114235060449684,-0.0109544736366561
2023-02-19,0.0023051568488476,0.00219714693292
2023-02-20,0.004673847377794,0.0044435211737392
2023-02-21,0.00043602485739,0.0004010436721804
2023-02-22,-0.0096939488398676,-0.0091942585413963
2023-02-23,0.0074499242888674,0.0071808920939336
2023-02-24,0.0107099216134938,0.010343878120251
2023-02-26,-0.0006337743452093,-0.0006063835276025
2023-02-27,-0.0066578776360307,-0.0063339037765517
2023-02-28,0.0032885018343598,0.0031374076683217
2023-03-01,-0.0010184786505829,-0.0009550679449467
2023-03-02,0.0089948827370784,0.0086109680304883
2023-03-03,0.0010434731845483,0.0009485453853769
2023-03-05,-0.0005520083230746,-0.0005165399010761
2023-03-06,0.0049030859361569,0.0046275026037368
2023-03-07,-0.0047506216256818,-0.0046527131167684
2023-03-08,-0.0027323207766312,-0.0026742901098213
2023-03-09,-0.0246180972987322,-0.0234914476649797
2023-03-10,-0.0212209054899072,-0.0200008524442516
2023-03-12,0.0048825628546833,0.004853418575769
2023-03-13,-0.0367878745998366,-0.0339979554729687
2023-03-14,0.0036701640424552,0.0041914437114387
2023-03-15,-0.0284515717178249,-0.0275706042517981
2023-03-16,0.0162134693431215,0.0175274319267386
2023-03-17,-0.0313771279344606,-0.0297937380334463
2023-03-19,0.0091978256337164,0.0085852329970046
2023-03-20,0.0008786459952208,0.0008030667558785
2023-03-21,0.024301377850191,0.0234586218741317
2023-03-22,-0.0230398414328908,-0.0216789110763837
2023-03-23,-0.0059669952781736,-0.0055694881869304
2023-03-24,0.0006601566953714,0.0006341774829943
2023-03-26,0.0034983248528241,0.0033266110385489
2023-03-27,0.027706869527903,0.0263122700350655
2023-03-28,0.0025896611141138,0.0023811778092117
2023-03-29,0.0023675569319387,0.0022341100862932
2023-03-30,0.0061889570401831,0.0058481559027597
2023-03-31,0.0037680468366021,0.003649017306643
2023-04-02,0.0285135367996978,0.0270242178455813
2023-04-03,-0.0157187355201029,-0.0151877688397652
2023-04-04,-0.0082614083466467,-0.0076074740218249
2023-04-05,-0.0059286988981279,-0.0055586164589989
2023-04-06,0.0017993546692194,0.0016155236295384
2023-04-07,0.008828357570368,0.0081760012719917
2023-04-09,-0.0033002478220319,-0.0030872612041144
2023-04-10,0.0077272978648024,0.0072485167151208
2023-04-11,0.003799217338164,0.0036092564712558
2023-04-12,-0.0039816601994907,-0.0036823204522897
2023-04-13,0.0008975528949595,0.0008229568546921
2023-04-14,0.0149722971742165,0.0140043349786487
2023-04-16,-0.0001945073376911,-0.0002260349299757
2023-04-17,-0.0022772319855639,-0.0012602799792802
2023-04-18,-0.0055652323703443,-0.0053053399964921
2023-04-19,-0.0076161407842204,-0.0070032022398977
2023-04-20,-0.0139266057531763,-0.0131984187329672
2023-04-21,0.0059978114317127,0.0056819578694852
2023-04-23,-0.0038876160366044,-0.0036953429945152
2023-04-24,-0.0041283034860161,-0.0039024904363956
2023-04-25,-0.0070183421257795,-0.0066094201557491
2023-04-26,-0.0140018393632067,-0.013302817060324
2023-04-27,0.0146024455142734,0.013852193101163
2023-04-28,0.0178391141376446,0.0170026448397246
2023-04-30,-0.0019455946199441,-0.0018567392604647
2023-05-01,0.0032451988502122,0.002912990900143
2023-05-02,-0.0258475015024208,-0.0242418607511698
2023-05-03,-0.0321970818833395,-0.0306012641786067
2023-05-04,0.0060497879948855,0.0054857536923329
2023-05-05,0.0155517803360767,0.0149479901881542
2023-05-07,0.0003618221149155,0.0003105125275555
2023-05-08,0.0088834049413071,0.008380064361613
2023-05-09,0.0045407912737425,0.0042611817913052
2023-05-10,-0.005234937448469,-0.0049504487056344
2023-05-11,-0.0049550714062448,-0.0046637925305492
2023-05-12,0.0082200086473753,0.0078062394206528
2023-05-14,-0.0004007967268133,-0.0003885629254958
2023-05-15,0.0076487167089915,0.0072263422395811
2023-05-16,-0.0035962555319891,-0.003340033609103
2023-05-17,0.0147988849518747,0.0143611936521909
2023-05-18,0.0160555366152352,0.0152963393219203
2023-05-19,-0.0072130536540959,-0.0068834587563637
2023-05-21,-0.000667913557565,-0.0006647217135525
2023-05-22,0.0081121412172915,0.0077576369969646
2023-05-23,-0.0019140936892315,-0.0017977965924247
2023-05-24,0.00669497737415,0.0064098381608698
2023-05-25,-0.0010651182893527,-0.0010285024016111
2023-05-26,0.0110421545725001,0.0104070608112941
2023-05-28,0.0019322082368262,0.0018652995380736
2023-05-29,0.0024105120672504,0.002242557806799
2023-05-30,-0.0061848543877984,-0.0056640821430832
2023-05-31,-0.0067849687785248,-0.0064265875498152
2023-06-01,0.0046725938811138,0.0045130472686598
2023-06-02,0.0100505959934058,0.0094404617335371
2023-06-04,0.0016159865276006,0.0015248626195749
2023-06-05,-0.0028341024764174,-0.0025725852989413
2023-06-06,-1.0605252582895908e-05,-0.0001394847822436
2023-06-07,-0.0054009681209523,-0.0052210891276848
2023-06-08,-0.0063432932531648,-0.0060632225818522
2023-06-09,0.0012346134291292,0.0011291166424211
2023-06-11,-4.485554572963846e-05,-0.0001094126203705
2023-06-12,0.006380890844535,0.006220845408414
2023-06-13,-0.0022262324104802,-0.002312607698902
2023-06-14,-0.0049442902507486,-0.0047175320027541
2023-06-15,0.0007441818193101,0.0008565606809191
2023-06-16,0.0048632892837268,0.0045534420400668
2023-06-18,-0.0013170846664518,-0.0012655902070474
2023-06-19,-0.0019973443409743,-0.0019464310446002
2023-06-20,0.0023277917846771,0.0024219821537742
2023-06-21,-0.0071288569155202,-0.0059199368993939
2023-06-22,0.0081388315958903,0.0076779156961291
2023-06-23,0.003452472314072,0.0033638044625023
2023-06-25,0.0002897281520455,0.0002969774213009
2023-06-26,-0.0045918474628335,-0.0043883738511158
2023-06-27,0.0015248998784869,0.001404230758083
2023-06-28,0.0115109720702062,0.0109918097075095
2023-06-29,-0.0032442310931471,-0.0031565452143414
2023-06-30,-0.002215132622895,-0.0021880977812769
2023-07-02,0.0010950609852529,0.0009924425170696
2023-07-03,-0.0004174427733342,-0.0010008144984016
2023-07-04,-0.0003212899903972,-0.0001580108069963
2023-07-05,-0.0025608155957477,-0.0027788841627768
2023-07-06,-0.0150379257178947,-0.0141359156099526
2023-07-07,-0.0176478715616792,-0.016651672520117
2023-07-09,0.0009298286983636,0.0009169195155493
2023-07-10,-0.0004149836750831,-0.0001970386092214
2023-07-11,-0.0028891065185259,-0.0029002344927427
2023-07-12,-0.003302382488019,-0.002786244079836
2023-07-13,0.0013419115551387,0.0011745875624257
2023-07-14,0.0028124747820632,0.0024877177065541
2023-07-16,-0.0004553393414996,-0.0003901727321847
2023-07-17,0.0081987475087201,0.0079437319197007
2023-07-18,0.0001897825879,3.668963738587849e-05
2023-07-19,0.0079102604072158,0.0088558829724313
2023-07-20,-0.0010603823893114,-0.0011572577678387
2023-07-21,0.0082237334370891,0.0077371025619167
2023-07-23,-0.0004175817218101,-0.000409387559592
2023-07-24,0.00453265859391,0.0041982382991446
2023-07-25,-0.0042906917901486,-0.0040619141031102
2023-07-26,-0.0050504596330175,-0.0045807000149922
2023-07-27,0.0022865335525241,0.001784611038985
2023-07-28,0.015512037745349,0.0149804510823232
2023-07-30,-0.0002679458804443,-0.0002686086790376
2023-07-31,0.0029702913384044,0.0017871805814985
2023-08-01,-0.0039307908844685,-0.0035863615892538
2023-08-02,0.0044484638513815,0.004437174762146
2023-08-03,-0.0064568577449866,-0.0062209753980195
2023-08-04,-0.0128428795545956,-0.0120342841190435
2023-08-06,0.0010255728185988,0.000828417064535
2023-08-07,0.0099868155992868,0.0096188131636469
2023-08-08,0.0034536048448881,0.0032808697523007
2023-08-09,-0.006590611382509,-0.0064474842923202
2023-08-10,0.0056863912990459,0.0052804360850988
2023-08-11,0.0001815558600439,0.000195907174621
2023-08-13,0.0013295224903742,0.0013313586562636
2023-08-14,0.0079218069540782,0.0073721387487065
2023-08-15,-0.0131876804832403,-0.0123561665063882
2023-08-16,-0.0014083054207246,-0.0004121770456006
2023-08-17,-0.0126176248461042,-0.012119909835216
2023-08-18,-0.0021044653241204,-0.0020065755531045
2023-08-20,0.0010085159227195,0.0009734932724207
2023-08-21,0.0085087030729709,0.0080844479672315
2023-08-22,0.0017945118087245,0.0016454009112238
2023-08-23,0.0039993344861548,0.003891149418975
2023-08-24,-0.0061722872901645,-0.0058914422022258
2023-08-25,0.0030420492002858,0.0028255211234137
2023-08-27,0.0014866707282614,0.0013972018111553
2023-08-28,2.5994070133705804e-05,0.000101068185299
2023-08-29,0.0053020298950978,0.0051081072627619
2023-08-30,-0.004619577793839,-0.0043414804588455
2023-08-31,0.0053435346413923,0.0050371367871675
2023-09-01,0.0166091182581942,0.0156985169276215
2023-09-03,-0.0012224978270725,-0.0011328376654294
2023-09-04,0.0006245944381955,0.0004865094905161
2023-09-05,0.0113041587794986,0.0107564121856103
2023-09-06,0.0002441165080138,0.0001193016354397
2023-09-07,0.0007555082334382,0.0009076316186829
2023-09-08,0.0086485400592826,0.0081252931875441
2023-09-10,-0.0057489130515488,-0.0055260982735552
2023-09-11,-0.0022112850621689,-0.001957757401876
2023-09-12,-0.0004471037159559,-0.00058441008031
2023-09-13,0.0071215349648634,0.0068925934976685
2023-09-14,0.0176500485777075,0.0166515048465033
2023-09-15,9.459315333026908e-05,-1.2728262801062856e-05
2023-09-17,0.0006249672663163,0.0005737607935563
2023-09-18,0.0007628124313066,0.0007451231820492
2023-09-19,-0.0080493898878747,-0.0077848163600478
2023-09-20,-0.0012618688987973,-0.0005046403783101
2023-09-21,-0.0107665866245412,-0.0100391510874802
2023-09-22,0.0076139563239088,0.0073019263893737
2023-09-24,0.0004309762590173,0.0004094274460664
2023-09-25,0.0075377077475511,0.0071333572939946
2023-09-26,-0.0006894586713064,-0.0006698654086523
2023-09-27,0.0099072582760113,0.0093329826948245
2023-09-28,-0.0081028814290765,-0.0076584828800872
2023-09-29,-0.0070286198286199,-0.0066507038724772
2023-10-01,0.0045391031614798,0.0042827958888369
2023-10-02,0.0055201013385401,0.0045420775696906
2023-10-03,-0.0065784328681616,-0.0060620116144966
2023-10-04,-0.0175676933370996,-0.0167549471448158
2023-10-05,-0.0098925710275213,-0.0092334594830922
2023-10-06,0.0089673031651893,0.0083887366725615
2023-10-08,0.0085878822673635,0.0085541505800649
2023-10-09,0.0010565890874711,0.0012856463337439
2023-10-10,0.0005272169677117,0.0001567118032475
2023-10-11,4.449364547998158e-05,-1.477927874128666e-05
2023-10-12,0.021640768969809,0.020235281010895
2023-10-13,0.0160483183217234,0.0153867423339117
2023-10-15,-0.0027166528653658,-0.0026606565210983
2023-10-16,-0.0013127019781318,-0.0010133373325588
2023-10-17,0.0041668892669679,0.0041086994227562
2023-10-18,0.0190886544489929,0.0186266739101068
2023-10-19,0.0087014254337713,0.008634207712119
2023-10-20,-0.0126171148264925,-0.0120651914298683
2023-10-22,-0.0014848915003348,-0.0014690348023568
2023-10-23,-0.0128025577362905,-0.0120458036644693
2023-10-24,0.004146526379994,0.0038358157908292
2023-10-25,0.0161815254012716,0.0152434261237616
2023-10-26,-0.0088057410123274,-0.0079784990944698
2023-10-27,0.0022095357971425,0.0020612243656532
2023-10-29,0.001054874928511,0.0009554231204615
2023-10-30,-0.0074305058988312,-0.0076911743714246
2023-10-31,0.0162260844054644,0.0154276810146001
2023-11-01,-0.016031571645054,-0.0145598986486241
2023-11-02,-0.0031480312583235,-0.0030861391657891
2023-11-03,-0.0192851506176101,-0.0178353462076356
2023-11-05,-0.0002861369876894,-0.0003010810578285
2023-11-06,0.0010674662626166,0.0009103560020919
2023-11-07,0.0077753826901871,0.0074120470009978
2023-11-08,0.0035551847161188,0.0029154591314009
2023-11-09,0.0229570933262583,0.0215814332714155
2023-11-10,-0.0059120894699155,-0.0055222087824276
2023-11-12,0.0007378669273661,0.0006785329358681
2023-11-13,0.0006796258355579,0.0009530076620281
2023-11-14,-0.031667225547438,-0.0292908180387131
2023-11-15,0.0076111338995537,0.0070519048240901
2023-11-16,0.0012865254183955,0.0012608037616095
2023-11-17,-0.0133804978181761,-0.0127851311415675
2023-11-19,0.0012976170748328,0.0012189329989285
2023-11-20,-0.0119836653271953,-0.0113417636339975
2023-11-21,0.0048567477653818,0.0046136155865138
2023-11-22,0.0279500835724135,0.0266057460681095
2023-11-23,-0.0005249111279365,-0.0005461648799178
2023-11-24,-0.0078295458791174,-0.0074377935677111
2023-11-26,-5.746989158861293e-05,-2.868697764087522e-05
2023-11-27,-0.0045503591299043,-0.0043234426718929
2023-11-28,-0.0079727078953761,-0.007497198851302
2023-11-29,0.0047793690922601,0.0046211280093937
2023-11-30,0.0189819319888053,0.0180006952482097
2023-12-01,0.0047744009356704,0.0045922966636082
2023-12-03,0.0052146755198059,0.0049328972335151
2023-12-04,-0.0059269250392043,-0.0056135267731754
2023-12-05,0.0070522170934552,0.006676410811555
2023-12-06,0.008294612481837,0.0078379488476307
2023-12-07,-0.0193425410145099,-0.0183805086402136
2023-12-08,-0.0006843972778084,-0.0006579168121966
2023-12-10,0.0005857709581114,0.0005667091127587
2023-12-11,0.0028243356582711,0.0026925743288495
2023-12-12,0.0006310616837552,0.0006135858309535
2023-12-13,0.00269369849147,0.0025763560207624
2023-12-14,-0.0183766473306177,-0.0174032379649821
2023-12-15,0.0079898311930013,0.0075940551768781
2023-12-17,0.0040601839575307,0.0038457569781882
2023-12-18,0.0058630509858281,0.0055699715546479
2023-12-19,-0.0062367812354003,-0.0059495715168065
2023-12-20,0.0022299115968551,0.002813562864185
2023-12-21,-0.0066726806631944,-0.0063860711560887
2023-12-22,0.0027483932203857,0.0024631035404037
2023-12-25,-0.0020219652835525,-0.0017968370652408
2023-12-26,-0.0009469293779731,0.0014781524318596
2023-12-27,0.00521846490129,0.0049897794837502
2023-12-28,0.0108014189015659,0.0102704062742797
2023-12-29,-0.0009571978081381,-0.0008681588030341
2024-01-01,0.0040684067274661,0.0038252253294145
2024-01-02,0.0104975111414209,0.0096773632373961
2024-01-03,-0.0105127441983087,-0.0101572930168253
2024-01-04,0.0025673587419543,0.0031097571135752
2024-01-05,-0.0070281487456974,-0.0065554710805599
2024-01-07,0.0002552372958883,5.272731603687112e-05
2024-01-08,0.0055786438251801,0.0054661755151824
2024-01-09,0.0024043510903613,0.0023426144961845
2024-01-10,0.0025880972887435,0.0025140185068056
2024-01-11,-0.0041282653680462,-0.0034647764259157
2024-01-12,0.0007471109735737,0.000924494905934
2024-01-14,-0.0004055718415318,-0.000386167875791
2024-01-15,0.0015044126583074,0.0014193803485682
2024-01-16,0.0044537483947082,0.0041860266140368
2024-01-17,-0.0083792366365342,-0.0075897295756118
2024-01-18,-0.0056687354344013,-0.0053810626247036
2024-01-19,0.0008705512318789,0.0009081176420065
2024-01-21,-0.0001614898069108,-0.0001331557421928
2024-01-22,-0.0020575153232423,-0.0019582034946045
2024-01-23,0.0026722832718706,0.0025165642659316
2024-01-24,-0.0109863281035685,-0.0103813535450141
2024-01-25,0.0068000285978924,0.0064853797509871
2024-01-26,-0.0044430150212799,-0.0042317819169571
2024-01-28,-0.0010736312940267,-0.0009999265398637
2024-01-29,0.0075245231629508,0.0071537549482594
2024-01-30,0.003466323347945,0.0032497151161728
2024-01-31,0.0149231124479298,0.0143848599846956
2024-02-01,0.0042771623004578,0.0040789039740958
2024-02-02,-0.0010976612091638,-0.0020509800461651
2024-02-04,-0.0025685095564987,-0.0026570510686394
2024-02-05,-0.0056004032043942,-0.0025595987645224
2024-02-06,-0.001889682563819,-0.0016323848013719
2024-02-07,-0.0037645165761427,-0.0036674362345412
2024-02-08,-0.0091181821976028,-0.008837890660894
2024-02-09,-0.0054830903893849,-0.0052189928351645
2024-02-11,0.000984535133675,0.0010004462783272
2024-02-12,-0.0014261225781061,-0.0014897048168123
2024-02-13,-0.0119779401811359,-0.0123964535635815
2024-02-14,0.0068758219014308,0.0070978740880188
2024-02-15,-0.003013702402044,-0.0017049584561202
2024-02-16,-0.0017043038647822,-0.0017691713680836
2024-02-18,0.0011287708933609,0.0009926575232654
2024-02-19,-0.0007195370515123,-0.0006418016680074
2024-02-20,0.0087301790238967,0.0083952996316989
2024-02-21,-0.0093573434355855,-0.0080868843301018
2024-02-22,-0.0049583941992884,-0.0047030055402667
2024-02-23,0.0124435350292111,0.0118478975543621
2024-02-25,-0.0007581297747649,-0.0007256745047971
2024-02-26,-0.00509023863825,-0.0048441715715168
2024-02-27,-0.0047848506353104,-0.0045578228745758
2024-02-28,0.0063969833596135,0.0060767220526154
2024-02-29,0.0036258068482819,0.0034309540603826
2024-03-01,0.0043239533438004,0.0040639629825375
2024-03-03,-0.0016133825924166,-0.0015237350097871
2024-03-04,0.0066860659261118,0.0064205789787335
2024-03-05,0.0132200648856728,0.0125523197135542
2024-03-06,0.0016707134660254,0.0015872744483641
2024-03-07,-0.0006286343468281,-0.0006262873901419
2024-03-08,0.0133726236115758,0.0127950412941481
2024-03-10,0.0004462874247816,0.0004091570904117
2024-03-11,-0.0024211259053549,-0.0022934136456837
2024-03-12,-0.0121931627073554,-0.0115949451210118
2024-03-13,-0.0036680928278213,-0.0035073085136752
2024-03-14,-0.0103118822737345,-0.0097958754370252
2024-03-15,-0.0010146688159158,-0.0009635398473183
2024-03-17,-0.0044372001618343,-0.0042233755327313
2024-03-18,-0.0059407532147929,-0.0056686585250716
2024-03-19,-0.0032073719530314,-0.0030520459164065
2024-03-20,0.0076387587318391,0.0076765263500203
2024-03-21,-0.0042408764311708,-0.003947893011123
2024-03-22,0.0003243295379677,0.0002830465231372
2024-03-24,0.0002208866349917,0.0002165227313619
2024-03-25,-0.0035810175001627,-0.0032470834922907
2024-03-26,0.0036659756118193,0.0034770998780809
2024-03-27,0.0021884560211278,0.0020689301835263
2024-03-28,0.0087504957438686,0.0082888157388445
2024-03-29,-0.0009141555989439,-0.0009141555989439
2024-03-31,0.0010628478000702,0.0010523517071673
2024-04-01,-0.0046589225781418,-0.0045471582702694
2024-04-02,0.0072105679421767,0.0068741502275191
2024-04-03,0.0012585715178614,0.001280085319839
2024-04-04,0.000273415053394,0.0003195884697493
2024-04-05,0.0052176578698328,0.0046215011202648
2024-04-07,-0.0020763664702778,-0.0020157494797364
2024-04-08,0.0027676459668675,0.002629672143343
2024-04-09,0.0067598731889715,0.0067511759324588
2024-04-10,-0.0045298242062945,-0.0051810580374861
2024-04-11,0.0048232131990721,0.0046324244949268
2024-04-12,0.0006568971310481,0.0009002704177668
2024-04-14,0.0035947382412639,0.0034295300177478
2024-04-15,0.0070567844001103,0.0064869696347827
2024-04-16,0.000671530341664,0.0004335154483646
2024-04-17,0.0038402985287142,0.0053477052403011
2024-04-18,0.0059218050178886,0.0053614375770845
2024-04-19,0.0051027817625346,0.0048350268187876
2024-04-21,-0.0017247245809119,-0.0016682758004356
2024-04-22,-0.0113147442852709,-0.0105668997298334
2024-04-23,-0.0109038142506584,-0.0101406067457848
2024-04-24,0.0030454407343285,0.0028005217116008
2024-04-25,-0.0035037331621773,-0.0038170779673415
2024-04-26,-0.0003985408091424,-0.0004128363175628
2024-04-28,-4.54027923434408e-05,2.560574231049076e-05
2024-04-29,0.0018814701120111,0.0017911746744519
2024-04-30,-0.0021471878571545,-0.0025669744196592
2024-05-01,0.0127904241206022,0.0132665478367538
2024-05-02,-0.0025478588497112,-0.002061113245037
2024-05-03,-0.0007220427795331,-0.0003611055260539
2024-05-05,-0.00253031131753,-0.0024037957516535
2024-05-06,0.0019299238804113,0.0017719052541966
2024-05-07,0.001308654309722,0.0007500740478646
2024-05-08,-0.0015797372355276,-0.0015331329286353
2024-05-09,0.0038668885382733,0.0037713387351561
2024-05-10,0.0066912685496385,0.0060803417351389
2024-05-12,-4.506778416835111e-05,-7.61470132785309e-06
2024-05-13,-0.0074007329236481,-0.0070306962774657
2024-05-14,0.0013007555110366,0.0016998701348254
2024-05-15,-0.0027314116769272,-0.0018021003957356
2024-05-16,-0.0008474534542205,-0.0008138873849034
2024-05-17,0.0021298092741512,0.0020135185368267
2024-05-19,0.0015095357120316,0.0014128272400073
2024-05-20,0.0013883436832877,0.0013251075897148
2024-05-21,0.0017437651661011,0.0016339086550466
2024-05-22,0.0009556217530064,0.0008719194890923
2024-05-23,-0.0015941829194117,-0.0015409990206171
2024-05-24,-0.0068631077588412,-0.0064827382431389
2024-05-26,0.0002535270596206,0.000200789028555
2024-05-27,-0.0014614598253556,-0.0013437391170069
2024-05-28,0.0024084139014135,0.0022421811211468
2024-05-29,0.0067870665145697,0.0063724331525973
2024-05-30,-0.0023913247387721,-0.0022016089906075
2024-05-31,-0.0060614912775497,-0.0056511084190681
2024-06-02,5.445250533364643e-05,5.172988006696411e-05
2024-06-03,-0.0039145290418091,-0.003685151861842
2024-06-04,0.0021991319553906,0.002141250411297
2024-06-05,-0.0017526301492766,-0.001665414173638
2024-06-06,0.0005351406765161,0.0005312517302912
2024-06-07,0.0082989831399924,0.0078852777625973
2024-06-09,0.0025072683344264,0.0023879501353819
2024-06-10,0.0017887389993573,0.0017018389515068
2024-06-11,-5.6192411605038295e-05,-4.369255797615994e-05
2024-06-12,-0.0087638981077925,-0.0083007384909862
2024-06-13,0.0004595196430046,0.0004322946898922
2024-06-14,0.0024512910917759,0.0023170127715772
2024-06-16,0.0016988945977363,0.0016233255199641
2024-06-17,0.0025129999285629,0.0023978446873919
2024-06-18,-0.0035505946170896,-0.0033812317159765
2024-06-19,-0.0017445107694739,-0.0019625412458385
2024-06-20,0.0069828973784962,0.0068153013397553
2024-06-21,-0.0047008166980475,-0.004598320702418
2024-06-23,0.0012051032846047,0.0011268691844257
2024-06-24,-0.0063142826196642,-0.0044627337451538
2024-06-25,0.001199633495811,0.0011013422566065
2024-06-26,0.0144647832580167,0.0139562484523963
2024-06-27,-0.0047145117972844,-0.0045493541189617
2024-06-28,0.0079168781046186,0.0076096008958117
2024-06-30,-0.0005973960537407,-0.0005963178457341
2024-07-01,0.0062179951382428,0.0064596460957221
2024-07-02,-0.0044498740690938,-0.0041949063312865
2024-07-03,-0.0081381702171079,-0.007783853720895
2024-07-04,-0.0018291055345027,-0.0017800932673847
2024-07-05,-0.0086090716123331,-0.0077542930788171
2024-07-07,0.0019528884131574,0.001845132223131
2024-07-08,-0.0059143571887223,-0.0056264620621362
2024-07-09,0.0052752443920696,0.0050021486134309
2024-07-10,-0.004722805358812,-0.0044617275326767
2024-07-11,-0.0040091666129866,-0.0036888362861401
2024-07-12,-0.0017330464369323,-0.0017514908635148
2024-07-14,0.0079217099189967,0.007551250445338
2024-07-15,-0.0002009153612336,0.0008706706746679
2024-07-16,0.000842423047445,0.0012976843555508
2024-07-17,-0.0018395384363132,-0.0012568107603754
2024-07-18,0.0079175515175686,0.007711277678404
2024-07-19,-0.0002643174950945,9.78215269743397e-06
2024-07-21,-0.0017225389382682,-0.0016552792082495
2024-07-22,0.004038614450522,0.0038850252163304
2024-07-23,0.0088980876256365,0.0094565487601262
2024-07-24,0.0030975109258435,0.0030422007477953
2024-07-25,-0.0085307245522006,-0.0081074735635619
2024-07-26,0.001478203380097,0.0014196168072251
2024-07-28,0.0013368676631162,0.0012700242799604
2024-07-29,-0.001541054268651,-0.0014634155006985
2024-07-30,0.0102604937960035,0.009760461171618
2024-07-31,0.0161332034618246,0.0153202543331863
2024-08-01,0.0019959411558096,0.0017599054612588
2024-08-02,-0.0200976028226892,-0.0173037008070471
2024-08-04,0.0027123679045082,0.0026650813081879
2024-08-05,-0.0049116428934332,-0.0058850516537634
2024-08-06,0.0123553114439844,0.011249344984978
2024-08-07,-0.0081988960813831,-0.007383071443496
2024-08-08,0.0008726886310592,-0.0001370139489235
2024-08-09,-0.002271159817209,-0.0025820754329856
2024-08-11,-0.000544640220715,-0.0005942154321616
2024-08-12,0.0005947038989855,0.0023004091230655
2024-08-13,-0.0134571747110308,-0.0120685653393214
2024-08-14,-0.0065883707090137,-0.0064083190971185
2024-08-15,0.0049528828261209,0.0036168125552314
2024-08-16,0.007310093763637,0.0074181427522019
2024-08-18,0.0017966061717895,0.0014164227643694
2024-08-19,-0.002925023512554,-0.0025742901501073
2024-08-20,-0.0069738363299799,-0.0060196026665043
2024-08-21,-0.000524185258282,0.0001205581873637
2024-08-22,-0.0053822575293158,-0.0050408528607931
2024-08-23,-0.0033204871716298,-0.003233401716461
2024-08-25,0.0011438455906651,0.0010660130348957
2024-08-26,-0.0009811958616297,-0.0008706690656745
2024-08-27,0.0024842265093494,0.0022639246739286
2024-08-28,0.0047368648630734,0.0045601541897888
2024-08-29,0.0019381113009673,0.0019763841103846
2024-08-30,-0.0026257774566984,-0.0025281600722999
2024-09-01,0.0003663038416346,0.0003653121472859
2024-09-02,-0.0035824501658482,-0.0033851601088925
2024-09-03,0.010864407277076,0.0102675729038286
2024-09-04,0.0028255460726536,0.0025453298665739
2024-09-05,0.0002494792891369,0.000355471887371
2024-09-06,0.0096655713170072,0.0092682233116707
2024-09-08,-0.0008624604239684,-0.000869363945552
2024-09-09,-0.0034086729685042,-0.0031065177683323
2024-09-10,0.006026427605152,0.0057529145031124
2024-09-11,-0.0055886281824943,-0.0051229113977349
2024-09-12,0.0014050672708452,0.0011323268236445
2024-09-13,0.0043544708091591,0.0041776272692057
2024-09-15,0.0003863963619332,0.0002582234877145
2024-09-16,-0.0044994011463849,-0.0042137541526626
2024-09-17,-0.0044430370783249,-0.0041784969296271
2024-09-18,-0.0012189791577025,-0.0011200456231505
2024-09-19,-0.0004333369103599,-0.0007577499327694
2024-09-20,0.0016606458077781,0.0016598432549381
2024-09-22,-0.003258806643447,-0.0030671924808512
2024-09-23,0.001725323526635,0.0016850336536479
2024-09-24,0.0019349055736699,0.002071130747157
2024-09-25,-0.0008643494922269,-0.000965222300262
2024-09-26,-0.0006453083057998,-0.0009244978499581
2024-09-27,0.0045933560704232,0.0047217025288563
2024-09-29,-0.0020970901082228,-0.0020556766510061
2024-09-30,-0.0066702143729561,-0.0068980159439523
2024-10-01,0.0017337735747542,0.0017858145921532
2024-10-02,-0.0093594565332592,-0.0091789910830743
2024-10-03,-0.0029309762878341,-0.0028249072478333
2024-10-04,-0.0138141210903899,-0.014979783192272
2024-10-06,-0.0003577004855938,-0.0008175785361318
2024-10-07,0.0010366831984269,0.0008311181913918
2024-10-08,-0.0003047431257774,-0.0001583193024379
2024-10-09,-0.0077703392191499,-0.0081889221810227
2024-10-10,0.0018218246927652,0.0024700678087301
2024-10-11,0.0035927255682908,0.0036491550587655
2024-10-13,0.0013369669402216,0.0011681814357544
2024-10-14,-0.0021756541818022,0.0031960235330626
2024-10-15,0.0054079190589346,0.0051660016675328
2024-10-16,-0.0030697164135509,-0.0024262230368082
2024-10-17,0.0002476369133965,0.0002951665683275
2024-10-18,0.0054809126017549,0.0051838763183382
2024-10-20,0.0009661430001266,0.0009367703826429
2024-10-21,-0.0049914087563459,-0.0045661848211963
2024-10-22,-0.0019158879257971,-0.0018553556398422
2024-10-23,-0.0061829221882115,-0.0058963503116061
2024-10-24,0.0092142115784059,0.0088117527150839
2024-10-25,-0.002692917447441,-0.0026924612543967
2024-10-27,0.0013313488562574,0.0012078845892147
2024-10-28,0.0011097935526385,0.0010667746356126
2024-10-29,0.0008983815968559,0.0010100085584725
2024-10-30,0.0024181662170004,0.002099178674453
2024-10-31,0.0011797442925214,0.001228476747419
2024-11-01,-0.002288096924451,-0.0022293664874924
2024-11-03,0.0010743819851408,0.0011551424548252
2024-11-04,-0.0022946034735066,-0.0024613908335682
2024-11-05,0.0019780556198485,0.0020828266452619
2024-11-06,-0.0239824490343262,-0.0231099879495033
2024-11-07,0.0066695099149154,0.0065761431923308
2024-11-08,-0.0084035472330246,-0.0082409173772311
2024-11-10,0.001333500398619,0.0012077763223784
2024-11-11,-0.0062944234023095,-0.006020184285912
2024-11-12,-0.0086151151814896,-0.0084828268057502
2024-11-13,-0.0159504230956007,-0.0146181463228988
2024-11-14,-0.0062054215055593,-0.0062221955039782
2024-11-15,0.0073110827726452,0.0071222253459834
2024-11-17,0.0003383205550824,0.0003013794637079
2024-11-18,0.001044396453171,0.0010624340215847
2024-11-19,0.005506902443876,0.0051359675942559
2024-11-20,-0.0024032612696492,-0.0015183052954975
2024-11-21,-0.0025522365405339,-0.0024243634348978
2024-11-22,-0.0046751000031257,-0.0044848181287686
2024-11-24,0.0037709505398828,0.0035821728596761
2024-11-25,-0.0124244430405952,-0.0117091470344497
2024-11-26,0.0078795505268485,0.0074155096980135
2024-11-27,0.0118476020712308,0.0112665368752725
2024-11-28,-0.0030562107638764,-0.0029258816733846
2024-11-29,0.0018193395304186,0.00172802767186
2024-12-01,-0.0028967697313884,-0.0027518567189845
2024-12-02,-0.0065950668052772,-0.0059250041980427
2024-12-03,0.000601771700641,0.0005340756832206
2024-12-04,-0.0080243639919412,-0.0076233478084311
2024-12-05,0.0080685494213461,0.0076522364582098
2024-12-06,-0.0052477591137362,-0.0050272011672104
2024-12-08,0.000772606985484,0.0007256929929464
2024-12-09,0.002481371001803,0.0023405197111352
2024-12-10,0.0020196196394424,0.0019635589305891
2024-12-11,0.0035242446101502,0.0033403132460307
2024-12-12,-0.0011157625443747,-0.001107298715038
2024-12-13,0.0053182398251696,0.0050946871917101
2024-12-15,-0.0002629766817007,-0.0002252722378515
2024-12-16,-0.0019470343361541,-0.001879417896961
2024-12-17,0.0026993107807486,0.0025684300077427
2024-12-18,0.0013450557088434,0.0011532096470136
2024-12-19,-0.0029584803428999,-0.002676974364532
2024-12-20,0.0062558151980733,0.0059849366345074
2024-12-22,-0.0026473016904459,-0.0025108648938886
2024-12-23,0.0019634665172856,0.0019571652154138
2024-12-24,-0.0012671721860869,-0.0011987866677677
2024-12-25,0.0005352381609955,0.0005061223515804
2024-12-26,0.0006843693373084,0.0006549178218921
2024-12-27,0.0080794628322655,0.0076355013566406
2024-12-29,0.0012019498621496,0.0011418224422643
2024-12-30,-0.0063262027644541,-0.0060254131532119
2024-12-31,0.0029565803109454,0.0027328757738169
2025-01-01,0.0080019836422386,0.0080019836422386
2025-01-02,-0.0079789891584296,-0.0079789891584296
2025-01-03,0.0057128915421824,0.0057128915421824
2025-01-05,0.0024485535190224,0.0024485535190224
2025-01-06,0.0038535324975412,0.0038535324975412
2025-01-07,0.0069713852943584,0.0069713852943584
2025-01-08,-0.0032169490383937,-0.0032169490383937
2025-01-09,-0.0008374152614913,-0.0008374152614913
2025-01-10,0.0054313264913634,0.0054313264913634
2025-01-12,0.0034917253321271,0.0028595180884478
2025-01-13,-0.0014723835516746,0.0001899287306017
2025-01-14,0.0051952807104129,0.0049128756623369
2025-01-15,-0.0065083109327492,-0.0059591051011444
2025-01-16,-0.0035346001879853,-0.0032438415179886
2025-01-17,-0.0011778810569214,-0.001119997262635
2025-01-19,0.0005152188984729,0.0004825024104427
2025-01-20,-0.0040633281749428,-0.0038061245406597
2025-01-21,0.0020005992186546,0.0019122414191854
2025-01-22,-7.665148177515846e-06,-1.224148057127994e-05
2025-01-23,0.003186467613516,0.0030366216500347
2025-01-24,0.0014086307983418,0.0013461555170602
2025-01-26,-0.0031921764321786,-0.0030299267924836
2025-01-27,-0.0062486212637697,-0.0059401397769831
2025-01-28,0.0009172932513716,0.0008980275659017
2025-01-29,-0.0010548740304684,-0.0010167438045657
2025-01-30,-0.0002340364271435,-0.0002326900077909
2025-01-31,-0.0008473726686708,-0.0008707091710902
2025-02-02,-0.0004708011007763,-0.0005971943292686
2025-02-03,0.0010766357457514,0.0010393069401056
2025-02-04,0.0027234785855836,0.0029551307470973
2025-02-05,-0.0103964848696669,-0.0098649629706221
2025-02-06,0.0019215654255622,0.0018103295798282
2025-02-07,0.0071078893608809,0.0066275870184081
2025-02-09,-0.0002673881768557,-0.0002540187680129
2025-02-10,0.0033888188225055,0.0035500538480254
2025-02-11,0.0043937859960636,0.0041409301597516
2025-02-12,0.0054391857162843,0.0050553458356379
2025-02-13,-0.0030676448079963,-0.0024746827158989
2025-02-14,-0.0039782741848893,-0.0037788495902289
2025-02-16,0.000258754315932,0.0002466829786908
2025-02-17,0.0024640730684684,0.0023416228426932
2025-02-18,0.005798860094532,0.0055094350566716
2025-02-19,0.0004678312555292,0.0004436581274173
2025-02-20,0.0008668855977307,0.0008354530416095
2025-02-21,-0.0037556960332953,-0.0035653300304603
2025-02-23,0.0006210035667086,0.0005890601935519
2025-02-24,-0.0003670577139527,-0.000354122174292
2025-02-25,-0.0071097355594108,-0.0067638195505229
2025-02-26,-0.0075419897917375,-0.007187896858833
2025-02-27,-0.0021945909294522,-0.0020572665604533
2025-02-28,-0.0068832134840616,-0.0065186692855668
2025-03-02,0.0020948336381978,0.0019772391941318
2025-03-03,0.0028691115323411,0.0027511117195827
2025-03-04,0.0006098728046191,0.0005611298015837
2025-03-05,0.0034110876821986,0.0032461862165312
2025-03-06,7.603719373716622e-05,0.0001403285463158
2025-03-07,-0.00624070065026,-0.0059264063401999
2025-03-09,0.0020681459852245,0.0019649394867571
2025-03-10,-0.0030736000803692,-0.0028566596377607
2025-03-11,0.0009080898371465,0.0008639198065904
2025-03-12,-0.0081475179312979,-0.0077732060680552
2025-03-13,0.0089037586976641,0.0084665023829423
2025-03-14,-0.0007737092171152,-0.0006917958245813
2025-03-16,-0.0002201440599978,-0.0002136471932034
2025-03-17,0.001248024063047,0.0011340774715009
2025-03-18,0.0101050180962478,0.0095753870872921
2025-03-19,0.0015704699532064,0.0009956810220668
2025-03-20,0.0002058843914667,0.0015426337597047
2025-03-21,-0.0064811159931986,-0.0062012147169437
2025-03-23,-0.0010457674182894,-0.00092873687802
2025-03-24,-0.005833162357255,-0.0054435211175738
2025-03-25,-0.0003362660274462,-0.0003653443379487
2025-03-26,-0.0045383606698915,-0.0043534547569722
2025-03-27,0.0125282462482325,0.0119072435035421
2025-03-28,0.0143053541571864,0.0133111350375319
2025-03-30,0.0032293794274014,0.0027900686165725
2025-03-31,-0.002611584478238,-0.0004890338275887
2025-04-01,-0.0112739763793154,-0.0107102409400429
2025-04-02,0.0030594866065867,0.0029798381672367
2025-04-03,-0.0010826865476082,-0.0010089300303618
2025-04-04,-0.0141949999420932,-0.0133586377652039
2025-04-06,0.0120754193075063,0.0112920359801014
2025-04-07,-0.0233655815928163,-0.0201170695670671
2025-04-08,0.0258511841124451,0.0246947236936594
2025-04-09,-0.0264045923525795,-0.0250281540372833
2025-04-10,0.0551886576978248,0.0524784432704134
2025-04-11,-0.0225380977048694,-0.0214120855328933
2025-04-13,0.0003601518712639,0.0003495137711943
2025-04-14,0.0050308338809541,0.0047736449613958
2025-04-15,0.0078212344037609,0.0074141916329003
2025-04-16,0.0035812701014974,0.0031830476062456
2025-04-17,-0.007709139443441,-0.0072782080453316
2025-04-18,-0.0043235200332001,-0.0043235200332001
2025-04-20,-0.0014297823097602,-0.0014627743312964
2025-04-21,-0.0002382825849994,0.0007654771832122
2025-04-22,-0.0086354035748628,-0.0080905898088319
2025-04-23,-0.0023396869029661,-0.0022173277764715
2025-04-24,0.0196991536507673,0.0187207750179743
2025-04-25,0.0022114195846705,0.0020562037845883
2025-04-27,-0.0012912957524401,-0.0011784856462413
2025-04-28,0.007273468141087,0.006796990625846
2025-04-29,0.0088419506105452,0.0082135412190999
2025-04-30,-0.0002967440773219,0.0002361705576093
2025-05-01,-4.8741680452990543e-05,0.0001051885145062
2025-05-02,0.0017354353285712,0.0017580718763297
2025-05-04,0.0093016956861415,0.0088949386151106
2025-05-05,-0.0013568910444543,-0.0016123379777447
2025-05-06,-0.0025453127047873,-0.0007763319232149
2025-05-07,0.0073190540709564,0.0069273813140397
2025-05-08,-0.0177628578036528,-0.0168944264534262
2025-05-09,-0.0001346249937943,-0.0001085968791382
2025-05-11,-0.0046653388414931,-0.0044005508942301
2025-05-12,-0.0089360313728261,-0.0085244725326691
2025-05-13,9.95180508458482e-05,4.523560249406869e-05
2025-05-14,0.0033885465174408,0.0032883442378484
2025-05-15,0.014990842263401,0.0141479691805801
2025-05-16,-0.0049842680449739,-0.0047249767038392
2025-05-18,0.0034603603481413,0.0032563961264945
2025-05-19,0.0005388634422713,0.0004783737586924
2025-05-20,0.0015983218602713,0.0014938416755229
2025-05-21,-0.0015509689791413,-0.0015245823107556
2025-05-22,0.0070256576243694,0.0065941534337028
2025-05-23,0.0002123572658767,7.02951414799349e-05
2025-05-25,-0.0036820506366815,-0.0035176761058977
2025-05-26,0.0041072118584069,0.0038830264456075
2025-05-27,0.0021043546014127,0.0020876430919288
2025-05-28,-0.0130560489016607,-0.0123953140122251
2025-05-29,0.0149274488513819,0.0142010231726767
2025-05-30,0.0024474836542258,0.0024251165526481
2025-06-01,-0.0030036336910681,-0.0028700367408724
2025-06-02,0.0004909674414013,0.0004742216026421
2025-06-03,0.0005121656714828,0.0005553857431848
2025-06-04,0.0112845617052272,0.0106628072831844
2025-06-05,-0.0042299151115099,-0.0040102290284096
2025-06-06,-0.0163533373260402,-0.0155293816838386
2025-06-08,0.0010819467538789,0.0010106874491262
2025-06-09,-0.0007049414046738,-0.000801663679658
2025-06-10,0.0012621447954523,0.0012780078836808
2025-06-11,-0.0032687200937364,-0.0030577944210473
2025-06-12,0.0076724136861385,0.0074308863825494
2025-06-13,-0.012381441081722,-0.0117935926574777
2025-06-15,-0.0031842577589821,-0.0030253579272237
2025-06-16,0.0032365257951898,0.0030090344743086
2025-06-17,-0.0054540679784651,-0.0053250507664441
2025-06-18,0.0010417412017758,0.0001818733068629
2025-06-19,0.0006487553989833,0.0004015728254213
2025-06-20,-0.0015239399055188,0.0001280542719078
2025-06-22,-0.0038549621768471,-0.0036028533264116
2025-06-23,0.0261513249523264,0.0244914951962834
2025-06-24,0.0023731831470945,0.0019536441688767
2025-06-25,0.0045835806886,0.0056338680245739
2025-06-26,-0.0016529797099327,-0.0017429838215454
2025-06-27,0.002559503360094,0.0025126839003304
2025-06-29,-4.683979143782491e-05,-4.428383414030479e-05
2025-06-30,0.0055446902164661,0.0059586693522221
2025-07-01,0.0069609360012723,0.0066583038500301
2025-07-02,-0.003209296324933,-0.0030495887173703
2025-07-03,-0.0026935514868421,-0.002580560787867
2025-07-04,0.0005896768416231,0.0006067988774153
2025-07-06,0.0011134063172051,0.0010206028472029
2025-07-07,-0.0066966555629291,-0.0063010782319299
2025-07-08,-0.0071897676720131,-0.0068278657939906
2025-07-09,0.0032897884587443,0.0030725207692333
2025-07-10,0.00754881624847,0.0072178549433903
2025-07-11,-0.0033313839320109,-0.0031396346112292
2025-07-13,0.0012925091814059,0.0012164169385282
2025-07-14,0.002026413633744,0.0019417589583612
2025-07-15,-0.0041462326636123,-0.003854213965679
2025-07-16,0.0045013934225872,0.0043361885303315
2025-07-17,-0.0058070741628806,-0.0055293028528921
2025-07-18,0.0074122595587435,0.0070279126362875
2025-07-20,-0.0007448709705175,-0.0006417526372407
2025-07-21,0.0055886698990721,0.0051977514145439
2025-07-22,0.0020924749590047,0.0018380925821883
2025-07-23,-0.0027610054509759,-0.0023054374846617
2025-07-24,-0.0018896802582301,-0.0008511394631802
2025-07-25,0.0019051315752445,0.0018583137289157
2025-07-27,-0.0012389391967303,-0.0011347671501814
2025-07-28,-0.0058769497489565,-0.0056036212742318
2025-07-29,-0.0029700593080524,-0.0029227798767889
2025-07-30,-0.0066913776650288,-0.0060611701282965
2025-07-31,0.0071874870390427,0.0066666477493254
2025-08-01,0.0054822980902735,0.0059075367866696
2025-08-03,0.0010579617411246,0.0010007826163517
2025-08-04,0.0031196942027724,0.0031356914265397
2025-08-05,0.0051241279476443,0.00462232998
2025-08-06,-0.0014483584386519,-0.0012779893654239
2025-08-07,0.012714331095192,0.0122189318797869
2025-08-08,-0.0011574567009131,-0.0013331911828553
2025-08-10,-0.0002190217856402,-0.000181221498611
2025-08-11,-0.0055125922147292,-0.0052640890959503
2025-08-12,0.0012824080966791,0.0015047650175257
2025-08-13,0.0023304301239959,0.0025338202895962
2025-08-14,-0.0028950388618774,-0.0030507905179598
2025-08-15,0.000619209487721,0.0006301172550871
2025-08-17,0.0010353715621258,0.0009569100899935
2025-08-18,-0.0004179500124003,-0.0004917101822419
2025-08-19,-0.0008722987022428,-0.0003993152703947
2025-08-20,0.0027758204432164,0.0033997439374138
2025-08-21,-0.000900391698383,-0.0008334419589266
2025-08-22,-0.0025557774064035,-0.0023796642265648
2025-08-24,-0.000183261054908,-0.0001740965410687
2025-08-25,-0.0040175086076763,-0.0038165525139328
2025-08-26,0.0058354007678724,0.0055433453535838
2025-08-27,0.0049908838931598,0.0047383734406543
2025-08-28,0.0008038198034459,0.0007499701141124
2025-08-29,0.0018745611183508,0.0017987430608211
2025-08-31,-0.0004027451982024,-0.0003826443201642
2025-09-01,8.06529016057489e-05,8.684552574667395e-05
2025-09-02,0.0021271719621898,0.0020216622195585
2025-09-03,0.0060190572932854,0.0057196989584762
2025-09-04,0.007383404516676,0.0070184852608632
2025-09-05,0.0068201377553815,0.0064610731545875
2025-09-07,-0.0017037352348302,-0.0016502945168991
2025-09-08,0.0029037982843269,0.0027529171110389
2025-09-09,-0.0018907566464316,-0.0017395987784877
2025-09-10,-0.0001381837395659,-0.0001564628783051
2025-09-11,0.0038971390493647,0.0035635329106914
2025-09-12,-0.0003782040161172,-0.0003209712899025
2025-09-14,-0.0007778191326347,-0.0007024478379875
2025-09-15,0.0015088124034023,0.0015102171550885
2025-09-16,-0.0009131798478125,-0.0008088263898613
2025-09-17,0.0027251783880242,0.0024271514500095
2025-09-18,0.0017327845081256,0.0015206402817235
2025-09-19,0.0051727473770899,0.0056949653160031
2025-09-21,-0.0005678306231496,-0.0005444938869822
2025-09-22,0.0035079027206506,0.0033475820192376
2025-09-23,-0.003268042221393,-0.0030935369424035
2025-09-24,-0.0008250017766973,-0.0008158745932924
2025-09-25,0.0008250328425154,0.000941513719563
2025-09-26,-0.0026158247249336,-0.0024863012880351
2025-09-28,0.0007787932046017,0.0007518124288775
2025-09-29,0.0096561374126937,0.0090768053903139
2025-09-30,0.0022880042293178,0.002071546777055
2025-10-01,0.0081008215526419,0.0081904973533135
2025-10-02,0.0046418028860952,0.004386333327942
2025-10-03,-0.0016495520163108,-0.0016864235907994
2025-10-05,-0.0017834118881523,-0.0016843891034253
2025-10-06,0.0023409081194896,0.0021653212646755
2025-10-07,0.0010505879578379,0.0010433728469974
2025-10-08,0.0003396910357098,4.900535614987578e-05
2025-10-09,0.0041265357530306,0.0038741934065481
2025-10-10,0.0125218342964321,0.01262804833251
2025-10-12,-0.004416549997103,-0.004293692670666
2025-10-13,0.005363025042403,0.0052312999001811
2025-10-14,0.0122195741008084,0.0111811735724469
2025-10-15,0.0049812030607874,0.0068878280880624
2025-10-16,0.0139117560135884,0.0131846357092806
2025-10-17,-0.0042605282507176,-0.003903371246104
2025-10-19,-7.393961923363168e-05,-7.02426382719501e-05
2025-10-20,0.0066694913634701,0.0063357632487708
2025-10-21,-0.0125881005489109,-0.0119652385380042
2025-10-22,-0.007480557585676,-0.0071018260133054
2025-10-23,0.0011369637634446,0.0010235893296755
2025-10-24,-0.0004343977742732,-0.0003897403646324
2025-10-26,-0.0043235547515332,-0.0041494307859763
2025-10-27,-0.0007852561439051,-0.0007791561124333
2025-10-28,0.0037361061381415,0.0035859309448337
2025-10-29,-0.0004863327116064,-0.000955093741362
2025-10-30,0.0059806381372287,0.0054290784519457
2025-10-31,0.0008027801367938,0.0008706423381894
