date,pack_curvature_fly
2020-01-03,-0.0006780288004984703
2020-01-06,-9.59959937441024e-06
2020-01-07,-0.00017071763442072507
2020-01-08,0.00061358287661753
2020-01-09,-6.967215175154862e-05
2020-01-10,-0.0001235406735221739
2020-01-13,0.00010128874684145472
2020-01-14,-0.00015838183202476763
2020-01-15,-6.0172585039347526e-05
2020-01-16,0.00013621244670017352
2020-01-17,6.647548947710802e-05
2020-01-20,-6.323630901972077e-06
2020-01-21,-0.00037366553331547037
2020-01-22,-9.817854022506345e-05
2020-01-23,-0.00031969098540401975
2020-01-24,-0.00018031151798912626
2020-01-26,-0.0004365042440189759
2020-01-27,-0.00022429864010214962
2020-01-28,0.00029055536732774945
2020-01-29,-0.0004742121017729528
2020-01-30,-0.00018007017386549584
2020-01-31,-0.00044491733110574305
2020-02-02,2.5369130299934817e-05
2020-02-03,0.00016373802293424833
2020-02-04,0.0007007873383126778
2020-02-05,0.0002875841683528807
2020-02-06,0.00019603493191730492
2020-02-07,-0.00041096675480270517
2020-02-09,-3.7732448663091445e-05
2020-02-10,-0.00019918573650162807
2020-02-11,0.00028105703096333035
2020-02-12,0.0002023574781893911
2020-02-13,-3.4796877326367937e-05
2020-02-14,-0.00021490523165615394
2020-02-16,-6.346466287582286e-06
2020-02-17,1.2652462169138179e-05
2020-02-18,-0.00025277680008406467
2020-02-19,0.00014203302429427467
2020-02-20,-0.000341293412104024
2020-02-21,-0.0004421015967959463
2020-02-23,-0.0001132273876404688
2020-02-24,-0.0007037524193215239
2020-02-25,-0.00010075361945971473
2020-02-26,0.00020035893923710246
2020-02-27,-0.0005879402925553778
2020-02-28,-0.0008202502077646612
2020-03-01,0.0002093682154668819
2020-03-02,-0.0011602626529026855
2020-03-03,-0.0009885989430208908
2020-03-04,-0.00013499247782909618
2020-03-05,0.0003824606107041273
2020-03-06,9.667226769510817e-05
2020-03-09,0.0002534606776133652
2020-03-10,-0.0005291209067868757
2020-03-11,0.00027891970217239215
2020-03-12,0.0005198592732043594
2020-03-13,-0.00021283332146961043
2020-03-15,0.0004007974774373757
2020-03-16,-0.00020314444975633172
2020-03-17,-0.0007227541123822345
2020-03-18,-0.0020486794739808245
2020-03-19,-4.706064643300589e-05
2020-03-20,-0.00046055425425745034
2020-03-22,1.876782896803597e-05
2020-03-23,-8.453033716905589e-05
2020-03-24,2.7747504307923387e-05
2020-03-25,-0.00017538638647046634
2020-03-26,-0.00038184404581606546
2020-03-27,0.00023149839686567586
2020-03-30,1.8839213351592998e-05
2020-03-31,-0.00014385507915541662
2020-04-01,7.194796590426211e-05
2020-04-02,0.00013762730681594892
2020-04-03,-0.00011257348112976573
2020-04-06,-0.00018766858115888685
2020-04-07,-0.0002002120912344696
2020-04-08,-3.130539198550886e-05
2020-04-09,-0.00011268621093157849
2020-04-12,-6.254691018281466e-06
2020-04-13,-2.5020964903907372e-05
2020-04-14,0.0001001069976773461
2020-04-15,0.00018145679850381513
2020-04-16,-0.0001376294963321839
2020-04-17,0.00018771806305085958
2020-04-20,6.881631133680288e-05
2020-04-21,-6.270796832288927e-05
2020-04-22,-8.12915826493843e-05
2020-04-23,-1.8958144378744546e-05
2020-04-24,-1.563719650653217e-05
2020-04-26,-6.253439391673554e-06
2020-04-27,-5.0035337721326956e-05
2020-04-28,6.567683815632275e-05
2020-04-29,1.252064498563632e-05
2020-04-30,2.502126788905823e-05
2020-05-01,4.3773450742107256e-05
2020-05-03,1.8760943800516516e-05
2020-05-04,-6.253751969720334e-06
2020-05-05,-2.8215143098350715e-05
2020-05-06,0.00013131596937351886
2020-05-07,0.0005032849742064166
2020-05-08,-0.00025616470410301517
2020-05-10,1.2501250125002139e-05
2020-05-11,-3.1261258818790494e-05
2020-05-12,8.751125297026818e-05
2020-05-13,3.123561496226612e-05
2020-05-14,1.8747187171819224e-05
2020-05-15,-8.76210690381185e-05
2020-05-17,-1.2506878783347108e-05
2020-05-18,-9.371374574590474e-05
2020-05-19,-2.499687227965064e-05
2020-05-20,-2.1887510820384204e-05
2020-05-21,3.4370776477776754e-05
2020-05-22,-3.1249216510112476e-05
2020-05-25,6.2534393916596764e-06
2020-05-26,-2.4997028134826627e-05
2020-05-27,-2.5000153775170397e-05
2020-05-28,6.268916697138582e-06
2020-05-29,9.374920625113137e-05
2020-05-31,-6.253439391673554e-06
2020-06-01,2.4999687765786538e-05
2020-06-02,-3.437398555732052e-05
2020-06-03,-0.0001374819420776885
2020-06-04,-4.063015336334963e-05
2020-06-05,-5.936583734214573e-05
2020-06-07,9.38015899354383e-06
2020-06-08,-4.689836971202843e-05
2020-06-09,0.0001500978736125036
2020-06-10,0.00017820065391449535
2020-06-11,3.815868851453352e-08
2020-06-12,-6.56588509154038e-05
2020-06-15,-6.585442005486997e-05
2020-06-16,-6.253125687180616e-06
2020-06-17,0.00014688778622827525
2020-06-18,-3.4399939189938555e-05
2020-06-19,-1.2523452180779326e-05
2020-06-21,1.2509068675933821e-05
2020-06-22,7.811702198545767e-05
2020-06-23,9.354512997550302e-10
2020-06-24,-1.2349272965339608e-08
2020-06-25,-6.251563891765399e-06
2020-06-26,0.00011872624390249498
2020-06-28,-6.253752251356159e-06
2020-06-29,3.747781376328696e-05
2020-06-30,3.747797225733818e-05
2020-07-01,-8.119423304758788e-05
2020-07-02,8.437133921206097e-05
2020-07-03,-3.748031351145931e-05
2020-07-06,-9.362806103391241e-06
2020-07-07,4.061289082329944e-05
2020-07-08,1.2478746555577569e-05
2020-07-09,6.562563647360964e-05
2020-07-10,-4.684820924148736e-05
2020-07-12,-1.250312606293491e-05
2020-07-13,4.374657035961793e-05
2020-07-14,-8.746157185421377e-05
2020-07-15,-2.1880941221977257e-05
2020-07-16,1.8742497716356388e-05
2020-07-17,-6.248094010745386e-05
2020-07-20,8.748281745284137e-05
2020-07-21,3.749641233327661e-05
2020-07-22,-6.241561388384276e-06
2020-07-23,-1.2512502129025105e-05
2020-07-24,-1.561320450070569e-05
2020-07-26,-6.251562890746687e-06
2020-07-27,-0.00012500001606177702
2020-07-28,3.123124877721373e-05
2020-07-29,-1.2486564638494735e-05
2020-07-30,6.24596835047675e-05
2020-07-31,0.00010933080155997588
2020-08-02,6.252501000392208e-06
2020-08-03,-6.558774944552537e-05
2020-08-04,-6.248686809354198e-05
2020-08-05,-9.683565137633132e-05
2020-08-06,-1.8733747339155782e-05
2020-08-07,-0.00010934821052230315
2020-08-10,-6.875094314226504e-05
2020-08-11,-0.00010624406288839428
2020-08-12,1.5634069630426906e-05
2020-08-13,4.3692849405044254e-05
2020-08-14,8.127344874088449e-05
2020-08-16,-6.254378064646238e-06
2020-08-17,-2.1877346369242323e-05
2020-08-18,3.125437662543362e-05
2020-08-19,-1.5641965097845656e-05
2020-08-20,2.5002498779874704e-05
2020-08-21,1.562898548267133e-05
2020-08-23,0.0
2020-08-24,-9.375500293865024e-05
2020-08-25,-1.8748119960235177e-05
2020-08-26,-3.125296692674251e-05
2020-08-27,-0.00011566150228188576
2020-08-28,0.00020005822852735278
2020-08-30,0.0
2020-08-31,1.563367728690812e-05
2020-09-01,-2.8134222415904242e-05
2020-09-02,-6.876375346960562e-05
2020-09-03,7.189320894117335e-05
2020-09-04,-9.687718314972671e-05
2020-09-06,1.2505627532355401e-05
2020-09-07,1.5626248717259816e-05
2020-09-08,2.1888993934487955e-05
2020-09-09,-4.6886409837590404e-05
2020-09-10,6.87712571897231e-05
2020-09-11,7.189688068823252e-05
2020-09-14,-3.75144594674387e-05
2020-09-15,-3.1254685826209716e-05
2020-09-16,6.872089971506068e-05
2020-09-17,6.242184483057356e-06
2020-09-18,-5.935897772774146e-05
2020-09-20,-6.253126563271483e-06
2020-09-21,6.250531310922347e-05
2020-09-22,9.367026613471552e-06
2020-09-23,-1.8763289884649037e-05
2020-09-24,1.563398705035912e-05
2020-09-25,-3.750375121569505e-09
2020-09-28,-3.117498169946664e-06
2020-09-29,-3.124768082507501e-06
2020-09-30,-3.437906506384425e-05
2020-10-01,-2.1871171533321965e-05
2020-10-02,3.1332877307305163e-06
2020-10-04,1.2501250125029895e-05
2020-10-05,-5.62485906968474e-05
2020-10-06,-9.37851701822423e-06
2020-10-07,9.070145995382362e-09
2020-10-08,-2.8132189125076867e-05
2020-10-09,-5.627063275287503e-05
2020-10-11,1.2503751125325646e-05
2020-10-12,3.126438250425356e-05
2020-10-13,4.0631323181342105e-05
2020-10-14,3.1273455091268554e-06
2020-10-15,-4.688977064018496e-05
2020-10-16,-3.125750175039799e-05
2020-10-18,-1.2502812890446968e-05
2020-10-19,4.3769384254752075e-05
2020-10-20,6.258756911153851e-06
2020-10-21,6.257818895197276e-06
2020-10-22,-5.001124933984302e-05
2020-10-23,1.5630626155394012e-05
2020-10-25,3.752063678824635e-05
2020-10-26,-1.565291935579083e-05
2020-10-27,-1.2510007129859502e-05
2020-10-28,-2.188375337608406e-05
2020-10-29,4.378001888648286e-05
2020-10-30,-6.2509366706015035e-06
2020-11-01,0.0
2020-11-02,-1.25121984315274e-05
2020-11-03,-2.1866469499698393e-05
2020-11-04,8.12537125650381e-05
2020-11-05,-2.813046924164675e-05
2020-11-06,9.384570009984827e-09
2020-11-09,-0.0001531707084264089
2020-11-10,-2.500373863381644e-05
2020-11-11,1.2516271152507308e-05
2020-11-12,-1.2532242975149543e-05
2020-11-13,-6.567128250707654e-05
2020-11-15,0.0
2020-11-16,0.00013135164464811444
2020-11-17,4.064726978034172e-05
2020-11-18,-6.254863735266625e-05
2020-11-19,2.5019388734504044e-05
2020-11-20,1.563884086595857e-05
2020-11-23,-2.814078713046786e-05
2020-11-24,-1.2511575124662944e-05
2020-11-25,-3.7549127791081105e-05
2020-11-26,1.8764386290240354e-05
2020-11-27,6.2509341023919696e-06
2020-11-30,-3.752251103336657e-05
2020-12-01,3.155137057883617e-06
2020-12-02,3.127580253697859e-06
2020-12-03,3.128595771034748e-06
2020-12-04,-3.1242896997851766e-06
2020-12-06,6.25312502808284e-06
2020-12-07,1.2502487214988145e-05
2020-12-08,-3.7532846463878e-05
2020-12-09,6.254847213144066e-06
2020-12-10,3.7520787448702686e-05
2020-12-11,-4.7014318105192965e-05
2020-12-13,-2.189204443987791e-05
2020-12-14,4.0654465326986355e-05
2020-12-15,9.370529282001772e-06
2020-12-16,-4.0633892508121217e-05
2020-12-17,1.2530678488567593e-05
2020-12-18,1.5641031247237702e-05
2020-12-20,0.0
2020-12-21,-2.8152685729143645e-05
2020-12-22,3.440056645551137e-05
2020-12-23,-1.876219492576159e-05
2020-12-24,6.2593865756271905e-06
2020-12-27,0.0
2020-12-28,-2.1891887148309253e-05
2020-12-29,3.755446026182385e-05
2020-12-30,1.5632417129485265e-05
2020-12-31,-2.8158793574706298e-05
2021-01-03,6.253752251342282e-06
2021-01-04,7.819404965057897e-05
2021-01-05,-3.439970601445963e-05
2021-01-06,2.8200380131432334e-05
2021-01-07,-6.1700892542843055e-06
2021-01-08,0.00021292363400467196
2021-01-10,1.2510634038898072e-05
2021-01-11,9.404600670920304e-06
2021-01-12,-3.124908735399612e-06
2021-01-13,-7.052882546043637e-08
2021-01-14,4.688949251639707e-05
2021-01-15,-3.7568416767885804e-05
2021-01-17,-6.257509010815232e-06
2021-01-18,-1.2510008006394457e-05
2021-01-19,3.439946709728192e-05
2021-01-20,-6.273359931982525e-05
2021-01-21,9.39253392927275e-06
2021-01-22,3.144979442953888e-06
2021-01-24,-1.2508756129320231e-05
2021-01-25,-2.820674824739744e-05
2021-01-26,-5.635731292330526e-05
2021-01-27,-3.1282091380036015e-06
2021-01-28,1.567227986810915e-05
2021-01-29,3.1265461803847705e-05
2021-01-31,0.0
2021-02-01,3.1246180678540236e-06
2021-02-02,3.136248015059295e-05
2021-02-03,5.3276636333698946e-05
2021-02-04,-1.2509541548189063e-05
2021-02-05,2.1935871641648452e-05
2021-02-07,-6.253437856262867e-06
2021-02-08,6.266012500814877e-05
2021-02-09,-5.6389461817005215e-05
2021-02-10,-5.642643517791979e-05
2021-02-11,4.697698327267574e-05
2021-02-12,6.270118978307648e-05
2021-02-14,2.512261185055875e-05
2021-02-15,6.335201585938588e-06
2021-02-16,0.0001035558860843222
2021-02-17,-3.7802346840531964e-05
2021-02-18,6.324756668146803e-06
2021-02-19,8.779509036412059e-05
2021-02-21,1.5649354616176225e-05
2021-02-22,7.21718008987321e-05
2021-02-23,-7.53351960358084e-05
2021-02-24,0.00019116333189170276
2021-02-25,0.000515318119658631
2021-02-26,-0.00018282973149356951
2021-02-28,4.375140720225268e-05
2021-03-01,-6.939722737715759e-05
2021-03-02,-0.00014435207639790226
2021-03-03,0.00018863442124850138
2021-03-04,0.00019467316166925375
2021-03-05,3.7640014706935565e-05
2021-03-07,3.2214489876364327e-06
2021-03-08,1.607726453500824e-05
2021-03-09,-0.00012609915445169206
2021-03-10,-0.00017886294253600943
2021-03-11,7.208041448250602e-05
2021-03-12,0.00011339940774449109
2021-03-14,-5.9618032646979735e-05
2021-03-15,-3.464435335921723e-05
2021-03-16,1.8689526853243876e-05
2021-03-17,8.903329648952962e-05
2021-03-18,3.518657757868582e-05
2021-03-19,0.00011671093215313844
2021-03-21,6.1375806095775864e-06
2021-03-22,-8.492925830984321e-05
2021-03-23,-7.892250233358655e-05
2021-03-24,-2.0835114469819338e-07
2021-03-25,-6.305475905243885e-06
2021-03-26,0.00016037228561983918
2021-03-28,-1.8775661335568294e-05
2021-03-29,0.00014816590833260923
2021-03-30,-2.7556021519742346e-06
2021-03-31,5.0948960258756504e-05
2021-04-01,-0.00012911106973220732
2021-04-02,0.0001305933586586705
2021-04-04,-1.2592688672402597e-05
2021-04-05,1.7849469241326688e-05
2021-04-06,-0.00017110229140027133
2021-04-07,2.480525764141095e-05
2021-04-08,-0.00010437719871320139
2021-04-09,6.648982145690541e-05
2021-04-11,-1.2488526719062198e-05
2021-04-12,0.0001070563676303371
2021-04-13,-0.0001801003266361234
2021-04-14,1.5972416164133918e-05
2021-04-15,-0.00013228268319080694
2021-04-16,6.273541486753742e-05
2021-04-18,-3.772459266768169e-05
2021-04-19,-4.0888569308977774e-05
2021-04-20,-1.6096244326913034e-05
2021-04-21,-2.4975022312967443e-05
2021-04-22,-2.181451153480951e-05
2021-04-23,7.568176218852862e-05
2021-04-25,0.0
2021-04-26,6.396850771209217e-06
2021-04-27,6.327982608098082e-05
2021-04-28,-5.0685324020860456e-05
2021-04-29,4.3899857002566156e-05
2021-04-30,-3.155616093727942e-05
2021-05-02,-1.5639312112347703e-05
2021-05-03,-3.4895292075259876e-05
2021-05-04,-6.598259773546444e-05
2021-05-05,-9.621367993192798e-06
2021-05-06,4.3928220423483655e-05
2021-05-07,-0.00013553458262649531
2021-05-09,5.006760185366499e-05
2021-05-10,-9.405462916403651e-05
2021-05-11,-1.2265880829948062e-05
2021-05-12,0.00017026700939690165
2021-05-13,-7.901665266668578e-05
2021-05-14,4.3967828573659995e-05
2021-05-16,3.1259377813314115e-06
2021-05-17,1.5788208289513328e-05
2021-05-18,-1.8891007405957838e-05
2021-05-19,9.136242461851851e-05
2021-05-20,-7.580137131399378e-05
2021-05-21,6.362057332551241e-06
2021-05-23,9.337551438351466e-06
2021-05-24,-5.046939455238819e-05
2021-05-25,-6.635457030187975e-05
2021-05-26,4.7103100609000026e-05
2021-05-27,6.917975146041033e-05
2021-05-28,5.6307527763380105e-05
2021-05-30,-6.2521882658872485e-06
2021-05-31,-1.877549895774877e-05
2021-06-01,2.2026472189601298e-05
2021-06-02,-4.417223026420558e-05
2021-06-03,9.139377517250469e-05
2021-06-04,-0.00010098550607812173
2021-06-06,-1.251564455567733e-05
2021-06-07,2.8330792962397155e-05
2021-06-08,-0.00010677672747838596
2021-06-09,-0.0001286752092617971
2021-06-10,-6.932326176095627e-05
2021-06-11,0.00013198443681307348
2021-06-13,6.267234895954155e-06
2021-06-14,1.9181128959350202e-05
2021-06-15,-1.8669108945462698e-05
2021-06-16,0.00024562735105428113
2021-06-17,-1.5451970067706378e-05
2021-06-18,-0.00021941681960747916
2021-06-20,-0.00015050847346632923
2021-06-21,0.00011607859007679855
2021-06-22,1.5006073817575016e-05
2021-06-23,-7.73401051521877e-05
2021-06-24,2.452670766761589e-07
2021-06-25,9.138047878549937e-05
2021-06-27,-1.254579214132745e-05
2021-06-28,4.3437561464160224e-05
2021-06-29,-3.753202083885132e-05
2021-06-30,5.652916400278318e-05
2021-07-01,1.2876718034002255e-05
2021-07-02,4.900117501825674e-05
2021-07-04,0.0
2021-07-05,2.500947856703961e-05
2021-07-06,-0.00013322062412621238
2021-07-07,2.1716261032506123e-05
2021-07-08,-0.00014896107142692294
2021-07-09,0.000117274853083979
2021-07-12,-9.410228762844752e-05
2021-07-13,-7.374159476841724e-05
2021-07-14,8.99983938275617e-05
2021-07-15,-3.162050107556602e-05
2021-07-16,-6.131185622315627e-06
2021-07-18,2.4914098575135046e-05
2021-07-19,-0.0003160486151816688
2021-07-20,6.224003033231118e-05
2021-07-21,0.00012311685520922933
2021-07-22,-6.002308563171632e-05
2021-07-23,5.0348766047481064e-05
2021-07-25,-1.2521913348384484e-05
2021-07-26,5.6560846453460045e-05
2021-07-27,5.801034552527229e-06
2021-07-28,-1.871233764798308e-05
2021-07-29,0.00013204624802816423
2021-07-30,-3.940596156215559e-06
2021-08-01,1.2518151319418358e-05
2021-08-02,-9.472766391779852e-05
2021-08-03,-5.9865644721310285e-05
2021-08-04,6.9715595210601e-05
2021-08-05,0.00010444380272305043
2021-08-06,6.372090564499278e-05
2021-08-08,-4.375663315678291e-05
2021-08-09,8.182883593028933e-05
2021-08-10,-6.189473624622355e-05
2021-08-11,9.314201223928342e-05
2021-08-12,-2.4596282912778267e-05
2021-08-13,-5.743716679280919e-05
2021-08-15,0.0
2021-08-16,-8.51207679186533e-05
2021-08-17,-4.0555776089273854e-05
2021-08-18,0.00010041409275610147
2021-08-19,-7.535545083092732e-05
2021-08-20,5.9903979641506844e-05
2021-08-23,-3.4830977604066726e-05
2021-08-24,0.0001258140410060754
2021-08-25,0.0001668415855895361
2021-08-26,-3.1286276354514087e-05
2021-08-27,1.76794380606915e-05
2021-08-29,0.0
2021-08-30,-3.517549216172644e-05
2021-08-31,-5.63101760835405e-05
2021-09-01,4.400302676689505e-05
2021-09-02,-1.610957239039923e-05
2021-09-03,6.913421036722212e-05
2021-09-05,1.253007217322244e-05
2021-09-06,-6.290090052679664e-06
2021-09-07,3.206609731525034e-05
2021-09-08,2.503459281849585e-05
2021-09-09,-3.798437214810879e-05
2021-09-10,4.442915351160481e-05
2021-09-12,0.0
2021-09-13,-3.2881935874973234e-06
2021-09-14,-1.28185170323869e-05
2021-09-15,-0.00040754452596825086
2021-09-16,7.310696297326003e-05
2021-09-17,4.762830448951094e-05
2021-09-19,0.0
2021-09-20,-3.238342163316976e-05
2021-09-21,3.444227501900321e-05
2021-09-22,-0.0001586450483178209
2021-09-23,9.961718625668692e-05
2021-09-24,-0.0002168211414181609
2021-09-26,-1.2577759410603573e-05
2021-09-27,4.130569160569475e-05
2021-09-28,6.304953222785459e-05
2021-09-29,-7.190278296959063e-06
2021-09-30,-3.526430981390383e-05
2021-10-01,-2.011844695889997e-05
2021-10-03,3.755076685008074e-05
2021-10-04,-2.46948617642212e-05
2021-10-05,2.6077020977649523e-05
2021-10-06,-8.125412637619012e-05
2021-10-07,-5.27495455074356e-06
2021-10-08,-1.131440282250984e-05
2021-10-10,1.065121387339163e-07
2021-10-11,-0.00014987985197846554
2021-10-12,-6.915893064035616e-05
2021-10-13,-0.0003262470027361325
2021-10-14,-5.7353300911028304e-05
2021-10-15,-0.00013949946785089817
2021-10-17,-0.00011299720562928106
2021-10-18,5.776575566525388e-05
2021-10-19,8.756929756981169e-05
2021-10-20,3.747763964304096e-05
2021-10-21,-0.00029642981098540466
2021-10-22,0.00012689778831564968
2021-10-24,3.14059228836705e-05
2021-10-25,-7.172088671744681e-05
2021-10-26,4.691621401266277e-05
2021-10-27,0.0005515721166067938
2021-10-28,-0.0001949594881238137
2021-10-29,0.0003082246623670043
2021-10-31,0.00014426091547568853
2021-11-01,-0.00032458769752581607
2021-11-02,-0.0003426648277022326
2021-11-03,4.6118445849230305e-05
2021-11-04,-0.00018709834763339095
2021-11-05,-4.215663465481634e-05
2021-11-07,3.142813497597485e-05
2021-11-08,0.00011782291311361603
2021-11-09,-3.4131565734896174e-05
2021-11-10,0.0004341874212589747
2021-11-11,0.00019444482084392256
2021-11-12,-0.0001101650505292151
2021-11-14,6.344793146914607e-06
2021-11-15,-8.268956551880924e-05
2021-11-16,-0.00010753686758065151
2021-11-17,-0.00012179041403782842
2021-11-18,7.278767950907872e-05
2021-11-19,2.121892864448416e-05
2021-11-21,7.55935529930668e-05
2021-11-22,0.00014570284218669294
2021-11-23,-0.00035980729112607135
2021-11-24,0.0001539038473551968
2021-11-25,-0.00019428519310971115
2021-11-26,-0.00044393988459626166
2021-11-28,-0.0003141433332363025
2021-11-29,-0.0002979974860519985
2021-11-30,-0.0007480496690898675
2021-12-01,-0.00018173038264071573
2021-12-02,0.0002351012890939863
2021-12-03,-8.728053354548071e-05
2021-12-05,0.0001001832655094792
2021-12-06,5.841442551834941e-06
2021-12-07,0.00018816064768696628
2021-12-08,-0.00019014972335219815
2021-12-09,0.00022439378733632442
2021-12-10,-0.0002802088858022689
2021-12-12,-1.8874201566501658e-05
2021-12-13,0.00019399513024288828
2021-12-14,0.0001289035760490831
2021-12-15,0.001030940091210103
2021-12-16,-0.0001784368667037406
2021-12-17,-0.00011357247135322657
2021-12-19,-0.00011368619130235069
2021-12-20,-3.1553856157329196e-05
2021-12-21,0.00014790325278649097
2021-12-22,5.0534615807007466e-05
2021-12-23,3.464688433023333e-05
2021-12-26,2.5102044407115942e-05
2021-12-27,0.00011082887485412696
2021-12-28,-5.95130666534438e-05
2021-12-29,-1.950708415356106e-05
2021-12-30,-9.425070837329463e-06
2021-12-31,-1.6074169618476852e-05
2022-01-02,9.467549182423651e-05
2022-01-03,-0.00014913594067397784
2022-01-04,-0.00010784907477100203
2022-01-05,0.00025877698016894823
2022-01-06,2.8035428715100785e-05
2022-01-07,-0.00010866080283904178
2022-01-09,0.00011384075481501998
2022-01-10,0.00011081852691999239
2022-01-11,-0.00013587290966335375
2022-01-12,0.00018401630284389792
2022-01-13,0.0001146473871635606
2022-01-14,0.00018610090148125924
2022-01-16,1.2893661023916092e-05
2022-01-17,6.327761253674402e-05
2022-01-18,0.00011376185768492697
2022-01-19,3.406720310433764e-06
2022-01-20,-6.576545596018168e-05
2022-01-21,1.5898117426305092e-05
2022-01-23,5.720032912576167e-05
2022-01-24,-0.00035481402616907576
2022-01-25,5.753683847831148e-05
2022-01-26,0.0008673428149923862
2022-01-27,0.00022297243719100746
2022-01-28,5.104763639202092e-05
2022-01-30,0.00015923954343255442
2022-01-31,-2.8428503881322564e-05
2022-02-01,-0.00011183150685208088
2022-02-02,2.8357699168590766e-06
2022-02-03,0.00026686490584820755
2022-02-04,0.00026837178110789006
2022-02-06,5.707555423489774e-05
2022-02-07,-0.00016598435711101533
2022-02-08,0.00018146704484059417
2022-02-09,5.4050768349966916e-05
2022-02-10,0.0010541359637512432
2022-02-11,-0.00014211080038373236
2022-02-13,3.8001997026027023e-05
2022-02-14,0.00026812764814816703
2022-02-15,2.6920757070919565e-06
2022-02-16,-0.0002853428878359654
2022-02-17,-0.00023338119872010066
2022-02-18,0.00018415849964487085
2022-02-20,-6.0959045575126325e-05
2022-02-21,8.878561267575136e-05
2022-02-22,0.00042918330182302455
2022-02-23,-1.6473616919671086e-05
2022-02-24,0.0002690688863694335
2022-02-25,3.5945040021134744e-06
2022-02-27,-0.000416524208058322
2022-02-28,-0.0004425669761110307
2022-03-01,-0.0004177374984429272
2022-03-02,0.0007315852034574244
2022-03-03,0.0003037361023070645
2022-03-04,-4.922518484551386e-06
2022-03-06,-0.0002139681057235221
2022-03-07,0.00028489381615608156
2022-03-08,0.00039499167735498886
2022-03-09,0.0003135636516981011
2022-03-10,5.477972303516432e-05
2022-03-11,0.00029449236089863773
2022-03-13,0.0001346531471528578
2022-03-14,0.00012029501988151947
2022-03-15,-3.2196036746590107e-05
2022-03-16,-0.00024516248605647994
2022-03-17,8.49086160809448e-05
2022-03-18,-2.303641832440695e-05
2022-03-20,5.833100690011417e-05
2022-03-21,0.00026007582915600624
2022-03-22,0.00010156407795472444
2022-03-23,-0.00018220743743499468
2022-03-24,-5.769524369779455e-05
2022-03-25,0.00034433148739718145
2022-03-27,1.2846107705979937e-05
2022-03-28,0.000270898641393888
2022-03-29,0.0004340997429845561
2022-03-30,-0.00020979399579201807
2022-03-31,0.0002008232813147104
2022-04-01,0.0006443652455735138
2022-04-03,0.00015260062244749906
2022-04-04,-0.00044747604154400655
2022-04-05,0.0005909238726442972
2022-04-06,-0.000604427419106629
2022-04-07,-2.291250598757122e-05
2022-04-08,0.000430944529083252
2022-04-10,7.837938389904098e-05
2022-04-11,-0.00044483624510056885
2022-04-12,-0.0004538217201174033
2022-04-13,-0.00043233449109798816
2022-04-14,0.00047562360631313305
2022-04-17,9.741144149293113e-05
2022-04-18,-0.00021982244590706967
2022-04-19,0.0007201837108059272
2022-04-20,-0.00014895630070653476
2022-04-21,0.00040941405414994525
2022-04-22,-0.0004527255556062565
2022-04-24,-6.165290400389489e-05
2022-04-25,-0.00043679898968743136
2022-04-26,-0.0005842369457711438
2022-04-27,0.00032758752760363163
2022-04-28,0.0002072122216541794
2022-04-29,0.0003079478580108458
2022-05-01,8.391781265837395e-05
2022-05-02,0.00010957159417840368
2022-05-03,0.00017283322882262475
2022-05-04,-0.00043199687307104995
2022-05-05,0.00029575890319009923
2022-05-06,1.262238687545214e-05
2022-05-08,7.459312257897255e-05
2022-05-09,-0.0009228108310175009
2022-05-10,-0.00022184626012297648
2022-05-11,0.00029392399475546005
2022-05-12,-0.0005917227912579925
2022-05-13,-3.0410333521774247e-06
2022-05-15,6.17592662560118e-05
2022-05-16,3.08896486956034e-05
2022-05-17,0.0004960983544490538
2022-05-18,-8.213634676337844e-05
2022-05-19,-6.23868247371373e-05
2022-05-20,-6.278069620235804e-05
2022-05-22,3.937333266970655e-05
2022-05-23,-0.00012796779882831566
2022-05-24,-0.0006245134242902073
2022-05-25,-3.9157958430652284e-05
2022-05-26,3.232134455634361e-05
2022-05-27,0.00013498628647527766
2022-05-29,3.5461569338562926e-05
2022-05-30,0.0002947805298346845
2022-05-31,-3.5346875385644516e-05
2022-06-01,0.0006519521756221391
2022-06-02,-1.9226014632181543e-05
2022-06-03,0.0002036365228672149
2022-06-05,6.454224744364967e-06
2022-06-06,0.00017000532574214244
2022-06-07,1.2290757362976024e-05
2022-06-08,0.00019789357693930643
2022-06-09,0.00040430768587602917
2022-06-10,0.0011329038360976956
2022-06-12,0.00040508430492181
2022-06-13,0.0007368599886668215
2022-06-14,-0.0010578329665553027
2022-06-15,-0.005937036893813988
2022-06-16,-0.00034073451823271594
2022-06-17,0.0003956279548893299
2022-06-19,0.00010126828877946026
2022-06-20,5.529850010051185e-05
2022-06-21,-0.0005098183468431328
2022-06-22,-0.0006861495731541323
2022-06-23,-0.0002888139283275526
2022-06-24,0.0003785970082554463
2022-06-26,-2.2549219409667698e-05
2022-06-27,-0.00013438508597718446
2022-06-28,-6.199470180827393e-05
2022-06-29,-0.0002346695514933994
2022-06-30,-0.00025343481702566617
2022-07-01,-0.0010177039522078213
2022-07-03,1.9205693541288205e-05
2022-07-04,0.0003667117573856876
2022-07-05,-0.0003930897498223562
2022-07-06,0.000644572680762498
2022-07-07,0.00014585963700965154
2022-07-08,0.0002744628328537474
2022-07-10,0.00010992850503885321
2022-07-11,-0.0005240323661963864
2022-07-12,-0.0001260068416052973
2022-07-13,-0.00025924979751348887
2022-07-14,0.0003537801433907556
2022-07-15,0.00015172236955378338
2022-07-17,-6.3893258077513115e-06
2022-07-18,5.279188236945176e-05
2022-07-19,0.00046500012654326905
2022-07-20,-0.0002776193798648685
2022-07-21,-0.00040272641513969254
2022-07-22,-0.0005075511329374616
2022-07-24,4.5470934905728067e-05
2022-07-25,0.004049671853923062
2022-07-26,-0.00023419403946454975
2022-07-27,-0.00017924885838666027
2022-07-28,0.00019097046983260202
2022-07-29,0.0002742083274787366
2022-07-31,-1.2075833297348071e-05
2022-08-01,-0.0007166894916218469
2022-08-02,0.00034256693232058433
2022-08-03,-0.00015454567081558956
2022-08-04,0.00024167663363477976
2022-08-05,-0.00039499887289685953
2022-08-07,-2.5660319699083445e-05
2022-08-08,0.0012119379615679604
2022-08-09,-0.0002095477813550406
2022-08-10,-3.588074302993127e-05
2022-08-11,-0.00030681518462620516
2022-08-12,-0.00014896354847360183
2022-08-14,-3.230789992948735e-05
2022-08-15,0.0003299218475557586
2022-08-16,-0.00027766707961171533
2022-08-17,0.0010583382853322776
2022-08-18,-3.98807570121118e-05
2022-08-19,-0.00015134439861529125
2022-08-21,-1.2630933683491219e-05
2022-08-22,-0.0002056477156915787
2022-08-23,0.00012285870252326525
2022-08-24,-3.16839869527602e-05
2022-08-25,4.213036301788098e-05
2022-08-26,-4.585837726271691e-05
2022-08-28,-0.00010642433553066655
2022-08-29,0.0002203345901606868
2022-08-30,-0.0007019453582595703
2022-08-31,0.00014303985630710614
2022-09-01,9.720782354677437e-05
2022-09-02,0.000218799820522253
2022-09-04,-6.604826924189178e-06
2022-09-05,-9.002638545041464e-05
2022-09-06,-4.709955534340504e-05
2022-09-07,0.00021984258612342544
2022-09-08,-0.00014480660446755667
2022-09-09,0.00017254386531634358
2022-09-11,1.6175468964929607e-05
2022-09-12,0.00014268995888244707
2022-09-13,0.0006734024625145163
2022-09-14,-4.454168936141034e-05
2022-09-15,0.0019747380355964878
2022-09-16,-0.00025780310116105265
2022-09-18,3.595644808004894e-05
2022-09-19,-0.00018022332862735468
2022-09-20,-1.0737041056432806e-05
2022-09-21,0.0008501906020477595
2022-09-22,-0.0007175535590365628
2022-09-23,-0.0001943438935066849
2022-09-25,3.697181356078494e-05
2022-09-26,-0.000719215323898334
2022-09-27,-0.0008196368366845536
2022-09-28,0.00011905905185705112
2022-09-29,0.0001406786994686826
2022-09-30,-8.00070150637211e-05
2022-10-02,-6.942998622633256e-05
2022-10-03,-5.2474833138985155e-05
2022-10-04,0.00022537905172018147
2022-10-05,-0.0003089306731876851
2022-10-06,-0.00025990290281392714
2022-10-07,-0.00020821437359494488
2022-10-09,3.917023857519242e-05
2022-10-10,0.00031307840824089384
2022-10-11,9.529452263473681e-05
2022-10-12,0.0001697923375683641
2022-10-13,5.479449805473324e-05
2022-10-14,6.4866813583031036e-06
2022-10-16,6.84797406412252e-05
2022-10-17,0.0001507020269680276
2022-10-18,-8.194531566871333e-05
2022-10-19,0.0018642447663644174
2022-10-20,-0.0008827447734489902
2022-10-21,-0.00030525368536526987
2022-10-23,-6.935051500150946e-06
2022-10-24,0.0003742314538634356
2022-10-25,9.095081620788537e-05
2022-10-26,0.00013827834819921114
2022-10-27,0.00023831006326477389
2022-10-28,-0.00010665317590058399
2022-10-30,2.7004196543570225e-05
2022-10-31,-0.0008503106681613803
2022-11-01,-0.00027131362225900346
2022-11-02,-0.0006159948412631233
2022-11-03,-0.00019624423543293523
2022-11-04,4.9323655638755515e-05
2022-11-06,-2.6251921637257536e-05
2022-11-07,-2.305896096907456e-05
2022-11-08,0.0002625225607661985
2022-11-09,0.00015720523811343923
2022-11-10,0.0003254615732179861
2022-11-11,-4.9562792481736007e-05
2022-11-13,-0.0002936737940644474
2022-11-14,-5.294923298994336e-05
2022-11-15,0.0002768341520152928
2022-11-16,0.0006481925571552583
2022-11-17,-0.00024328732107900541
2022-11-18,-0.00010156681944291368
2022-11-20,9.110234514170257e-05
2022-11-21,-5.569016446008157e-06
2022-11-22,0.0005199438947876694
2022-11-23,-0.00023736213413609597
2022-11-24,-0.00031186859112901366
2022-11-25,-0.00023208759121792766
2022-11-27,2.25637701446596e-05
2022-11-28,-4.971586562332875e-05
2022-11-29,-0.00010720592952903618
2022-11-30,0.0006197600487266031
2022-12-01,-0.00022909159933440226
2022-12-02,0.0002138682843718931
2022-12-04,-9.666689239740123e-05
2022-12-05,-0.00017859181945158176
2022-12-06,5.806306526434657e-05
2022-12-07,0.00021535152131194057
2022-12-08,-0.00015863094085655227
2022-12-09,-0.00011948210539883264
2022-12-11,7.070382393462027e-06
2022-12-12,0.00015147870059947777
2022-12-13,0.0002058717258179299
2022-12-14,0.00013377397596450735
2022-12-15,-0.00036256793306042867
2022-12-16,-0.00010706698097402712
2022-12-18,-7.729234861393597e-05
2022-12-19,-4.381879058659721e-05
2022-12-20,-0.00010099514815052613
2022-12-21,0.000702431336330675
2022-12-22,3.368032153061584e-06
2022-12-23,-0.0006192928021649252
2022-12-26,2.6933967828268734e-05
2022-12-27,0.00010473039395886286
2022-12-28,-0.00027152034357345867
2022-12-29,3.704079379371339e-06
2022-12-30,-0.0012605445838484164
2023-01-02,6.749997225477533e-05
2023-01-03,0.00019283662964564297
2023-01-04,9.305988024413403e-06
2023-01-05,-0.0002879113001455075
2023-01-06,0.0008587238455957935
2023-01-08,-0.00012068350268271133
2023-01-09,0.0001972527804298685
2023-01-10,-8.108993099817385e-05
2023-01-11,0.00013661108817297762
2023-01-12,0.0002254246731287768
2023-01-13,-0.00044111882460330654
2023-01-15,3.201181955375665e-06
2023-01-16,3.938802764996696e-05
2023-01-17,5.686136206242698e-05
2023-01-18,0.0017847223021171532
2023-01-19,2.3237324465241738e-05
2023-01-20,-7.111515358371179e-05
2023-01-22,-3.173827635945259e-05
2023-01-23,-0.0003990068223248544
2023-01-24,0.00014598370592291965
2023-01-25,-0.00021170401389988824
2023-01-26,-0.0001294328150755475
2023-01-27,-0.00017544023499516115
2023-01-29,-6.127713465919893e-06
2023-01-30,-0.001799637256178585
2023-01-31,0.00017540376280125725
2023-02-01,0.000486986650244714
2023-02-02,4.8755589337853844e-05
2023-02-03,-0.0005598058553743235
2023-02-05,-0.0002111461994530467
2023-02-06,-0.0008969627642689548
2023-02-07,0.00025620395591655076
2023-02-08,5.208070234309636e-05
2023-02-09,-0.000326149846081647
2023-02-10,-0.00030388232592054587
2023-02-12,6.528329186183957e-05
2023-02-13,2.0324884986822056e-05
2023-02-14,-0.0005311226667137625
2023-02-15,0.0015554411136791124
2023-02-16,0.0006045081174788081
2023-02-17,0.0003236263248913296
2023-02-19,-6.14680798113193e-05
2023-02-20,0.00021181103257673917
2023-02-21,3.770143730777442e-05
2023-02-22,-0.00010545568218287005
2023-02-23,-3.5872126609368116e-05
2023-02-24,-0.0006248534632070923
2023-02-26,1.6041020759569036e-05
2023-02-27,3.221484288856713e-06
2023-02-28,-9.04239056190026e-05
2023-03-01,-0.00013950724150588178
2023-03-02,-8.781295393249511e-05
2023-03-03,0.00024885397928331443
2023-03-05,-3.6015808110453906e-05
2023-03-06,0.0001521683621167752
2023-03-07,0.00031191518069788315
2023-03-08,0.00010666019515884195
2023-03-09,0.0010642933043210762
2023-03-10,-0.0002941675543492728
2023-03-12,-0.0004332131068559425
2023-03-13,-0.004217246696028659
2023-03-14,0.0016018013009952425
2023-03-15,-0.004020867565658143
2023-03-16,0.0032292111688069225
2023-03-17,-0.0016674662796859335
2023-03-19,-0.00038590817134233346
2023-03-20,0.00029545836227341804
2023-03-21,0.0002979075455719904
2023-03-22,0.0007854229354854747
2023-03-23,0.0004480574685923472
2023-03-24,0.0003247283575993354
2023-03-26,-0.00014851630712472974
2023-03-27,-0.0006725670668514816
2023-03-28,-0.0006236553693450414
2023-03-29,-5.511032945230976e-05
2023-03-30,-3.4859817270041504e-05
2023-03-31,0.00045959770354576934
2023-04-02,-0.000298590093835982
2023-04-03,0.000753506998160347
2023-04-04,-0.000158623970451216
2023-04-05,0.00021777353102352126
2023-04-06,-0.00023968523162277988
2023-04-07,0.00027651888462416896
2023-04-09,7.787519613133842e-05
2023-04-10,-7.383260970621197e-05
2023-04-11,-3.591968083686836e-05
2023-04-12,0.00025439753355877004
2023-04-13,-0.00012764911460935724
2023-04-14,-0.0002290305360348327
2023-04-16,-3.883734502808933e-05
2023-04-17,0.0005381408768209694
2023-04-18,-0.0001241294973818724
2023-04-19,0.0005171404256432977
2023-04-20,0.00016637611197092839
2023-04-21,4.7234692357636665e-05
2023-04-23,1.9905784425136575e-05
2023-04-24,9.676341138674383e-05
2023-04-25,0.00011345879221322241
2023-04-26,0.00014076355046029054
2023-04-27,-0.00017760514295848961
2023-04-28,0.0002578637328679301
2023-04-30,-8.337745237055327e-05
2023-05-01,-0.0012600722216393467
2023-05-02,-0.00016234058807429452
2023-05-03,-7.081742040250527e-05
2023-05-04,-0.00030441805330287675
2023-05-05,0.0002117932094247016
2023-05-07,5.360610275811917e-07
2023-05-08,-0.00011967009568174258
2023-05-09,0.00032579730389506456
2023-05-10,-0.00014435132621337665
2023-05-11,-0.0001285877894898757
2023-05-12,0.0003243031179395728
2023-05-14,3.3848410247866445e-06
2023-05-15,-5.521773200099778e-05
2023-05-16,0.00022560776611582622
2023-05-17,6.087992296796574e-05
2023-05-18,-7.775376244009702e-06
2023-05-19,2.3543044931587098e-05
2023-05-21,6.169295015640008e-05
2023-05-22,-6.92167194428911e-05
2023-05-23,0.0002892024291018813
2023-05-24,-0.0001864106785190306
2023-05-25,0.0005066576751373564
2023-05-26,-0.00018683551616296978
2023-05-28,-0.00017274422722389493
2023-05-29,3.8559642879187894e-05
2023-05-30,0.0005960558706161467
2023-05-31,-7.254133692105591e-05
2023-06-01,-3.483951802199514e-05
2023-06-02,-6.875215273828561e-05
2023-06-04,-6.845492421189703e-05
2023-06-05,0.0003498119660547694
2023-06-06,-0.00027824127082343164
2023-06-07,-0.00026424420103890456
2023-06-08,-0.000534587323686303
2023-06-09,-0.00021796382525698932
2023-06-11,-6.200400589116695e-05
2023-06-12,0.0002360821649194239
2023-06-13,-0.0003527686505541555
2023-06-14,-0.00010752632731428347
2023-06-15,0.0001741175444568699
2023-06-16,-0.0001864214773240891
2023-06-18,4.2556624306772095e-05
2023-06-19,-0.00010760442032040074
2023-06-20,0.0002131385122505075
2023-06-21,0.0012965666615295801
2023-06-22,-0.00037221738622074396
2023-06-23,0.00015308321407897507
2023-06-25,8.513348009306365e-05
2023-06-26,-4.8767008740541185e-05
2023-06-27,-0.0003034638661581768
2023-06-28,0.00027559259370477096
2023-06-29,-0.00028107653134065713
2023-06-30,-0.00016708057002302878
2023-07-02,-0.00011489692587415834
2023-07-03,-0.0009660286053937983
2023-07-04,0.00015475021642206988
2023-07-05,-0.00024057152715044328
2023-07-06,0.0002352450875088008
2023-07-07,6.562595746503752e-05
2023-07-09,1.97101209105377e-05
2023-07-10,0.00024349636344869752
2023-07-11,-0.00011195683066117512
2023-07-12,9.080164840302718e-07
2023-07-13,2.464242164215702e-05
2023-07-14,-8.697695794969429e-05
2023-07-16,2.6262692052719805e-05
2023-07-17,0.00010177776722292142
2023-07-18,-0.0001675086850992935
2023-07-19,0.0008661518296806392
2023-07-20,-0.00022172968163215734
2023-07-21,-0.00012833165705225524
2023-07-23,-6.419498687793013e-06
2023-07-24,-9.987813536355139e-05
2023-07-25,0.00011557036534601273
2023-07-26,0.00016780807160141076
2023-07-27,-0.0006211778200038848
2023-07-28,0.00016696480212638476
2023-07-30,-1.6402487471423033e-05
2023-07-31,-0.0010204587019128214
2023-08-01,3.284598581970721e-05
2023-08-02,0.00012521196765624687
2023-08-03,-1.9623727374851185e-05
2023-08-04,7.809705229233632e-05
2023-08-06,7.017462858791013e-06
2023-08-07,3.5967737370065644e-05
2023-08-08,2.296247701097376e-05
2023-08-09,-4.5303068863702944e-05
2023-08-10,-0.00012216617377396044
2023-08-11,0.00011633308849613722
2023-08-13,2.3249493275034894e-05
2023-08-14,-9.162802493341282e-05
2023-08-15,-1.0178732275156754e-05
2023-08-16,0.0004700146656217985
2023-08-17,-6.374020542432302e-05
2023-08-18,-8.547015555908366e-05
2023-08-20,-3.195721911916638e-06
2023-08-21,-7.096004143862522e-05
2023-08-22,-4.5628299897168545e-05
2023-08-23,0.00014058157694257778
2023-08-24,-0.00012417126634288456
2023-08-25,-7.726479454088497e-05
2023-08-27,-3.941298128680437e-05
2023-08-28,0.00017443749206745573
2023-08-29,0.0001599154442076811
2023-08-30,7.178971661621347e-05
2023-08-31,2.8339534003107847e-06
2023-09-01,-1.6192055210514922e-05
2023-09-03,6.61966031725858e-06
2023-09-04,-0.00015793229412237875
2023-09-05,-0.00016065650618553307
2023-09-06,-0.00019663934932503957
2023-09-07,0.00015753815022967466
2023-09-08,-0.00015113590592343018
2023-09-10,-4.280166725705026e-05
2023-09-11,0.00020461045117835253
2023-09-12,-0.0001279744171799324
2023-09-13,6.186233916485873e-05
2023-09-14,-0.00019392286377054035
2023-09-15,-5.891973120858429e-05
2023-09-17,2.2927452610815857e-05
2023-09-18,-5.572776133400126e-05
2023-09-19,-0.00020084423138230778
2023-09-20,0.0007021707156795454
2023-09-21,0.00022042153482745852
2023-09-22,9.864645994428489e-05
2023-09-24,-6.681394564583831e-06
2023-09-25,-6.563034514016353e-05
2023-09-26,-9.64761565573069e-05
2023-09-27,-5.806060117423406e-05
2023-09-28,0.0001337054545774985
2023-09-29,-6.311105943676565e-05
2023-10-01,-0.00010765495938065694
2023-10-02,-0.0008206810980972978
2023-10-03,0.00016201106583817182
2023-10-04,5.476271299181823e-06
2023-10-05,-2.0314152463840607e-05
2023-10-06,-0.0001246820378730945
2023-10-08,0.00022041005114148415
2023-10-09,0.00023340330960636146
2023-10-10,-0.0003166142128131766
2023-10-11,-5.907110236999524e-05
2023-10-12,-0.00014075960355180994
2023-10-13,9.553050639646288e-05
2023-10-15,-2.6227729096245378e-05
2023-10-16,-9.611576395118782e-06
2023-10-17,-0.00029920505604091874
2023-10-18,0.0007219657437243648
2023-10-19,3.4850571786509965e-05
2023-10-20,0.0001795990616000609
2023-10-22,-3.911614553461784e-05
2023-10-23,0.0002365569841489834
2023-10-24,-0.00020342134357140274
2023-10-25,-0.00015746914600343886
2023-10-26,0.00020990707764584338
2023-10-27,-1.4186009180044978e-05
2023-10-29,-5.211151228350086e-05
2023-10-30,-0.0006555856289149758
2023-10-31,0.00012614849514187843
2023-11-01,5.1112026907315644e-05
2023-11-02,5.678403475736782e-05
2023-11-03,0.00027199213667042366
2023-11-05,1.009503990126448e-05
2023-11-06,-0.0003092147870734502
2023-11-07,-5.954889747551706e-05
2023-11-08,-0.0002144446299734426
2023-11-09,6.391961452600903e-05
2023-11-10,3.6639387984288563e-06
2023-11-12,6.628016495743849e-06
2023-11-13,4.9588805692502014e-05
2023-11-14,7.337864384060477e-05
2023-11-15,3.578121840823456e-05
2023-11-16,5.4149326194657954e-05
2023-11-17,-0.00018645276089485074
2023-11-19,-2.6209064394766557e-05
2023-11-20,9.27342577349416e-05
2023-11-21,3.908452113057792e-05
2023-11-22,2.4073931850845942e-05
2023-11-23,-0.00011809073963715833
2023-11-24,-5.896304597646784e-05
2023-11-26,-2.6137647731697133e-05
2023-11-27,0.00017053467750478835
2023-11-28,0.0006195999725785162
2023-11-29,-0.00011863296653200073
2023-11-30,-2.970958049107464e-05
2023-12-01,0.00032807129769332755
2023-12-03,-0.0001303015643220884
2023-12-04,-8.403919906987967e-05
2023-12-05,4.844875680103111e-05
2023-12-06,-0.00013407943958225477
2023-12-07,-3.980702107153622e-05
2023-12-08,-0.0002320720069055593
2023-12-10,-3.9121511356474126e-05
2023-12-11,4.900952584696583e-05
2023-12-12,0.00023732369458391578
2023-12-13,0.0008336906366394059
2023-12-14,-0.0003860278906121367
2023-12-15,-4.3439040468357115e-05
2023-12-17,3.0314290548338896e-06
2023-12-18,-0.00011176131224038821
2023-12-19,-1.3891432116580615e-05
2023-12-20,0.0013684261842907414
2023-12-21,4.890648759289795e-05
2023-12-22,6.065986895747999e-05
2023-12-25,-8.10884361473474e-05
2023-12-26,-0.0006689860310607337
2023-12-27,0.0002102948858433984
2023-12-28,-0.00012978509925132276
2023-12-29,-0.0008138940551887797
2024-01-01,-2.5955991412279777e-05
2024-01-02,-0.00020143023418112138
2024-01-03,6.995144987084756e-05
2024-01-04,8.445244494970083e-05
2024-01-05,1.5840876749828592e-05
2024-01-07,-0.0001038451775102478
2024-01-08,0.00013381226089959064
2024-01-09,2.9140811614550288e-05
2024-01-10,2.9264784717986103e-05
2024-01-11,0.0003412776860966804
2024-01-12,0.0003739000773675394
2024-01-14,-0.00010370218297593714
2024-01-15,-5.20716991712078e-05
2024-01-16,-0.0005991835511293536
2024-01-17,-0.00010448739402871277
2024-01-18,2.6287208127404038e-05
2024-01-19,-0.00010967664049761627
2024-01-21,-2.5581807072488916e-05
2024-01-22,-2.0486219314358456e-05
2024-01-23,-8.639896712941963e-05
2024-01-24,-1.807164386737059e-05
2024-01-25,-0.00013883247048415703
2024-01-26,-0.00012162780415085617
2024-01-28,3.2636717208933685e-05
2024-01-29,0.00011451013999506932
2024-01-30,-6.765256342035342e-05
2024-01-31,0.0002679770466983561
2024-02-01,-0.00016592202938571499
2024-02-02,-0.0006818682437584045
2024-02-04,3.357530402985087e-05
2024-02-05,0.0006939782877108114
2024-02-06,-4.0578552392811496e-05
2024-02-07,-3.2335429184154885e-05
2024-02-08,-0.00028799008947166804
2024-02-09,4.363575259737351e-05
2024-02-11,6.350777348784753e-06
2024-02-12,1.0150947323928072e-05
2024-02-13,-6.493944157852372e-05
2024-02-14,6.788918156899748e-05
2024-02-15,0.0002469808245113003
2024-02-16,0.0002608795137583192
2024-02-18,-6.302772152938507e-06
2024-02-19,3.1721829825692716e-06
2024-02-20,-2.6807283205337873e-05
2024-02-21,-0.0003027502490551559
2024-02-22,-0.00010070041321312562
2024-02-23,4.275585720921182e-05
2024-02-25,-2.2935510060745345e-05
2024-02-26,1.7303772961579922e-05
2024-02-27,-6.89442841489557e-05
2024-02-28,0.00012071906182734016
2024-02-29,-3.684448273330587e-05
2024-03-01,-0.00013688877971920754
2024-03-03,-3.9075340342642484e-05
2024-03-04,6.419366501117518e-05
2024-03-05,4.456481716200167e-05
2024-03-06,-0.00011816222675392618
2024-03-07,0.0001303251369534908
2024-03-08,0.0001403947336477418
2024-03-10,-4.569554276270815e-05
2024-03-11,-0.00012371551560090566
2024-03-12,-0.00017252978132809016
2024-03-13,-9.709851445681428e-05
2024-03-14,-4.808125777482075e-05
2024-03-15,-0.00011096758238117455
2024-03-17,-9.852477139707383e-06
2024-03-18,0.0003159554066405057
2024-03-19,-0.0001286845747642401
2024-03-20,0.0009658361742775623
2024-03-21,-0.00021513371192183328
2024-03-22,0.00022840219171491039
2024-03-24,-3.2681366228387576e-05
2024-03-25,-0.0002056824248866107
2024-03-26,-8.499537241608845e-05
2024-03-27,-3.252944569268057e-05
2024-03-28,-5.4714554063639564e-05
2024-03-31,0.00013061724179075362
2024-04-01,-0.0007318804170370202
2024-04-02,9.785773882692306e-06
2024-04-03,7.187543048943479e-05
2024-04-04,5.57122626066997e-05
2024-04-05,-0.00031751072550426085
2024-04-07,-1.29818109541463e-05
2024-04-08,-6.870222608855447e-05
2024-04-09,0.00018361893797327888
2024-04-10,-0.0006075445133799928
2024-04-11,-3.9026405218578475e-08
2024-04-12,0.00011812255294640917
2024-04-14,2.957369209212468e-05
2024-04-15,-0.00013134395680960975
2024-04-16,0.0002670301283196064
2024-04-17,-6.509180342086085e-05
2024-04-18,-0.00012088174618841985
2024-04-19,-2.287318289004303e-05
2024-04-21,1.984816990503735e-05
2024-04-22,-6.65165022243619e-05
2024-04-23,3.211739759363674e-05
2024-04-24,-1.2800933750653498e-05
2024-04-25,-0.00011692385918725401
2024-04-26,2.971258927772502e-05
2024-04-28,-2.3191688822934986e-05
2024-04-29,-0.000232108182473309
2024-04-30,1.7182318086381154e-05
2024-05-01,0.0001510904615059927
2024-05-02,3.883288510123095e-05
2024-05-03,4.851485616046147e-05
2024-05-05,1.9813722608189033e-05
2024-05-06,3.652660624198223e-05
2024-05-07,-0.00014853664535247058
2024-05-08,-4.265526556253285e-05
2024-05-09,-2.457466763139404e-07
2024-05-10,-4.883759151505518e-05
2024-05-12,6.529447286157675e-06
2024-05-13,0.00013181731446104683
2024-05-14,5.248927847192886e-05
2024-05-15,0.0005321847182972184
2024-05-16,-0.0002975958967435105
2024-05-17,-0.00013752665622954185
2024-05-19,9.774735854783945e-06
2024-05-20,8.29398792620839e-05
2024-05-21,4.564914848431689e-05
2024-05-22,-8.8489171476136e-06
2024-05-23,-9.41374816794266e-05
2024-05-24,-2.9439828051772143e-05
2024-05-26,-1.6420528829552694e-05
2024-05-27,0.00013495023633673664
2024-05-28,-9.812683490438567e-05
2024-05-29,-4.5972661289694905e-05
2024-05-30,0.00016075317193969818
2024-05-31,0.00016389605140414154
2024-06-02,6.602926458487701e-06
2024-06-03,0.00022601654460084608
2024-06-04,-0.00014621941287545903
2024-06-05,7.464931646417039e-05
2024-06-06,-4.9671550603813674e-05
2024-06-07,-0.00017026583679657925
2024-06-09,-1.6315569113786732e-05
2024-06-10,4.5764227843095306e-05
2024-06-11,0.0001212159458120754
2024-06-12,0.0002711221551947307
2024-06-13,0.00019248735387078497
2024-06-14,7.892265383563357e-05
2024-06-16,-5.552331886785056e-05
2024-06-17,-7.101865410240327e-05
2024-06-18,0.0001437503170208243
2024-06-19,0.000856812799344922
2024-06-20,-0.0002364668589305563
2024-06-21,8.165724671109487e-05
2024-06-23,3.2495259745107807e-06
2024-06-24,-0.00025385459502841323
2024-06-25,-6.160274151968681e-05
2024-06-26,-0.0002512467883767633
2024-06-27,0.00017648094279570925
2024-06-28,-0.00019298670700385046
2024-06-30,5.8783215713009707e-05
2024-07-01,-0.0005279657556066242
2024-07-02,-2.9413283512969013e-07
2024-07-03,-0.00022776816716557624
2024-07-04,-3.93286328942144e-05
2024-07-05,0.00036951043891267354
2024-07-07,-2.597237230930749e-05
2024-07-08,-2.615361559034357e-05
2024-07-09,2.3029249162823118e-05
2024-07-10,-0.00012852818323606796
2024-07-11,0.00023698290060220062
2024-07-12,-0.00010992573945814432
2024-07-14,-2.2719145582855704e-05
2024-07-15,-0.00041287551983026916
2024-07-16,0.0001575852463537447
2024-07-17,0.0002167677606473295
2024-07-18,9.035904461628108e-05
2024-07-19,-0.00013953951951205246
2024-07-21,2.9349285952745552e-05
2024-07-22,-1.2738185700245097e-05
2024-07-23,-0.0003425455652514009
2024-07-24,9.051903531559491e-05
2024-07-25,-2.269721880243658e-05
2024-07-26,4.8243260863140014e-05
2024-07-28,-1.9633921321093872e-05
2024-07-29,-5.2024018671048555e-05
2024-07-30,8.060140037996488e-05
2024-07-31,0.0001245296816479169
2024-08-01,-0.00024554808328722255
2024-08-02,-0.0006761421273073775
2024-08-04,1.2013508515984483e-05
2024-08-05,-0.0008093506815232271
2024-08-06,-0.0003597885723857913
2024-08-07,-0.00013562587220114497
2024-08-08,9.411269646347753e-05
2024-08-09,3.003964758636901e-05
2024-08-11,3.291605717682666e-05
2024-08-12,0.0003466003465155132
2024-08-13,-4.8130330633472385e-05
2024-08-14,0.00012486181365610471
2024-08-15,0.00023702397078616266
2024-08-16,-0.00012559696196590142
2024-08-18,2.7125667334343406e-05
2024-08-19,3.218921130379582e-05
2024-08-20,7.898674583034504e-06
2024-08-21,4.6748034975951924e-05
2024-08-22,-0.0009744484271333037
2024-08-23,-0.000265019297268021
2024-08-25,6.460866182383951e-05
2024-08-26,-0.00028948756267344056
2024-08-27,-8.041772690534077e-05
2024-08-28,-7.871269402870418e-05
2024-08-29,-0.00011290368686306396
2024-08-30,-0.00017548868971679898
2024-09-01,-1.2966501159755728e-05
2024-09-02,-6.137680934881207e-07
2024-09-03,1.1809092553022316e-05
2024-09-04,0.00030815524652630377
2024-09-05,-0.00022790594693954114
2024-09-06,-0.0002620109062341919
2024-09-08,-6.137254858018526e-05
2024-09-09,0.0001668939776961892
2024-09-10,-3.658892872294983e-05
2024-09-11,0.0003119622710136827
2024-09-12,0.00017592886729650425
2024-09-13,-0.00043572138742814515
2024-09-15,2.0712779020548577e-06
2024-09-16,7.571127391782506e-05
2024-09-17,-0.00014717064995917184
2024-09-18,-0.0008370233454187831
2024-09-19,3.055819466812881e-05
2024-09-20,2.6254857089513806e-06
2024-09-22,-1.6090580979788438e-05
2024-09-23,0.0002705824764536735
2024-09-24,-0.00015750497057892554
2024-09-25,0.00019582686527017112
2024-09-26,0.0002763364937560103
2024-09-27,-0.00045271129585684744
2024-09-29,5.466225796182944e-05
2024-09-30,0.0001389003806623046
2024-10-01,-9.018281872374967e-05
2024-10-02,0.00016764909876934575
2024-10-03,-0.00013461559403243895
2024-10-04,0.0006867092421799503
2024-10-06,0.00010985659249433677
2024-10-07,-0.0012457614083520585
2024-10-08,-1.2703442871131454e-05
2024-10-09,0.0002462494589881986
2024-10-10,-0.00040690232053089415
2024-10-11,-8.781435859425701e-05
2024-10-13,1.616436323258197e-05
2024-10-14,-0.0007507143177531428
2024-10-15,-2.6161371426969282e-05
2024-10-16,-0.00034991750129483024
2024-10-17,0.00015064513558327164
2024-10-18,4.85393641838916e-05
2024-10-20,-5.162769019821656e-05
2024-10-21,-0.0002595177094282669
2024-10-22,2.5185124882948218e-06
2024-10-23,6.410104661210003e-05
2024-10-24,-3.227408961106737e-05
2024-10-25,0.0002665498171656455
2024-10-27,6.005752757110017e-06
2024-10-28,4.897366015464699e-05
2024-10-29,-7.790693685762184e-05
2024-10-30,0.00019690224664228873
2024-10-31,-6.519294509427231e-05
2024-11-01,9.73637445957215e-05
2024-11-03,-4.813556076047054e-05
2024-11-04,0.00023662968240127646
2024-11-05,-8.17596550998223e-05
2024-11-06,-3.701306727016407e-05
2024-11-07,4.273922195965896e-05
2024-11-08,-2.674094970493701e-05
2024-11-10,-1.3088029178487393e-07
2024-11-11,-0.00011112474758671886
2024-11-12,6.48239258351363e-05
2024-11-13,2.6580234159537253e-05
2024-11-14,-0.000206216543563717
2024-11-15,2.3283820076699935e-05
2024-11-17,-1.6394517434736855e-05
2024-11-18,-2.5889035853501885e-05
2024-11-19,-1.647906785823272e-05
2024-11-20,-0.00017926051673938792
2024-11-21,7.073391096201753e-05
2024-11-22,0.00012370687763352262
2024-11-24,-0.00010739239333079631
2024-11-25,-0.0001269847042205674
2024-11-26,3.0544158670375854e-06
2024-11-27,0.00014090837080052432
2024-11-28,-9.762879487451581e-06
2024-11-29,-7.448845071564292e-05
2024-12-01,0.00014399549321457428
2024-12-02,-0.0003734759559461398
2024-12-03,5.2430049186633076e-05
2024-12-04,0.0003857191097673407
2024-12-05,-8.498778618615255e-05
2024-12-06,9.20366550746371e-05
2024-12-08,-2.276468023304501e-05
2024-12-09,6.819337151220406e-05
2024-12-10,2.8785734017919284e-05
2024-12-11,-6.869593731517742e-05
2024-12-12,0.00028647423034425246
2024-12-13,3.849574720522775e-05
2024-12-15,-6.507402429287157e-05
2024-12-16,4.861975489618697e-05
2024-12-17,-0.00018252229783333185
2024-12-18,0.00038748225045835694
2024-12-19,-0.00016612713426886194
2024-12-20,-0.0001302827951477903
2024-12-22,-9.776263122623918e-06
2024-12-23,-0.0002251481662923771
2024-12-24,4.252675236464387e-05
2024-12-25,2.2768832241129577e-05
2024-12-26,-4.550757089906432e-05
2024-12-27,2.9323502119635303e-05
2024-12-29,-6.494061630515913e-06
2024-12-30,-9.750099853189642e-05
2024-12-31,3.571527911216954e-05
2025-01-12,0.0004031271065631642
2025-01-13,-0.0006846307574271959
2025-01-14,0.0001207097121784656
2025-01-15,-0.0002618805243195521
2025-01-16,-4.216202096585242e-05
2025-01-17,-0.0001203367347771267
2025-01-19,3.258505277003998e-05
2025-01-20,-0.00010724863090591508
2025-01-21,4.2112049848455624e-05
2025-01-22,-4.563373569432816e-05
2025-01-23,1.3169767896059614e-05
2025-01-24,6.855319360743461e-05
2025-01-26,-1.2953944314886279e-05
2025-01-27,-1.590240478319127e-05
2025-01-28,-1.939058918921932e-05
2025-01-29,-3.611338636148875e-05
2025-01-30,-7.819442555409561e-05
2025-01-31,-0.00013017432092332637
2025-02-02,6.106582853285247e-06
2025-02-03,3.5800801773816504e-05
2025-02-04,-0.0001563431161139689
2025-02-05,-2.299977910090456e-05
2025-02-06,3.3778163318481935e-06
2025-02-07,4.934952040229479e-05
2025-02-09,3.912708100262119e-05
2025-02-10,0.00012053493970544393
2025-02-11,6.219262734741271e-05
2025-02-12,-6.170309446801303e-05
2025-02-13,8.479000054151253e-05
2025-02-14,5.522759746791339e-05
2025-02-16,3.2424685339066395e-06
2025-02-17,1.3050741282105704e-05
2025-02-18,7.204045334958942e-05
2025-02-19,-0.00010756228550393154
2025-02-20,-6.201677405356931e-05
2025-02-21,5.799178566463781e-05
2025-02-23,-1.2929077685269741e-05
2025-02-24,5.4836755633627665e-05
2025-02-25,0.00026307891481855417
2025-02-26,6.836880759239494e-05
2025-02-27,9.444054509588629e-06
2025-02-28,-0.0001444925685463727
2025-03-02,-7.772590587361294e-05
2025-03-03,-0.00011507754198004927
2025-03-04,-0.00024738464171250585
2025-03-05,0.00017003975936727422
2025-03-06,-4.162449190006634e-06
2025-03-07,4.615043319620982e-05
2025-03-09,0.0001295762104380066
2025-03-10,3.064317614316636e-05
2025-03-11,-0.00020015684015924073
2025-03-12,0.00036563740706010983
2025-03-13,5.948402095834471e-06
2025-03-14,-3.4812509137907566e-05
2025-03-16,6.80980586557911e-05
2025-03-17,-0.00017421617101881504
2025-03-18,1.63489452963822e-05
2025-03-19,0.0007305934287992755
2025-03-20,-0.0006191503611016336
2025-03-21,2.8694114208679955e-05
2025-03-23,-0.00010358974002884491
2025-03-24,-0.00016458435155163043
2025-03-25,8.78214205270178e-05
2025-03-26,0.00020460697975085984
2025-03-27,6.526024668813968e-05
2025-03-28,0.00039195038602939103
2025-03-30,0.0001972914425084349
2025-03-31,-0.0008152802609668608
2025-04-01,-7.449824706419472e-05
2025-04-02,0.0003458754973312411
2025-04-03,-5.704540452042273e-05
2025-04-04,-0.0010152852262985401
2025-04-06,-0.0001283474094412318
2025-04-07,0.00035076225700783614
2025-04-08,-7.121125616155188e-06
2025-04-09,-0.0011314341807969752
2025-04-10,-0.00014268131588993094
2025-04-11,-0.00014617528818254566
2025-04-13,0.0002758119825366223
2025-04-14,7.718325493068223e-05
2025-04-15,0.00011013614901314583
2025-04-16,-0.00011661276971633439
2025-04-17,8.43855442417274e-05
2025-04-20,1.2465690996416035e-05
2025-04-21,-0.00018344208089565717
2025-04-22,3.722473922884717e-06
2025-04-23,6.811841975448707e-05
2025-04-24,8.056302519092451e-05
2025-04-25,5.99068207861736e-05
2025-04-27,-2.5373967759423355e-05
2025-04-28,0.00016738596914402104
2025-04-29,0.0001412149937834728
2025-04-30,-0.00031586491307511455
2025-05-01,4.459199981435291e-05
2025-05-02,-9.366356828012512e-05
2025-05-04,7.737069990468304e-05
2025-05-05,-0.00047102268250787116
2025-05-06,0.0005911432678291362
2025-05-07,0.000250496381256779
2025-05-08,0.0001969927127080523
2025-05-09,-3.8679207745501154e-05
2025-05-11,6.981226393226736e-06
2025-05-12,0.00032692063392644743
2025-05-13,-0.00018774914976224522
2025-05-14,-2.876031533581569e-05
2025-05-15,0.0001751053160817806
2025-05-16,4.3143697025530003e-05
2025-05-18,1.2890876384896721e-05
2025-05-19,3.1713068348177e-06
2025-05-20,0.00012360860176677257
2025-05-21,-0.00045209818530789203
2025-05-22,-0.00032294616864161907
2025-05-23,0.00011075278954536527
2025-05-25,-8.403286317712477e-05
2025-05-26,8.098774004888787e-05
2025-05-27,0.0001757337931958397
2025-05-28,-0.00011282309122397083
2025-05-29,0.00011247260921093405
2025-05-30,7.418496880484682e-05
2025-06-01,-1.2948348042080005e-05
2025-06-02,-0.00011656441588060729
2025-06-03,-5.499378008347322e-05
2025-06-04,0.00011891254370381688
2025-06-05,-6.115117547743354e-05
2025-06-06,-0.00036827277104294065
2025-06-08,4.212047810230046e-05
2025-06-09,0.0003220641671509289
2025-06-10,3.938304855702346e-05
2025-06-11,0.00013872342460803655
2025-06-12,-0.00023947771285634523
2025-06-13,-0.00018731165483462653
2025-06-15,-7.780721223989151e-05
2025-06-16,0.00023783730103253686
2025-06-17,6.8470532361558645e-06
2025-06-18,0.0004429746556273567
2025-06-19,0.00013939842792551338
2025-06-20,-0.0003266462938679715
2025-06-22,-2.8945392168452933e-05
2025-06-23,0.00014448542043564438
2025-06-24,0.00017751466621525325
2025-06-25,-0.00020668565579537446
2025-06-26,0.00018739035675281734
2025-06-27,-1.8952933494284507e-05
2025-06-29,1.2805573806812243e-05
2025-06-30,-0.0003618294423698848
2025-07-01,-0.000164908805989461
2025-07-02,-2.2845757757489205e-05
2025-07-03,0.00025973261723774566
2025-07-04,-7.094729442325143e-06
2025-07-06,8.131266884976729e-05
2025-07-07,-0.00012299258660326828
2025-07-08,-3.223028419334362e-05
2025-07-09,0.00011948742099507359
2025-07-10,-5.469534311634827e-05
2025-07-11,-2.8847984978652708e-05
2025-07-13,1.6039247284299618e-05
2025-07-14,-3.212460271311002e-05
2025-07-15,-0.00012575685006312176
2025-07-16,-0.00043189880193529595
2025-07-17,-9.913685561163676e-06
2025-07-18,6.461215016018151e-06
2025-07-20,1.3264960449330121e-05
2025-07-21,0.000246979547819437
2025-07-22,5.1473482850561414e-05
2025-07-23,-0.00014537732825212202
2025-07-24,-7.060285763092755e-05
2025-07-25,-0.00010374453976914888
2025-07-27,-2.9067467025203908e-05
2025-07-28,-1.9830485988248103e-05
2025-07-29,7.39960808193163e-05
2025-07-30,9.632460705061296e-05
2025-07-31,0.00037168947060066404
2025-08-01,-0.001185885662605024
2025-08-03,-1.3735151458860173e-05
2025-08-04,-0.0005553221507959422
2025-08-05,-7.219339938019376e-05
2025-08-06,-2.5700894111996275e-05
2025-08-07,-3.9172576661875014e-05
2025-08-08,-0.0002573716302733675
2025-08-10,-6.380936297095685e-06
2025-08-11,-9.118699269031194e-05
2025-08-12,-0.000130802794416629
2025-08-13,5.2553433853519405e-05
2025-08-14,-0.00019902462618177907
2025-08-15,0.00018887595079090935
2025-08-17,3.3329013541111285e-06
2025-08-18,3.3665605223692774e-06
2025-08-19,-0.000129765952526395
2025-08-20,3.7708743113332166e-05
2025-08-21,7.874703223959001e-05
2025-08-22,-0.00021324100653538625
2025-08-24,-1.9312103595695018e-05
2025-08-25,1.9997199849144942e-05
2025-08-26,0.00018417894777235377
2025-08-27,0.0001163537370154899
2025-08-28,-0.00012284460046828316
2025-08-29,5.8263109641604194e-05
2025-08-31,-1.9350153285954685e-05
2025-09-01,-6.153485004727066e-05
2025-09-02,-1.8869098531298922e-05
2025-09-03,-7.012090168234675e-07
2025-09-04,-4.624262851191108e-05
2025-09-05,-0.00045324431167559354
2025-09-07,4.5196999139796024e-05
2025-09-08,1.0584403863769798e-05
2025-09-09,-2.7262866020574816e-05
2025-09-10,-2.2453208594327978e-05
2025-09-11,0.00012673444994620864
2025-09-12,0.0001261648984451913
2025-09-14,9.58389465931242e-06
2025-09-15,-0.00014216146632413384
2025-09-16,-0.00014554802975733083
2025-09-17,-7.091868292063985e-07
2025-09-18,0.00010954705902463391
2025-09-19,-0.0001945453019376875
2025-09-21,2.2598928179351496e-05
2025-09-22,3.491125963138442e-05
2025-09-23,-9.406991908461615e-06
2025-09-24,0.0001645754113099307
2025-09-25,7.976407457095658e-05
2025-09-26,-9.092646838212981e-05
2025-09-28,-4.836097196757316e-05
2025-09-29,0.00022905578407006466
2025-09-30,3.568865505598762e-05
2025-10-01,-0.00010247684805134161
2025-10-02,9.398207958495608e-05
2025-10-03,7.728888480866558e-05
2025-10-05,-1.617901646064346e-05
2025-10-06,3.552036353345056e-05
2025-10-07,-3.569122207029707e-05
2025-10-08,9.710629917830671e-05
2025-10-09,5.5008420616745046e-05
2025-10-10,-0.00023843619391598903
2025-10-12,8.702445595613895e-05
2025-10-13,-8.705765431973878e-05
2025-10-14,0.00020445846307916293
2025-10-15,-0.0003939331275475133
2025-10-16,8.207097277640463e-06
2025-10-17,5.39259433035566e-06
2025-10-19,-1.293326435594655e-05
2025-10-20,-2.2753632572550253e-05
2025-10-21,0.00010716259934839822
2025-10-22,-2.2435969341177975e-05
2025-10-23,0.00013172110911602308
2025-10-24,3.1867185784767438e-06
2025-10-26,6.169342843295733e-06
2025-10-27,1.609466267611659e-05
2025-10-28,-3.884495251228748e-05
2025-10-29,-4.317021445246483e-05
2025-10-30,-9.45986341156918e-05
2025-10-31,4.908380055780592e-05
