date,ret
2020-01-03,0.09615571776156362
2020-01-06,-0.004343629343625199
2020-01-07,-0.04472934472935486
2020-01-08,-0.02068429654636228
2020-01-09,0.011448889323331546
2020-01-10,0.022304832713755607
2020-01-13,-0.008393075712541442
2020-01-14,0.03401310280282899
2020-01-15,-0.007604562737635767
2020-01-16,-0.026038531005425858
2020-01-17,-0.008336755135818663
2020-01-20,-0.0033003300330003427
2020-01-21,0.061104409266588444
2020-01-22,-0.0
2020-01-23,0.06278666010210499
2020-01-24,0.04462162162161687
2020-01-26,0.08196721311474953
2020-01-27,0.01738374619730909
2020-01-28,-0.033333333333323
2020-01-29,0.05611792898119461
2020-01-30,0.02306435200888468
2020-01-31,0.10549092163439233
2020-02-02,-0.003703703703700323
2020-02-03,-0.0385529059751446
2020-02-04,-0.12066616715481904
2020-02-05,-0.038512857836007
2020-02-06,-0.03912853395511817
2020-02-07,0.06777588168374515
2020-02-09,-0.020979020979021712
2020-02-10,0.05954460386774363
2020-02-11,-0.03608116273892281
2020-02-12,-0.06986899563319904
2020-02-13,0.025316455696203333
2020-02-14,0.028797760505089975
2020-02-17,-0.0
2020-02-18,0.055734720014792405
2020-02-19,-0.0399617249712072
2020-02-20,0.10040316931555937
2020-02-21,0.03316249623152734
2020-02-23,0.05958132045088249
2020-02-24,0.1176688793440106
2020-02-25,0.0210148417319741
2020-02-26,-0.005541539016027719
2020-02-27,0.1384267403870063
2020-02-28,0.32600919775166226
2020-03-01,-0.2099447513812127
2020-03-02,-0.11840701671208609
2020-03-03,0.3149621212121303
2020-03-04,-0.11493911493909847
2020-03-05,0.1525341130603941
2020-03-06,0.0767932489451234
2020-03-09,0.09975961538467637
2020-03-10,-0.3806451612903907
2020-03-11,0.040043290043292434
2020-03-12,0.4442190669370947
2020-03-13,-0.12222222222232748
2020-03-15,0.8309178743962083
2020-03-16,0.0
2020-03-17,-1.0900383141764183
2020-03-18,0.22459893048140178
2020-03-19,0.04700854700862489
2020-03-20,0.24444444444434865
2020-03-22,0.14285714285722984
2020-03-23,0.2499999999999556
2020-03-24,-0.7292307692307889
2020-03-25,0.057432432432472424
2020-03-26,0.4896551724139433
2020-03-27,1.0723684210525455
2020-03-30,1.088888888889108
2020-03-31,-0.39999999999971214
2020-04-01,0.29090909090882633
2020-04-02,0.4166666666665877
2020-04-03,-0.3999999999999999
2020-04-06,-0.5897435897436569
2020-04-07,-0.33333333333325443
2020-04-08,-0.07142857142852077
2020-04-09,0.04629629629643661
2020-04-13,0.024154589371703672
2020-04-14,0.3666666666668592
2020-04-15,0.36363636363629315
2020-04-16,-0.4722222222220904
2020-04-17,0.36789297658880626
2020-04-20,0.32620320855585905
2020-04-21,0.3166666666667455
2020-04-22,0.575757575757512
2020-04-23,0.1666666666668788
2020-04-24,-0.0
2020-04-26,-0.09090909090925536
2020-04-27,-0.28571428571445967
2020-04-28,0.45000000000024687
2020-04-29,-0.16666666666674557
2020-04-30,0.02857142857113748
2020-05-01,0.18181818181851073
2020-05-03,0.0
2020-05-04,-0.0
2020-05-05,-0.14285714285743278
2020-05-06,-0.5499999999997975
2020-05-07,-3.5
2020-05-08,-3.3333333333330177
2020-05-12,-2.2222222222223276
2020-05-14,2.0000000000056843
2020-05-15,0.7777777777762513
2020-05-17,0.18181818181825227
2020-05-18,-2.333333333333333
2020-05-20,2.1538461538517035
2020-05-21,-1.9090909090907446
2020-05-25,-0.0909090909089969
2020-05-26,2.0000000000056843
2020-05-27,-1.000000000001421
2020-05-28,6.000000000005684
2020-05-29,-1.9166666666667456
2020-06-02,-2.0909090909089967
2020-06-04,0.26190476190430134
2020-06-05,1.7142857142859462
2020-06-07,0.0
2020-06-08,0.0871794871794156
2020-06-09,-0.508928571428569
2020-06-10,-1.066666666666717
2020-06-11,0.6153846153852249
2020-06-12,0.38888888888867856
2020-06-15,-0.9159663865548557
2020-06-16,0.0
2020-06-17,-0.722222222221459
2020-06-18,0.0769230769230097
2020-06-19,-1.9166666666667456
2020-06-23,-1.000000000001421
2020-06-24,2.100000000005599
2020-06-25,-0.11111111111100591
2020-06-26,4.399999999997101
2020-06-29,0.4999999999995265
2020-06-30,0.28571428571486557
2020-07-01,-1.1499999999994563
2020-07-02,0.6571428571416575
2020-07-03,-0.2857142857140538
2020-07-06,-0.20833333333279547
2020-07-07,0.39999999999954516
2020-07-08,0.6666666666669823
2020-07-09,0.0
2020-07-10,-0.3928571428578769
2020-07-12,0.12500000000022204
2020-07-13,0.14285714285743278
2020-07-14,-0.7499999999999112
2020-07-15,-0.2333333333331028
2020-07-16,0.39999999999954516
2020-07-17,-0.7777777777779884
2020-07-20,1.1000000000006254
2020-07-21,0.22222222222201182
2020-07-22,0.0
2020-07-23,0.09999999999991471
2020-07-24,-0.11111111111100591
2020-07-27,-0.5714285714281073
2020-07-28,0.4999999999994599
2020-07-29,-0.4444444444440234
2020-07-30,1.3999999999996022
2020-07-31,0.4999999999994671
2020-08-02,-0.12499999999986677
2020-08-03,-0.19999999999982943
2020-08-04,-0.2222222222220116
2020-08-05,-0.7499999999999112
2020-08-06,-0.22222222222232757
2020-08-07,-1.6000000000004548
2020-08-10,-2.0
2020-08-12,-0.0909090909089969
2020-08-13,0.9166666666674561
2020-08-14,-0.7435897435899921
2020-08-16,0.07142857142851344
2020-08-17,0.0
2020-08-18,-0.49999999999964473
2020-08-19,0.0
2020-08-20,-0.5897435897430253
2020-08-21,-0.08333333333325443
2020-08-23,0.0
2020-08-24,1.9999999999971578
2020-08-25,0.4230769230780562
2020-08-26,0.39999999999954516
2020-08-27,1.0714285714285134
2020-08-28,-1.034188034188312
2020-08-30,0.0
2020-08-31,-0.08333333333325443
2020-09-01,0.0
2020-09-02,1.0000000000007105
2020-09-03,-0.5897435897439728
2020-09-04,1.8333333333349122
2020-09-07,-0.2500000000004441
2020-09-08,-0.5714285714281073
2020-09-09,0.7285714285703739
2020-09-10,-0.5047619047613143
2020-09-11,-0.8000000000002274
2020-09-14,0.0
2020-09-15,1.2619047619052486
2020-09-16,-2.0666666666661486
2020-09-17,2.100000000005599
2020-09-18,-3.333333333331912
2020-09-21,-3.9166666666667456
2020-09-22,2.0000000000056843
2020-09-23,0.09090909090925536
2020-09-24,0.0
2020-09-25,0.0
2020-09-28,0.09999999999991471
2020-09-29,-0.11111111111100591
2020-09-30,-1.000000000001421
2020-10-01,-4.100000000000199
2020-10-02,-0.0909090909089969
2020-10-05,4.000000000005684
2020-10-06,0.0
2020-10-07,0.5833333333327806
2020-10-08,0.5000000000010658
2020-10-09,0.32307692307653557
2020-10-11,-0.3333333333330175
2020-10-12,-0.40000000000068203
2020-10-13,-0.4285714285711313
2020-10-14,0.0
2020-10-15,0.666666666666035
2020-10-16,0.5000000000010658
2020-10-18,0.32307692307653557
2020-10-19,-0.26190476190450407
2020-10-20,0.39999999999954516
2020-10-21,-0.07692307692300959
2020-10-22,1.0
2020-10-23,-0.293650793650728
2020-10-25,-0.2500000000004441
2020-10-26,-0.1523809523806573
2020-10-27,0.0
2020-10-28,0.0
2020-10-29,0.33333333333301773
2020-10-30,0.0
2020-11-01,0.0
2020-11-02,-0.07692307692300959
2020-11-03,0.5714285714289193
2020-11-04,-0.8888888888886783
2020-11-05,0.4714285714280586
2020-11-06,0.25641025641000814
2020-11-09,1.6428571428572298
2020-11-10,0.2410256410258722
2020-11-11,-0.0
2020-11-12,0.0708333333336415
2020-11-13,0.28571428571445967
2020-11-16,1.2142857142859462
2020-11-17,-0.2500000000001332
2020-11-18,0.3502304147467503
2020-11-19,0.008333333333507498
2020-11-20,-0.05641025641057629
2020-11-23,0.14285714285743278
2020-11-24,0.0
2020-11-25,0.10344827586207572
2020-11-26,-0.08333333333325443
2020-11-27,0.0769230769230097
2020-11-30,0.2666666666664139
2020-12-01,-0.19645550527873668
2020-12-02,0.0769230769230097
2020-12-03,0.031249999999972244
2020-12-04,-0.03225806451609947
2020-12-06,0.0
2020-12-07,0.003472222221905019
2020-12-08,0.1821631878560559
2020-12-09,-0.11111111111132166
2020-12-10,-0.20855614973242798
2020-12-11,0.054597701149347255
2020-12-13,0.14285714285743278
2020-12-14,-0.29333333333355416
2020-12-15,-0.07389162561570839
2020-12-16,0.3076923076924758
2020-12-17,-0.08888888888901514
2020-12-18,-0.12499999999988898
2020-12-20,0.0
2020-12-21,0.0
2020-12-22,0.0
2020-12-23,0.0
2020-12-24,0.0
2020-12-28,0.13333333333320718
2020-12-29,-0.2212121212122915
2020-12-30,0.027027027027002104
2020-12-31,-0.2500000000001332
2021-01-03,0.0
2021-01-04,0.14646464646483726
2021-01-05,0.0
2021-01-06,-0.04789915966384095
2021-01-07,0.15294117647067007
2021-01-08,0.0769230769230097
2021-01-11,-0.01666666666666039
2021-01-12,-0.07655502392335123
2021-01-13,-0.09999999999991482
2021-01-14,-0.2105263157895838
2021-01-15,0.0009426847662082904
2021-01-17,0.0
2021-01-18,0.12499999999988898
2021-01-19,-0.11764705882343107
2021-01-20,0.0018115942029521825
2021-01-21,-0.0651515151515829
2021-01-22,0.0
2021-01-24,0.14285714285743278
2021-01-25,-0.022222222222509913
2021-01-26,0.0
2021-01-27,0.09999999999991471
2021-01-28,-0.018253968253526986
2021-01-29,-0.06666666666696353
2021-02-01,-0.10119047619036392
2021-02-02,-0.030435688972307195
2021-02-03,0.0519480519483595
2021-02-04,0.09999999999991471
2021-02-05,-0.020833333333374116
2021-02-07,0.0
2021-02-08,0.07210884353728764
2021-02-09,-0.09188034188019989
2021-02-10,0.19264705882347644
2021-02-11,-0.04444444444446827
2021-02-12,-0.10638297872342872
2021-02-14,0.2666666666664139
2021-02-15,-0.20192307692292677
2021-02-16,0.0745798319329054
2021-02-17,-0.1028340080972876
2021-02-18,0.05938697317997044
2021-02-19,-0.2143201542906925
2021-02-21,0.0
2021-02-22,-0.1868686868689151
2021-02-23,-0.0014084507043951033
2021-02-24,-0.23153409090900534
2021-02-25,0.6285253827561808
2021-02-26,-0.264585381842084
2021-02-28,-0.09698996655510073
2021-03-01,-0.18380952380953164
2021-03-02,0.24812030075172098
2021-03-03,0.10686274509806637
2021-03-04,-0.11000000000001364
2021-03-05,0.009009009009273039
2021-03-07,-0.10000000000019904
2021-03-08,0.41731601731608925
2021-03-09,-0.20793103448269856
2021-03-10,0.1293111419321138
2021-03-11,-0.09705753184005617
2021-03-12,0.07181818181825039
2021-03-14,0.04101057579315859
2021-03-15,-0.10043290043279773
2021-03-16,-0.06446540880517959
2021-03-17,0.689241917502998
2021-03-18,0.10068746694845787
2021-03-19,0.11980267794227317
2021-03-21,0.06126752404118574
2021-03-22,0.022058823529412352
2021-03-23,-0.006191950464326412
2021-03-24,-0.12499999999986677
2021-03-25,0.06637806637783206
2021-03-26,-0.07258064516129248
2021-03-28,-0.06249999999974465
2021-03-29,0.038505354294725125
2021-03-30,0.04325396825407246
2021-03-31,0.11187214611857477
2021-04-01,0.1565656565655471
2021-04-02,0.2673992673993404
2021-04-04,0.054457953394090874
2021-04-05,-0.20783132530122372
2021-04-06,-0.08355795148243783
2021-04-07,-0.27585248332085943
2021-04-08,-0.036271529888459386
2021-04-09,0.059673659673557866
2021-04-11,0.057142857142968406
2021-04-12,-0.09903381642506992
2021-04-13,-0.012049549549585037
2021-04-14,0.029598308668002726
2021-04-15,-0.043441938178673145
2021-04-16,-0.183017077799007
2021-04-18,0.09878310665730206
2021-04-19,-0.02886002886014971
2021-04-20,-0.1840163934427016
2021-04-21,0.14902874902883356
2021-04-22,0.0560415527610203
2021-04-23,0.15777310924366816
2021-04-25,0.0
2021-04-26,-0.05228758169929515
2021-04-27,0.05916760404956012
2021-04-28,-0.009923356192107491
2021-04-29,-0.11898512685903029
2021-04-30,0.023437500000000888
2021-05-02,0.0
2021-05-03,-0.126823529411916
2021-05-04,0.11570247933900824
2021-05-05,-0.004262968669882405
2021-05-06,-0.07313681868736355
2021-05-07,0.0051282051280882035
2021-05-09,-0.1481481481482183
2021-05-10,0.0633018867926689
2021-05-11,0.304207119740994
2021-05-12,0.17295597484265302
2021-05-13,-0.15540069686406643
2021-05-14,-0.017543859649131965
2021-05-17,0.05589543937703434
2021-05-18,0.07104700854727841
2021-05-19,-0.07416971237905279
2021-05-20,0.06882852919453508
2021-05-21,-0.160248447205243
2021-05-23,0.0
2021-05-24,-0.02178108629717035
2021-05-25,-0.003571428571195634
2021-05-26,-0.028846153846155076
2021-05-27,0.027345102111375974
2021-05-28,-0.11607142857150021
2021-05-30,0.1428571428570269
2021-05-31,0.07692307692322808
2021-06-01,-0.20336391437292356
2021-06-02,-0.029826286463609963
2021-06-03,0.2226292226292066
2021-06-04,-0.29474548440051085
2021-06-06,0.07999999999992724
2021-06-07,-0.01886792452831143
2021-06-08,0.1139601139602836
2021-06-09,0.057692307692310374
2021-06-10,-0.023053665910966026
2021-06-11,-0.09677419354839012
2021-06-14,0.038892480068694946
2021-06-15,0.18461972284919503
2021-06-16,0.9489417989414173
2021-06-17,-0.017964071856288344
2021-06-18,0.014903129657326097
2021-06-20,0.0483622610928518
2021-06-21,-0.018995630588318324
2021-06-22,0.12488687782803554
2021-06-23,0.09261856071656616
2021-06-24,0.03899698770653348
2021-06-25,-0.11363636363628138
2021-06-27,0.027397260274026003
2021-06-28,-0.00255255255267417
2021-06-29,0.1251623376625528
2021-06-30,-0.11142857142877638
2021-07-01,0.03938887562658855
2021-07-02,-0.2600871731007357
2021-07-05,0.058412055780350025
2021-07-06,0.022894385026939634
2021-07-07,-0.020995079278256723
2021-07-08,-0.0957854406130384
2021-07-09,0.12047511312219394
2021-07-12,-0.024411966202598556
2021-07-13,0.34424242424264584
2021-07-14,-0.13730285907065276
2021-07-15,-0.012141719745194401
2021-07-16,0.018759018758983448
2021-07-18,-0.031249999999972244
2021-07-19,-0.0934065934065994
2021-07-20,-0.14550264550259828
2021-07-21,0.10490807893397647
2021-07-22,-0.021442495126623662
2021-07-23,-0.13968253968274813
2021-07-26,0.11410345379823128
2021-07-27,-0.10583061427149609
2021-07-28,0.06588462156510011
2021-07-29,-0.03875968992248957
2021-07-30,-0.04383962540242692
2021-08-01,0.0
2021-08-02,-0.05169462512836598
2021-08-03,-0.0037765851720372723
2021-08-04,0.13988095238102738
2021-08-05,-0.004036210574737797
2021-08-06,0.13518099547512152
2021-08-08,0.02777134922469049
2021-08-09,0.007231638418053299
2021-08-10,0.05454545454525084
2021-08-11,-0.09561453039692591
2021-08-12,0.07055353901997696
2021-08-13,-0.14103581497357176
2021-08-16,-0.07809455223245931
2021-08-17,0.12513997760354667
2021-08-18,-0.040794856808866076
2021-08-19,0.06896551724131506
2021-08-20,0.07036114570377516
2021-08-23,-0.1398210290828995
2021-08-24,-0.15987460815045007
2021-08-25,0.06508771929822643
2021-08-26,0.028153644696612634
2021-08-27,-0.07719665474682524
2021-08-29,0.0
2021-08-30,-0.06808731808732438
2021-08-31,0.04081632653057454
2021-09-01,-0.02127659574468166
2021-09-02,-0.14527777777800976
2021-09-03,-0.014388489208640554
2021-09-05,-0.04166666666662966
2021-09-06,0.09090909090925536
2021-09-07,0.11347517730492207
2021-09-08,-0.1325042768786877
2021-09-09,0.07117936117956292
2021-09-10,0.047149894440450923
2021-09-13,-0.12588235294133365
2021-09-14,-0.026486486486462346
2021-09-15,0.933235062393728
2021-09-16,0.06159648020110109
2021-09-17,0.02350427350430917
2021-09-20,-0.062162162162215595
2021-09-21,-0.047013601419236495
2021-09-22,0.13515040464169625
2021-09-23,0.11827284105130254
2021-09-24,-0.008703577124536177
2021-09-27,0.03695264513572161
2021-09-28,-0.029280653183775263
2021-09-29,0.016197183098486834
2021-09-30,0.06658614762872683
2021-10-01,-0.07487922705309213
2021-10-03,-0.035816440741218813
2021-10-04,-0.03719433719455689
2021-10-05,0.13993336506439547
2021-10-06,-0.12811885514536003
2021-10-07,0.08539603960397213
2021-10-08,0.04565826330528089
2021-10-10,0.0
2021-10-11,0.044166983831719575
2021-10-12,0.034482758620707266
2021-10-13,0.027804546227468085
2021-10-14,0.003600654664488112
2021-10-15,0.001749781277232021
2021-10-17,0.04672507300797912
2021-10-18,-0.0428291864690884
2021-10-19,0.006419948640456585
2021-10-20,0.028958619020731935
2021-10-21,-0.025222222222216706
2021-10-22,0.0765813788200903
2021-10-24,-0.0
2021-10-25,-0.03995285941895832
2021-10-26,-0.07411685812869329
2021-10-27,-0.06838803088799628
2021-10-28,0.10102280934740171
2021-10-29,-0.021631686391379024
2021-10-31,0.04528632784539188
2021-11-01,-0.09919821299134668
2021-11-02,0.005236717305677652
2021-11-03,-0.036398759595336116
2021-11-04,0.06497193712946625
2021-11-05,0.06811248544015513
2021-11-07,-0.05555555555566083
2021-11-08,-0.0041457723981699335
2021-11-09,-0.0824409142432283
2021-11-10,-0.0033823529410781372
2021-11-11,-0.03852420642094434
2021-11-12,0.051500009219480725
2021-11-14,-0.042780748663092893
2021-11-15,0.042525142189924425
2021-11-16,0.07166590525446304
2021-11-17,0.008837640187395412
2021-11-18,-0.0790712170795429
2021-11-19,0.10453232161097548
2021-11-21,0.05253623188400858
2021-11-22,0.008230319179739709
2021-11-23,0.094792671166825
2021-11-24,0.054454706998775526
2021-11-25,0.07034748060796336
2021-11-26,-0.0703893442623279
2021-11-28,-0.0735373054213091
2021-11-29,-0.02554744525546604
2021-11-30,0.28471398329731046
2021-12-01,-0.07385557704709511
2021-12-02,-0.046479835953475046
2021-12-03,0.05134717314484938
2021-12-05,0.0008287459923661533
2021-12-06,0.058215164437086075
2021-12-07,0.07943140956099803
2021-12-08,-0.06958389397411402
2021-12-09,0.0011226944667640515
2021-12-10,0.06911803107456338
2021-12-12,0.027777777777751478
2021-12-13,-0.05764115442322615
2021-12-14,0.0018949693397618539
2021-12-15,0.8326450241343533
2021-12-16,0.07084386661851572
2021-12-17,0.0811082400229759
2021-12-19,0.03488372093022074
2021-12-20,-0.017164584464965493
2021-12-21,-0.03791707935954891
2021-12-22,0.021097971371707436
2021-12-23,0.019758454106278522
2021-12-26,-0.010638297872330726
2021-12-27,0.006511089198776299
2021-12-28,0.04057171544423188
2021-12-29,-0.010987286140307306
2021-12-30,-0.018902610391993035
2021-12-31,0.011080049733994457
2022-01-02,-0.04713958810066832
2022-01-03,0.03375945216230258
2022-01-04,-0.004446484232415671
2022-01-05,0.015695153444775345
2022-01-06,0.01561400477066388
2022-01-07,-0.02150231297188865
2022-01-09,0.0021636932567825617
2022-01-10,-0.0053142928828349145
2022-01-11,0.004442267086425367
2022-01-12,0.039336030129727195
2022-01-13,-0.037969760273532493
2022-01-14,0.017118243800852806
2022-01-16,0.0396691897953767
2022-01-17,-0.017296827466344533
2022-01-18,0.03510317419337361
2022-01-19,-0.009971172451912147
2022-01-20,0.00189884181692479
2022-01-21,-0.011118632162587239
2022-01-23,0.03030021258439497
2022-01-24,0.018135950032180048
2022-01-25,0.03668674341964673
2022-01-26,-0.05940654183313554
2022-01-27,-0.009323929360417482
2022-01-28,-0.00029907847753818384
2022-01-30,0.014799573972517965
2022-01-31,0.011391442464693147
2022-02-01,-0.010793849251442
2022-02-02,-0.05909669687664676
2022-02-03,0.022278821995300957
2022-02-04,0.04588013114854306
2022-02-06,-0.005633802816896072
2022-02-07,-0.007030716834986239
2022-02-08,-0.005206919616116634
2022-02-09,0.02134758184258767
2022-02-10,0.01875063593812465
2022-02-11,-0.0011922911413727588
2022-02-13,0.007517030772852262
2022-02-14,-0.04120161978156234
2022-02-15,-0.024489379771724273
2022-02-16,-0.015466962812781815
2022-02-17,0.0036228084892184764
2022-02-18,-0.03621244415152425
2022-02-20,0.007960954111283391
2022-02-21,-0.029094176952135786
2022-02-22,0.03276161225345442
2022-02-23,0.003891179170738668
2022-02-24,-0.09330537311958498
2022-02-25,-0.00996611768209299
2022-02-27,-0.013752546530311549
2022-02-28,0.05043001993540697
2022-03-01,0.007533215452952047
2022-03-02,-0.0008110182826406298
2022-03-03,0.005433423573286911
2022-03-04,-0.03862175110976218
2022-03-06,-0.0022814561987388737
2022-03-07,0.04541696329793732
2022-03-08,-0.05862824101074926
2022-03-09,-0.0047630240694651604
2022-03-10,0.00279285962467668
2022-03-11,-0.006898981633043366
2022-03-13,-0.004288888197027996
2022-03-14,0.01626153753303483
2022-03-15,-0.0017078633300185997
2022-03-16,0.31242619373912706
2022-03-17,-0.002347470922095418
2022-03-18,0.024465943650317623
2022-03-20,-0.0048533410448299286
2022-03-21,0.05449901055769746
2022-03-22,0.011260673124268816
2022-03-23,0.0024345387576698574
2022-03-24,0.04472480078851726
2022-03-25,0.008400961445418131
2022-03-27,-0.002076028973627575
2022-03-28,-0.019561027407768217
2022-03-29,-0.04146629929037149
2022-03-30,-0.0015420405450288222
2022-03-31,-0.010386080809385856
2022-04-01,-0.023266615937018287
2022-04-03,-0.007590892543650751
2022-04-04,0.009841704886193736
2022-04-05,-0.017506031203609718
2022-04-06,0.030560900117121426
2022-04-07,-0.003759873723363616
2022-04-08,-0.026199898500286034
2022-04-10,-0.00102905171010792
2022-04-11,0.035126931682957
2022-04-12,0.006818007126600967
2022-04-13,0.028194307877507208
2022-04-14,-0.021358484729016913
2022-04-17,-0.00218265285469621
2022-04-18,0.01080538045061552
2022-04-19,-0.025198005880691543
2022-04-20,0.00829267664740363
2022-04-21,0.026519327907739587
2022-04-22,0.04170355950157423
2022-04-24,0.00748187676724088
2022-04-25,0.021826360773733677
2022-04-26,0.03630105732667055
2022-04-27,-0.024770730199848545
2022-04-28,-0.01472554615188737
2022-04-29,0.019925414707614886
2022-05-01,0.005384753716221491
2022-05-02,-0.023423474591130256
2022-05-03,0.012414195998250666
2022-05-04,-0.011868982565705122
2022-05-05,-0.009838690157665253
2022-05-06,0.004420316360606025
2022-05-08,0.006263048016701633
2022-05-09,0.019657631326040814
2022-05-10,0.021248023821215378
2022-05-11,-0.0025972823644564436
2022-05-12,0.034634932043856925
2022-05-13,0.003664878508235714
2022-05-15,-0.0013201248747303218
2022-05-16,0.0053031328490443785
2022-05-17,-0.022697633335929224
2022-05-18,0.001774815837612409
2022-05-19,0.003090786066053064
2022-05-20,0.0009543580747064517
2022-05-22,0.0009728939462245734
2022-05-23,0.012393721840836758
2022-05-24,0.02411932971399311
2022-05-25,-0.008615057819468142
2022-05-26,-0.002894142003086353
2022-05-27,-0.015542421115167127
2022-05-29,-0.00379685788331674
2022-05-30,-0.001668016348550072
2022-05-31,0.01570370998772741
2022-06-01,-0.04275551846834702
2022-06-02,-0.0011734253667035066
2022-06-03,-0.014738521894199552
2022-06-05,-0.0
2022-06-06,-0.0035069030775818355
2022-06-07,-0.009517236481953462
2022-06-08,-0.006809718203500292
2022-06-09,-0.022419127229059033
2022-06-10,0.004068759390283727
2022-06-12,-0.0020372999238167377
2022-06-13,0.02914060370057947
2022-06-14,0.06721631340228118
2022-06-15,0.28877549303400896
2022-06-16,0.006785412237772737
2022-06-17,-0.03282394628060248
2022-06-19,0.002860941329716482
2022-06-20,-0.0024851836537815863
2022-06-21,0.025581462151361034
2022-06-22,0.025843926298201092
2022-06-23,-0.009532536881169285
2022-06-24,0.03043608708290002
2022-06-26,0.006349206349209657
2022-06-27,0.008717324014466454
2022-06-28,-0.01303416899174481
2022-06-29,-0.027894889354819097
2022-06-30,-0.010426924768757506
2022-07-01,-0.06826527231613899
2022-07-03,0.003969535652274647
2022-07-04,0.017370174671099692
2022-07-05,-0.01344535761951926
2022-07-06,0.05550492804565299
2022-07-07,-0.006825718102682954
2022-07-08,0.009947307019757767
2022-07-10,0.007949445654133802
2022-07-11,-0.02034730085706249
2022-07-12,0.004697292487052085
2022-07-13,-0.018672172976684664
2022-07-14,0.027255286727906225
2022-07-15,0.005995515206044133
2022-07-17,0.0020302265582756718
2022-07-18,0.00019640215481886436
2022-07-19,0.03362910841354538
2022-07-20,-0.024458120575665876
2022-07-21,-0.011681128342685088
2022-07-22,-0.02199063716844274
2022-07-24,-0.0014166823426424724
2022-07-25,0.3235866535880647
2022-07-26,0.026220889815782744
2022-07-27,0.026846026577297177
2022-07-28,-0.009222784282302388
2022-07-29,-0.029804509951021907
2022-07-31,0.001075568888731615
2022-08-01,0.04502814258911436
2022-08-02,0.07719928186714675
2022-08-03,0.021666666666665835
2022-08-04,-0.02446982055465019
2022-08-05,0.07357859531772548
2022-08-07,0.009345794392523699
2022-08-08,-0.29063246154700073
2022-08-09,0.028301886792449382
2022-08-10,-0.009174311926605894
2022-08-11,0.02006172839506548
2022-08-12,0.012102874432675437
2022-08-14,0.0014947683109105547
2022-08-15,-0.023880597014924954
2022-08-16,0.025993883792051475
2022-08-17,-0.19239079720419217
2022-08-18,0.0022395326192793386
2022-08-19,0.005926823249662538
2022-08-21,-0.002306633105010558
2022-08-22,-0.001798849951173409
2022-08-23,-0.010251619332343864
2022-08-24,-0.010143208061086817
2022-08-25,-0.006975063688028249
2022-08-26,0.01912942073512114
2022-08-28,0.002237576828830079
2022-08-29,-0.025201402224782843
2022-08-30,-0.001596871241856146
2022-08-31,-0.005402055066486167
2022-09-01,-0.006360787790899547
2022-09-02,0.016099080424699985
2022-09-04,0.0012458982569274468
2022-09-05,-0.0014006215257997834
2022-09-06,-0.02677326392116841
2022-09-07,-0.00963983874371166
2022-09-08,-0.00764171241739886
2022-09-09,-0.019967956325657843
2022-09-11,0.001166199705380122
2022-09-12,-0.003980472334903062
2022-09-13,-0.09484050834570046
2022-09-14,0.004533627565967535
2022-09-15,0.004230757422251541
2022-09-16,0.018357600326936785
2022-09-18,-0.005838665343901095
2022-09-19,-0.0008423684139029497
2022-09-20,0.009684620395378651
2022-09-21,0.2531925366250132
2022-09-22,-0.002307640764454
2022-09-23,0.020240224625925674
2022-09-25,-0.0077572904063452075
2022-09-26,0.04829209048125094
2022-09-27,0.030883750391863307
2022-09-28,-0.008961419476660182
2022-09-29,-0.0003529846974128503
2022-09-30,0.0010679930361918721
2022-10-02,0.0068137176832820945
2022-10-03,0.002202643171804075
2022-10-04,-0.0017243466447850464
2022-10-05,0.027822990661596547
2022-10-06,0.03528955261446676
2022-10-07,0.024974340274965368
2022-10-09,-0.004545454545456851
2022-10-10,0.004566210045664487
2022-10-11,-0.0024703557312253377
2022-10-12,-0.011018983559028972
2022-10-13,0.06140940297572928
2022-10-14,0.0062616925277835245
2022-10-16,-0.005794714920021704
2022-10-17,-0.008422892037697305
2022-10-18,-0.0018225270684874006
2022-10-19,-0.25783402687521506
2022-10-20,0.15099306886353325
2022-10-21,0.01050951324592908
2022-10-23,0.0015867742015560626
2022-10-24,-0.02594679096723762
2022-10-25,-0.003115426309089675
2022-10-26,-0.009163768447991272
2022-10-27,-0.00880148072069209
2022-10-28,-0.01442113029687131
2022-10-30,-0.0051733284551360725
2022-10-31,0.06965761511216106
2022-11-01,0.018763796909490926
2022-11-02,0.033586132177681804
2022-11-03,0.024254712933957645
2022-11-04,-0.01853759011328593
2022-11-06,0.0041972717733465
2022-11-07,0.011494252873564648
2022-11-08,-0.022727272727272596
2022-11-09,-0.020084566596194287
2022-11-10,-0.06903991370010942
2022-11-11,-0.0011587485515632823
2022-11-13,0.022041763341067
2022-11-14,0.026272156212072018
2022-11-15,-0.025028441410693825
2022-11-16,-0.09265746290359278
2022-11-17,0.014290541418660707
2022-11-18,0.002004638182457219
2022-11-20,-0.005107002737330779
2022-11-21,0.0003371898929074302
2022-11-22,-0.023739503242034332
2022-11-23,0.025451057963197687
2022-11-24,0.07752093364290813
2022-11-25,0.007290400972053801
2022-11-27,-0.00039844654438125904
2022-11-28,0.0056461364434188255
2022-11-29,0.005648386701017971
2022-11-30,-0.0395407545734332
2022-12-01,0.008441297867456843
2022-12-02,-0.010581826734947786
2022-12-04,0.003392809939203545
2022-12-05,0.005794291588321121
2022-12-06,0.003912857986199891
2022-12-07,-0.015238625588847698
2022-12-08,0.013341714465302967
2022-12-09,0.004462997320144657
2022-12-11,-0.002356912596557459
2022-12-12,-0.0007211156852030554
2022-12-13,-0.0054273853832743635
2022-12-14,-0.008599954003702837
2022-12-15,0.00485903096884166
2022-12-16,0.006883549279949497
2022-12-18,0.0029428553480810304
2022-12-19,0.0013300670699116779
2022-12-20,0.006126652512786102
2022-12-21,-0.022831314476934872
2022-12-22,0.0008916518457975364
2022-12-23,0.01392850709154625
2022-12-26,-0.0034204382436526792
2022-12-27,-0.001860091545404785
2022-12-28,0.012980460950973494
2022-12-29,-0.0045502468340160585
2022-12-30,0.10841205611343474
2023-01-02,-0.01137286324786324
2023-01-03,-0.007290400972053801
2023-01-04,-0.0024479804161544605
2023-01-05,0.03523702670536033
2023-01-06,-0.07101952892118213
2023-01-08,0.006925909778860984
2023-01-09,-0.02192168513538373
2023-01-10,0.005725061720396107
2023-01-11,-0.007712082262211095
2023-01-12,-0.03109962265021926
2023-01-13,0.0332889480692411
2023-01-15,-0.0005589714924534306
2023-01-16,0.0005592841163306606
2023-01-17,0.0035398824507174576
2023-01-18,-0.1143906445843813
2023-01-19,-0.0023510436973499527
2023-01-20,0.014984620234331225
2023-01-22,0.0025025536261453762
2023-01-23,0.02112357486606764
2023-01-24,-0.006954891507090721
2023-01-25,0.008220832045924942
2023-01-26,0.014148805891794014
2023-01-27,0.012083420731843653
2023-01-29,-0.0006061607166554239
2023-01-30,0.148743444268975
2023-01-31,-0.01307304013011823
2023-02-01,-0.03626002503679804
2023-02-02,-0.004801893350576125
2023-02-03,0.0705560982046678
2023-02-05,0.017283950617285715
2023-02-06,0.039120734977267535
2023-02-07,-0.001170960187352521
2023-02-08,-0.0028857914262376827
2023-02-09,0.018801410105757643
2023-02-10,0.019537277632797778
2023-02-12,-0.004530011325030614
2023-02-13,0.0034129692832765013
2023-02-14,0.04594442788833597
2023-02-15,-0.19789676681795998
2023-02-16,-0.015937265129085887
2023-02-17,-0.018074178158034138
2023-02-19,0.0022950675692814393
2023-02-20,0.0017429239375468253
2023-02-21,0.003996774435240491
2023-02-22,0.0024825115272604226
2023-02-23,0.014593801580634613
2023-02-24,0.03506289325330725
2023-02-26,-0.0014654772340552125
2023-02-27,-0.0019376368007505418
2023-02-28,0.004759867476033186
2023-03-01,0.005498660444213765
2023-03-02,0.016012580744692473
2023-03-03,-0.015276932122289977
2023-03-05,0.0021739130434794696
2023-03-06,-0.007072946780487088
2023-03-07,-0.02470991454862914
2023-03-08,-0.009856278228470794
2023-03-09,-0.0265561391893947
2023-03-10,0.003472524318993364
2023-03-12,0.02763021902026086
2023-03-13,0.16427403656133355
2023-03-14,-0.09285011175430458
2023-03-15,0.2445711270619374
2023-03-16,0.2107678986231758
2023-03-17,0.003752371428150547
2023-03-19,0.037190782226699914
2023-03-20,0.006480598469915666
2023-03-21,-0.05222025707596201
2023-03-22,-0.062379471077904536
2023-03-23,-0.0581935697256194
2023-03-24,-0.023421421769889372
2023-03-26,0.015062778425519951
2023-03-27,0.08287780271208356
2023-03-28,0.0409360460826933
2023-03-29,0.005102040816325593
2023-03-30,0.009673945432777442
2023-03-31,-0.021128401345134162
2023-04-02,0.022670891231556967
2023-04-03,0.07476842154261831
2023-04-04,-0.04240226151810522
2023-04-05,-0.017648946545726796
2023-04-06,0.025933294294238074
2023-04-07,0.047655544131854244
2023-04-09,-0.008158508158510713
2023-04-10,0.01614187390584787
2023-04-11,-0.0
2023-04-12,-0.01622247972189883
2023-04-13,0.005380116538204471
2023-04-14,0.03650496718567808
2023-04-16,0.0056625141562833825
2023-04-17,-0.11181608437706037
2023-04-18,0.00553882331076061
2023-04-19,-0.06125743900269509
2023-04-20,-0.019943417133567842
2023-04-21,0.01120710865374952
2023-04-23,0.0012360939431386164
2023-04-24,-0.015516940757732134
2023-04-25,-0.03654883391152486
2023-04-26,0.000573178693496712
2023-04-27,0.0341534982855094
2023-04-28,-0.031080691484563272
2023-04-30,0.014157014157012204
2023-05-01,0.15095608646303638
2023-05-02,-0.04841822821887931
2023-05-03,-0.003989102538705214
2023-05-04,0.04992849846782432
2023-05-05,-0.018998713461734873
2023-05-07,0.005903187721370884
2023-05-08,0.010547281255031127
2023-05-09,0.007760544840610395
2023-05-10,-0.006507199555629284
2023-05-11,-0.005923743458135511
2023-05-12,0.0038704613710824898
2023-05-14,0.0011587485515631712
2023-05-15,0.005450461589183941
2023-05-16,-0.006960126972012093
2023-05-17,-0.04953389643982509
2023-05-18,-0.001119988901683966
2023-05-19,0.005860505467067401
2023-05-21,0.004022856191152502
2023-05-22,-0.004554997471887701
2023-05-23,-0.0031788668600134518
2023-05-24,-0.0033794235687960583
2023-05-25,0.010822753451623202
2023-05-26,0.014088037246409169
2023-05-28,-0.0019243339346897148
2023-05-29,0.00385021538738195
2023-05-30,-0.021084843875710968
2023-05-31,-0.004464107660601568
2023-06-01,-0.00966666927027815
2023-06-02,0.019475044157041044
2023-06-04,0.0016995558268058097
2023-06-05,-0.013411769265819107
2023-06-06,0.014454293146662689
2023-06-07,0.010200196735167255
2023-06-08,0.002497619157706299
2023-06-09,0.006135896271443619
2023-06-11,0.0053418803418785465
2023-06-12,-0.012051177586512751
2023-06-13,0.018684775031668988
2023-06-14,0.0025178869434493434
2023-06-15,-0.010491561957558515
2023-06-16,0.00584177357677973
2023-06-18,0.0006954504267894235
2023-06-19,0.004281254434313375
2023-06-20,-0.014562542204615725
2023-06-21,-0.06862470936968423
2023-06-22,0.01464066506052486
2023-06-23,-0.015196169158114281
2023-06-25,-0.005402757812914216
2023-06-26,0.007655661185336893
2023-06-27,0.012636333655158816
2023-06-28,-0.010731219584595109
2023-06-29,0.022025366408685576
2023-06-30,0.011634010806212514
2023-07-02,0.005704046782501582
2023-07-03,0.06553779492212586
2023-07-04,-0.008233789957724169
2023-07-05,0.02009290913017525
2023-07-06,-0.006795714370498196
2023-07-07,-0.006230876701640686
2023-07-09,-0.001928640308583418
2023-07-10,-0.011603448674384675
2023-07-11,0.010011856622555326
2023-07-12,-0.02123778737020443
2023-07-13,0.0056170893790368215
2023-07-14,0.0107735029366538
2023-07-16,-0.001996007984032988
2023-07-17,-0.007522216913522839
2023-07-18,0.007328618761664352
2023-07-19,-0.061102032576068166
2023-07-20,0.01945945945946015
2023-07-21,0.006411909595576026
2023-07-23,0.0010570824524303024
2023-07-24,0.010093359397328694
2023-07-25,-0.001037344398339357
2023-07-26,-0.014754533841097262
2023-07-27,0.03546153341801439
2023-07-28,-0.014725442398234478
2023-07-30,0.00103305785123875
2023-07-31,0.07183260508480172
2023-08-01,-0.0057315802708600705
2023-08-02,-0.008532763365961094
2023-08-03,0.003910068426199453
2023-08-04,-0.0076880225004084535
2023-08-06,0.006916996047430235
2023-08-07,-0.005845738480608542
2023-08-08,-4.634366982270155e-05
2023-08-09,0.009005267024508656
2023-08-10,0.005022394203182401
2023-08-11,-0.00047417941720828694
2023-08-13,-0.0026383097622837415
2023-08-14,0.006941383378970434
2023-08-15,-0.00708930438238331
2023-08-16,-0.04188739616884285
2023-08-17,0.00800827996944875
2023-08-18,0.0008520419825438497
2023-08-20,-0.000834515326030072
2023-08-21,0.00141142278741202
2023-08-22,0.004194596677673745
2023-08-23,-0.006640294388224666
2023-08-24,0.003118450551491625
2023-08-25,0.005893372526685425
2023-08-27,0.0011184595737037117
2023-08-28,-0.005152698863634897
2023-08-29,-0.006244163337387421
2023-08-30,-0.004014070939297731
2023-08-31,0.0024811734292458087
2023-09-01,0.00573559365466747
2023-09-03,-0.001851851851850217
2023-09-04,0.006936608750230722
2023-09-05,0.0001845862328054837
2023-09-06,0.007552367302307461
2023-09-07,-0.010919764162405032
2023-09-08,0.00613952449355093
2023-09-10,0.0038131017522862187
2023-09-11,-0.007950393446113035
2023-09-12,0.010357832392445587
2023-09-13,-0.007623761580323518
2023-09-14,0.007668419268606397
2023-09-15,0.005415499533147239
2023-09-17,0.0007423845283867081
2023-09-18,-0.0006220563405305857
2023-09-19,0.006923361981724607
2023-09-20,-0.03156991222465855
2023-09-21,-0.013849678931509346
2023-09-22,-0.006348382996523516
2023-09-24,-0.0
2023-09-25,0.0030333670374116384
2023-09-26,0.0008503030812363477
2023-09-27,0.008536658758046434
2023-09-28,-0.0046486377598611295
2023-09-29,-0.002500137344162323
2023-10-01,0.003930003081365818
2023-10-02,0.05862914630062699
2023-10-03,-0.007312614259596284
2023-10-04,0.0018272216378579786
2023-10-05,-0.007174853813366466
2023-10-06,0.006706477595236793
2023-10-08,-0.017753523072672195
2023-10-09,-0.016065623328922696
2023-10-10,0.02333942113447418
2023-10-11,0.0030882976565814735
2023-10-12,0.016229964708476707
2023-10-13,-0.004849660523764454
2023-10-15,0.0029239766081872176
2023-10-16,-0.007669504285746087
2023-10-17,-0.004704284511047874
2023-10-18,-0.0211703214247273
2023-10-19,-0.02200418354201572
2023-10-20,0.005461646407482479
2023-10-22,0.005144032921811981
2023-10-23,-0.009303448085081434
2023-10-24,0.010341261633921794
2023-10-25,0.010235414534288001
2023-10-26,-0.02437470717843182
2023-10-27,0.003285883135739298
2023-10-29,0.005181347150257309
2023-10-30,0.05670103092783618
2023-10-31,7.352525693526957e-05
2023-11-01,-0.027027027027027084
2023-11-02,0.006140467339349476
2023-11-03,-0.027531956735496688
2023-11-05,0.0030333670374116384
2023-11-06,0.01023284129513502
2023-11-07,-0.002054340992706183
2023-11-08,0.035487093551609394
2023-11-09,0.011153915110595047
2023-11-10,-0.00346622667331431
2023-11-12,0.0009727626459135053
2023-11-13,-0.012668614520576993
2023-11-14,-0.040383653331952485
2023-11-15,0.016857065837605933
2023-11-16,-0.004451564397206176
2023-11-17,0.007139603516745696
2023-11-19,0.0010649627263066286
2023-11-20,-0.0023217297648807644
2023-11-21,-0.000426905089134233
2023-11-22,-0.0029378721093609172
2023-11-23,0.004426710081454344
2023-11-24,0.0004006028875112033
2023-11-26,-0.001695212601338536
2023-11-27,-0.0009128709011119174
2023-11-28,-0.009616258420827473
2023-11-29,-0.010773954154192245
2023-11-30,0.00357118880088958
2023-12-01,-0.010908594455900533
2023-12-03,0.004553256657721327
2023-12-04,-0.0002704530087875856
2023-12-05,0.0021154527733446837
2023-12-06,0.006043052837574336
2023-12-07,6.560409200484507e-05
2023-12-08,0.005491229650984364
2023-12-10,-0.0005532345142045259
2023-12-11,-0.0013663967611299288
2023-12-12,-0.0010142096122816024
2023-12-13,-0.012546047528112392
2023-12-14,-0.006375929971870864
2023-12-15,0.0022060302713200475
2023-12-17,0.00159121630179071
2023-12-18,0.00024390882720748408
2023-12-19,0.0028182190934362694
2023-12-20,-0.11001465221186857
2023-12-21,-0.00264900662251788
2023-12-22,-0.007968127490040167
2023-12-25,0.005820735567309221
2023-12-26,0.09004325808589375
2023-12-27,-0.017229084238454817
2023-12-28,0.0069121830694873765
2023-12-29,0.0912891186827357
2024-01-01,0.00243605359317689
2024-01-02,0.016728704593680144
2024-01-03,0.0076430167174259545
2024-01-04,-0.02182629707647965
2024-01-05,-0.006766272166824683
2024-01-07,0.01149621610258511
2024-01-08,-0.008596064525418945
2024-01-09,-0.003512880562061005
2024-01-10,-0.003525264394829697
2024-01-11,-0.030660377358489477
2024-01-12,-0.03041362530413627
2024-01-14,0.00878293601003688
2024-01-15,0.004975124378111984
2024-01-16,0.014851485148511978
2024-01-17,-0.05333447040763961
2024-01-18,0.0008092888104443974
2024-01-19,0.0119639569599852
2024-01-21,0.0050505050505076365
2024-01-22,-0.001573595677922368
2024-01-23,-0.006766272371114601
2024-01-24,0.011077943496898168
2024-01-25,0.003814755384052404
2024-01-26,0.020996957357593105
2024-01-28,-0.003464660698103139
2024-01-29,-0.0015913540792578118
2024-01-30,0.010152284263960976
2024-01-31,-0.030467627003029185
2024-02-01,0.02193180427873176
2024-02-02,0.1564323814728137
2024-02-04,-0.006810442678774287
2024-02-05,0.07859020167071518
2024-02-06,-0.009377926421403227
2024-02-07,0.005649717514125685
2024-02-08,0.009625993560148594
2024-02-09,0.0013750225333695187
2024-02-11,-0.0033222591362127574
2024-02-12,0.006960707780379938
2024-02-13,0.05019148375359661
2024-02-14,0.017894736842103964
2024-02-15,0.03958278728077169
2024-02-16,0.009006270947938377
2024-02-18,0.004232804232806364
2024-02-19,-0.0021074815595374385
2024-02-20,-0.005279831045407746
2024-02-21,-0.045953617721631645
2024-02-22,0.0005530678607612582
2024-02-23,-0.003921568627453187
2024-02-25,0.001112347052279361
2024-02-26,0.0022164112758233934
2024-02-27,0.002205071664830305
2024-02-28,-0.0012640017653149371
2024-02-29,0.0011537063360227418
2024-03-01,0.003968873821050267
2024-03-03,-0.0005552846849739002
2024-03-04,-0.005798123203503924
2024-03-05,-0.0005120798319339093
2024-03-06,0.00028750041787595215
2024-03-07,0.0025191462893123795
2024-03-08,-0.012042463413648563
2024-03-10,0.0034522439585731313
2024-03-11,-8.8655936929527e-06
2024-03-12,0.0039921469269648124
2024-03-13,0.005043866491315274
2024-03-14,0.0010370575221270162
2024-03-15,0.0009898286572458392
2024-03-17,0.001086956521741289
2024-03-18,0.0032573289902282365
2024-03-19,-0.0002120448237417083
2024-03-20,-0.05224387040085199
2024-03-21,0.015224240799088129
2024-03-22,-0.015959800056785878
2024-03-24,0.001190476190475076
2024-03-25,0.025502340090297837
2024-03-26,0.0037673558395671103
2024-03-27,0.0037510326339837974
2024-03-28,0.0072394837895181086
2024-03-31,-0.008111239860949415
2024-04-01,0.0468084656127703
2024-04-02,-0.001545249518432823
2024-04-03,-0.005996474089409953
2024-04-04,-0.004660265856343715
2024-04-05,0.030151473128868123
2024-04-07,0.0021367521367501308
2024-04-08,0.00037378790117537086
2024-04-09,-0.01545851117656194
2024-04-10,0.057140001466582824
2024-04-11,0.001483174144691235
2024-04-12,0.008598246094821294
2024-04-14,-0.0005562060889924281
2024-04-15,0.007647651973493597
2024-04-16,-0.0065779253516977665
2024-04-17,0.05084493813507607
2024-04-18,0.013690917586699936
2024-04-19,0.0006921661257759393
2024-04-21,0.0010471204188471361
2024-04-22,-0.006276150627615329
2024-04-23,-0.008534717074377363
2024-04-24,0.0042507970244412
2024-04-25,0.020574863257789566
2024-04-26,0.0010373443983422437
2024-04-28,-0.0020725388601047223
2024-04-29,0.0020707527490737565
2024-04-30,0.015045135406219323
2024-05-01,-0.024384311340833076
2024-05-02,-0.012012012012012407
2024-05-03,-0.014259921881789706
2024-05-05,-0.0
2024-05-06,0.004207264771927233
2024-05-07,0.02519038279419583
2024-05-08,0.0010256410256401782
2024-05-09,-0.0031611535329608698
2024-05-10,0.009259259259259522
2024-05-12,-0.0010193679918441
2024-05-13,-0.0
2024-05-14,-0.013200558509269267
2024-05-15,-0.033133808806276255
2024-05-16,0.0030209835887122782
2024-05-17,0.0017270882500735052
2024-05-19,0.001949317738789702
2024-05-20,0.0001993690615160748
2024-05-21,0.001427109752145328
2024-05-22,0.003819071488244674
2024-05-23,0.0032892117544125465
2024-05-24,-0.0021290316645932172
2024-05-26,0.0029658297906500763
2024-05-27,-0.0031250000000001554
2024-05-28,0.004097113450505674
2024-05-29,0.004873968280456387
2024-05-30,-0.004572030864687826
2024-05-31,-0.007475748406153171
2024-06-02,-0.0
2024-06-03,-0.004119500345689531
2024-06-04,-0.005952059208749416
2024-06-05,-0.0010971378416528843
2024-06-06,-0.0032858707557503752
2024-06-07,0.004335390636760694
2024-06-09,-0.0008659944706448375
2024-06-10,-0.0008994547068259529
2024-06-11,-0.002516518476219809
2024-06-12,-0.008999073635794441
2024-06-13,-0.007691435968897209
2024-06-14,-0.0023204529045413036
2024-06-16,0.001850961856491029
2024-06-17,0.0033832397246986723
2024-06-18,-0.0031920178414781564
2024-06-19,-0.05839096446831271
2024-06-20,0.005861664712779824
2024-06-21,-0.004662004662007058
2024-06-23,-0.00046663555762904707
2024-06-24,0.035722243696142075
2024-06-25,-0.001345813220546832
2024-06-26,0.015133876600697871
2024-06-27,-0.009641383388542812
2024-06-28,0.007634562132228573
2024-06-30,-0.003444316877152853
2024-07-01,0.05134149515104225
2024-07-02,-0.002176278563657208
2024-07-03,0.002803177723924799
2024-07-04,0.002662897863059177
2024-07-05,-0.025191675794084323
2024-07-07,0.003370786516853963
2024-07-08,0.0015871105482949677
2024-07-09,0.001585639694594354
2024-07-10,-0.0038188087152921657
2024-07-11,-0.028026905829596438
2024-07-12,-0.011286213526539912
2024-07-14,0.001870030687684765
2024-07-15,0.060284176620004404
2024-07-16,-0.024539877300614243
2024-07-17,-0.07862514843646862
2024-07-18,0.008520044639024116
2024-07-19,0.013784461152883898
2024-07-21,-0.0012360939431385054
2024-07-22,0.0032411731739216965
2024-07-23,0.05412559681242146
2024-07-24,-0.015517523555676815
2024-07-25,0.0025125628140680867
2024-07-26,-0.00751879699248148
2024-07-28,-0.0
2024-07-29,0.004577915258444865
2024-07-30,-0.011306532663317048
2024-07-31,-0.007805327880706536
2024-08-01,-0.04502582902849783
2024-08-02,0.07327092165712912
2024-08-04,-0.00756429652042534
2024-08-05,0.12117590822179425
2024-08-06,-0.014763405791447193
2024-08-07,0.014675401643409636
2024-08-08,-0.034106412005457054
2024-08-09,-0.013413956249322068
2024-08-11,-0.0026109660574424876
2024-08-12,0.05334600394571054
2024-08-13,0.029422202229219208
2024-08-14,-0.007725186515523674
2024-08-15,-0.05446626990337178
2024-08-16,0.016645326504480806
2024-08-18,-0.011718750000000444
2024-08-19,0.007381080228762937
2024-08-20,0.0242630318731355
2024-08-21,0.034574663211222156
2024-08-22,8.919364207371494e-05
2024-08-23,0.0006362691377750362
2024-08-25,0.00025476551102898704
2024-08-26,0.00032637421185088833
2024-08-27,-0.003370747830875098
2024-08-28,0.003276952627542018
2024-08-29,0.005344865717566649
2024-08-30,-0.003483703455332776
2024-09-01,0.0014513788098680092
2024-09-02,0.0003454172366643693
2024-09-03,-0.0005129668507983798
2024-09-04,-0.0005268533611013648
2024-09-05,0.006544897128575755
2024-09-06,0.016911915170680247
2024-09-08,-0.004862236628849548
2024-09-09,0.007410095381763293
2024-09-10,0.01014135465268351
2024-09-11,0.011416669774769739
2024-09-12,0.018731796677787016
2024-09-13,0.002911514529323478
2024-09-15,-0.005770792722541995
2024-09-16,0.0030770643611454096
2024-09-17,-0.003023139392590579
2024-09-18,-0.005818728702431275
2024-09-19,-0.028030559637523544
2024-09-20,0.004121989995522268
2024-09-22,0.0022217083942736027
2024-09-23,0.004554804056300266
2024-09-24,0.0202137412294624
2024-09-25,-0.018001425527250037
2024-09-26,-0.029870458821826595
2024-09-27,0.025895445043655374
2024-09-29,-0.005624446053375198
2024-09-30,-0.05315580594243485
2024-10-01,0.008303850379056121
2024-10-02,-0.017322834645671525
2024-10-03,-0.006034635733607185
2024-10-04,-0.09303987468775765
2024-10-06,-0.014974697020517569
2024-10-07,-0.003988689135131951
2024-10-08,0.003786781042909859
2024-10-09,-0.02495034854780709
2024-10-10,0.022548129211654944
2024-10-11,0.007060267498681272
2024-10-13,-0.003285170092386158
2024-10-14,0.16562589668784877
2024-10-15,0.0043593922285514175
2024-10-16,-0.07452055190767137
2024-10-17,0.015912105747773353
2024-10-18,-0.01092092448824844
2024-10-20,0.005780346820812188
2024-10-21,0.05644077861276142
2024-10-22,0.007916230681793479
2024-10-23,0.005641822673517982
2024-10-24,-0.009028379964722943
2024-10-25,0.025381337604502452
2024-10-27,-0.006839945280439297
2024-10-28,0.0013586956521765003
2024-10-29,0.015982600330426755
2024-10-30,-0.028547796289729144
2024-10-31,0.008873677274750191
2024-11-01,-0.006395578726233642
2024-11-03,0.013262599469495262
2024-11-04,-0.03414094364108222
2024-11-05,0.014075547965591628
2024-11-06,-0.03029270736021572
2024-11-07,0.015487662047617423
2024-11-08,-0.020160975389177604
2024-11-10,-0.0037453183520601563
2024-11-11,-0.002487562189056103
2024-11-12,-0.017742803102605675
2024-11-13,0.026811534330333786
2024-11-14,-0.021795475569196032
2024-11-15,0.009815950920246896
2024-11-17,-0.0012391573729888528
2024-11-18,0.004413149536342975
2024-11-19,-0.006218905472638259
2024-11-20,0.0459991955812985
2024-11-21,-0.0006765076774719603
2024-11-22,-0.005303674856077967
2024-11-24,0.0005429571525974453
2024-11-25,0.00983805454449338
2024-11-26,-0.00829185929055698
2024-11-27,0.0017351463198369554
2024-11-28,-0.002361275088545778
2024-11-29,0.0008539402601338564
2024-12-01,-0.0001892728108114916
2024-12-02,0.031871881304146976
2024-12-03,0.00913393951512731
2024-12-04,0.0009271779022633764
2024-12-05,-0.0028191196157190124
2024-12-06,-0.006250009780314536
2024-12-08,-0.001112610600696562
2024-12-09,-0.002843954830551443
2024-12-10,0.004751087950477184
2024-12-11,-0.001302083333332149
2024-12-12,-0.008155416321862896
2024-12-13,0.0041199173225761054
2024-12-15,0.003797468354430511
2024-12-16,-0.005065914660431936
2024-12-17,0.0008238533811546489
2024-12-18,-0.02052473402801791
2024-12-19,0.013366321952543725
2024-12-20,0.005550498371203472
2024-12-22,0.0005757052389171458
2024-12-23,0.013689380304137355
2024-12-24,0.0013299791003307249
2024-12-25,-0.0006687379662957404
2024-12-26,0.0013337240635006298
2024-12-27,-0.0072729382179200774
2024-12-29,9.303310833619349e-05
2024-12-30,-0.001377749536712658
2024-12-31,-0.008627120896200324
2025-01-12,-0.041509433962265696
2025-01-13,0.07092887816701399
2025-01-14,0.01475815520462953
2025-01-15,0.040237270686776294
2025-01-16,0.020418307189380203
2025-01-17,0.011363636363636909
2025-01-19,0.0024968789013746218
2025-01-20,-0.0161892901618923
2025-01-21,0.014304460974765787
2025-01-22,0.00173300179118685
2025-01-23,-0.0031790154434263584
2025-01-24,-0.0036758160778614934
2025-01-26,-0.00252206809583988
2025-01-27,0.011303457519236115
2025-01-28,0.007573812580234929
2025-01-29,0.010064815855530096
2025-01-30,-0.002439158282675935
2025-01-31,-0.014187861134793645
2025-02-02,-0.0176322418136039
2025-02-03,0.0013164989731905274
2025-02-04,0.02804466890234536
2025-02-05,0.0026660268593039493
2025-02-06,-0.0037641154328733606
2025-02-07,-0.024143518518517704
2025-02-09,0.0
2025-02-10,0.027255824112390914
2025-02-11,-0.008698814211281936
2025-02-12,-0.017650537937251354
2025-02-13,0.03584530943264963
2025-02-14,-0.0010181798859776325
2025-02-16,-0.0012285012285001562
2025-02-17,-0.002369668246443357
2025-02-18,0.00160265507980073
2025-02-19,-0.008429855030053113
2025-02-20,0.004826227672524164
2025-02-21,0.0013027368844823473
2025-02-23,-0.002273373117364308
2025-02-24,-0.005526186378164821
2025-02-25,-0.004869566847576667
2025-02-26,-0.006189630243006117
2025-02-27,0.004235101004429365
2025-02-28,0.0033878686989532447
2025-03-02,-0.004230858130578996
2025-03-03,0.004177564661433708
2025-03-04,-0.007308823285413268
2025-03-05,0.0021370989557960574
2025-03-06,0.013933638972986828
2025-03-07,-0.01402716256393477
2025-03-09,-0.0012445027454704993
2025-03-10,0.011943729627720612
2025-03-11,-0.007934831782893781
2025-03-12,-0.009450785208479529
2025-03-13,0.00032922883576180784
2025-03-14,0.0095869343683328
2025-03-16,-0.0017974044819705215
2025-03-17,-0.010637731327389321
2025-03-18,-0.0029507417795402446
2025-03-19,-0.05949794216666904
2025-03-20,0.05627011904293466
2025-03-21,-0.007002801120445823
2025-03-23,0.008462623413258319
2025-03-24,0.016338229965382922
2025-03-25,-0.013794102360924598
2025-03-26,-0.006651912901910695
2025-03-27,0.0005793742757815856
2025-03-28,-0.03154481792268904
2025-03-30,-0.01767372723894467
2025-03-31,0.09097188752018748
2025-04-01,-0.0004986655429137787
2025-04-02,0.04179437905356831
2025-04-03,-0.0007568206280073042
2025-04-04,0.016858423866856542
2025-04-06,-0.08144645658565208
2025-04-07,0.13629386286466483
2025-04-08,0.026598103689824404
2025-04-09,0.016521294271206965
2025-04-10,0.013386304254178305
2025-04-11,0.008231631247647364
2025-04-13,-0.010534742235028705
2025-04-14,-0.0076068233493046256
2025-04-15,-0.008304486300439673
2025-04-16,-0.06685878962536174
2025-04-17,0.0032746819591886744
2025-04-20,-0.009132420091324533
2025-04-21,0.06303630929264203
2025-04-22,0.03833150584877254
2025-04-23,0.004444444444444584
2025-04-24,0.01190476190476375
2025-04-25,-0.03880325737813872
2025-04-27,0.007692307692309441
2025-04-28,-0.020792650452692185
2025-04-29,-0.02340093603744242
2025-04-30,0.03748278885566292
2025-05-01,0.03001407963848235
2025-05-02,0.05716858265424807
2025-05-04,0.010432190760062854
2025-05-05,-0.07796129700568533
2025-05-06,0.1063901615625732
2025-05-07,-0.017168308776311147
2025-05-08,-0.0012710501885329073
2025-05-09,0.00438017926601697
2025-05-11,0.007586896430039292
2025-05-12,-0.008000652299433364
2025-05-13,-0.008675811980172421
2025-05-14,0.01049868766403983
2025-05-15,-0.018369582224998737
2025-05-16,0.002766107899004666
2025-05-18,-0.003911342894393877
2025-05-19,-0.003926701570677094
2025-05-20,-0.002698382237339869
2025-05-21,-0.00864321735223883
2025-05-22,-0.0068318281248922474
2025-05-23,-0.009732360097321813
2025-05-25,-3.005761042595978e-05
2025-05-26,-0.0020113239844578024
2025-05-27,0.005294159724417602
2025-05-28,0.0027838474976905614
2025-05-29,-0.0016430307974653058
2025-05-30,0.005363896835607451
2025-06-01,-0.001052508074985914
2025-06-02,0.0018780078680608048
2025-06-03,0.005555555555558422
2025-06-04,-0.007036080298792102
2025-06-05,0.002033940344928764
2025-06-06,0.005396355580178369
2025-06-08,-0.0016276677474403867
2025-06-09,-0.009095149743019615
2025-06-10,0.005215609282970268
2025-06-11,0.00048326583272295665
2025-06-12,0.007716729188862126
2025-06-13,0.00034618466370917034
2025-06-15,0.0006105006104968336
2025-06-16,-0.0050814894060895455
2025-06-17,-0.009108845719758563
2025-06-18,-0.054049210672138304
2025-06-19,-0.009222234409953067
2025-06-20,0.05093306406696396
2025-06-22,0.003808264161270336
2025-06-23,-0.022412095817452404
2025-06-24,-0.015790678619624243
2025-06-25,0.045827138837221226
2025-06-26,-0.015810283653021173
2025-06-27,0.005829635195104155
2025-06-29,-0.0003949860948768702
2025-06-30,0.058030450194077154
2025-07-01,0.015260989080785992
2025-07-02,-0.004047093757953868
2025-07-03,-0.015583126574386874
2025-07-04,0.006531791507980111
2025-07-06,-0.008904494382021455
2025-07-07,0.010418682821712322
2025-07-08,0.0011627764934296625
2025-07-09,-0.015235457063709879
2025-07-10,0.007293343193118695
2025-07-11,0.005005406062470685
2025-07-13,-0.0027739251040236335
2025-07-14,0.0037063292172179185
2025-07-15,0.020482491946865355
2025-07-16,-0.08696117281538951
2025-07-17,-0.0008907280301924114
2025-07-18,-0.0005773672055422452
2025-07-20,0.0029411764705855603
2025-07-21,-0.004976527730482849
2025-07-22,-0.006785735568285212
2025-07-23,0.013353115727003484
2025-07-24,0.04088856473644409
2025-07-25,0.005185988009795195
2025-07-27,0.004876028951421585
2025-07-28,-0.002925591784054604
2025-07-29,-0.012893982808023452
2025-07-30,0.027671751382164267
2025-07-31,-0.033041949990614494
2025-08-01,0.03489783247428346
2025-08-03,-0.009244992295840082
2025-08-04,0.07814862003454848
2025-08-05,-0.018813314037625872
2025-08-06,0.005940157677878144
2025-08-07,0.007692859380721506
2025-08-08,-0.015691868758917815
2025-08-10,0.0014044943820211708
2025-08-11,-0.0014064697608988652
2025-08-12,0.01404494382022392
2025-08-13,0.01799104788077821
2025-08-14,-0.023154848046309295
2025-08-15,0.0015239464099159328
2025-08-17,-0.0013986013986000412
2025-08-18,-0.0047699905377902585
2025-08-19,0.019743535959760528
2025-08-20,0.05067133584348793
2025-08-21,-0.015836747557516073
2025-08-22,0.009331409331405194
2025-08-24,0.0004044284919870744
2025-08-25,0.0003245076760796106
2025-08-26,-0.0072455736401687565
2025-08-27,-0.003460977713692026
2025-08-28,-0.005087881591121057
2025-08-29,0.004169595844613183
2025-08-31,0.0004338998591837395
2025-09-01,0.004263162697327072
2025-09-02,0.0017087115178057166
2025-09-03,0.0001828942798428601
2025-09-04,0.00459798673046663
2025-09-05,0.012546669235339203
2025-09-07,-0.0059561598419943795
2025-09-08,0.0007203217028292075
2025-09-09,0.0033775843734034083
2025-09-10,-0.0034536891679750603
2025-09-11,-0.018105263240364766
2025-09-12,0.002326833650922122
2025-09-14,0.0023498514064606013
2025-09-15,0.007986712206988433
2025-09-16,0.00641021664945296
2025-09-17,-0.018512565239055756
2025-09-18,-0.00993377483443747
2025-09-19,0.043932541925754576
2025-09-21,0.001631321370308525
2025-09-22,-0.0023968228275514925
2025-09-23,-0.003843471677057231
2025-09-24,0.016966593082245796
2025-09-25,0.01881689126933983
2025-09-26,0.009290154106863069
2025-09-28,-0.004077932534537809
2025-09-29,0.03964745752196219
2025-09-30,-0.006116011100903207
2025-10-01,0.028509585652446212
2025-10-02,-0.0027960224916385723
2025-10-03,-0.01367853800646146
2025-10-05,0.0009184330848431843
2025-10-06,-0.004615384615384688
2025-10-07,0.002765961469379019
2025-10-08,-0.01841338169000073
2025-10-09,-0.0024353881429317603
2025-10-10,0.034722398714573166
2025-10-12,-0.010687208990519892
2025-10-13,0.01092043681747168
2025-10-14,-0.03980690177156154
2025-10-15,0.0785461020633107
2025-10-16,-0.012067187806083957
2025-10-17,0.02248093489620384
2025-10-19,-0.0
2025-10-20,0.0033557046979835192
2025-10-21,0.0041155405478067175
2025-10-22,-0.002071311373576523
2025-10-23,0.023125878703974978
2025-10-24,0.0019132653061243454
2025-10-26,-0.00493421052631593
2025-10-27,-0.0029146164826958643
2025-10-28,0.003239507122161478
2025-10-29,-0.045204812138620376
2025-10-30,-0.009802943476942438
2025-10-31,0.004391454989312038
